customer_id,plan_type,industry_vertical,region,acquisition_channel,contract_type,tenure_months,monthly_revenue,annual_revenue,support_tickets_last_90d,nps_score,login_frequency_per_month,cac_inr,signup_date,churn_date,churned,arr_loss_inr
RIQ-00001,Basic,Healthcare,Hyderabad,Social Media,Annual,2,820.0,9840.0,1.0,50.0,10,2800.0,2022-01-26,2022-04-04,1,9840.0
RIQ-00002,Enterprise,Healthcare,Mumbai,Organic Search,Annual,6,8380.0,100560.0,0.0,27.0,25,21200.0,2023-07-13,,0,0.0
RIQ-00003,Basic,E-commerce,Delhi,Social Media,Monthly,13,610.0,7320.0,1.0,35.0,6,2100.0,2023-06-02,2024-06-30,1,7320.0
RIQ-00004,Basic,Healthcare,Chennai,Email Campaign,Monthly,3,770.0,9240.0,0.0,34.0,13,3800.0,2022-08-14,2022-11-11,1,9240.0
RIQ-00005,Basic,Healthcare,Delhi,Referral,Monthly,3,900.0,10800.0,2.0,58.0,6,2800.0,2023-03-09,2023-06-02,1,10800.0
RIQ-00006,Basic,Edtech,Delhi,Paid Search,Annual,15,550.0,6600.0,1.0,24.0,6,3100.0,2023-01-25,2024-04-07,1,6600.0
RIQ-00007,Enterprise,Fintech,Mumbai,Organic Search,Annual,48,5220.0,62640.0,3.0,59.0,20,35100.0,2023-04-16,,0,0.0
RIQ-00008,Basic,E-commerce,Delhi,Paid Search,Monthly,11,780.0,9360.0,3.0,62.0,9,4700.0,2023-10-06,2024-09-04,1,9360.0
RIQ-00009,Basic,Edtech,Bengaluru,Organic Search,Monthly,1,530.0,6360.0,0.0,19.0,10,2700.0,2023-11-09,,0,0.0
RIQ-00010,Basic,Edtech,Hyderabad,Paid Search,Annual,1,620.0,7440.0,1.0,61.0,7,2800.0,2022-04-14,2022-05-11,1,7440.0
RIQ-00011,Enterprise,Edtech,Pune,Email Campaign,Annual,11,6850.0,82200.0,0.0,67.0,16,47300.0,2022-08-03,,0,0.0
RIQ-00012,Basic,Edtech,Delhi,Paid Search,Monthly,2,530.0,6360.0,2.0,78.0,6,2500.0,2023-10-13,,0,0.0
RIQ-00013,Enterprise,E-commerce,Bengaluru,Paid Search,Monthly,10,6900.0,82800.0,0.0,76.0,31,33000.0,2023-10-18,,0,0.0
RIQ-00014,Enterprise,E-commerce,Mumbai,Social Media,Annual,60,8840.0,106080.0,0.0,95.0,25,32600.0,2022-02-27,,0,0.0
RIQ-00015,Basic,Fintech,Hyderabad,Social Media,Monthly,1,630.0,7560.0,2.0,46.0,3,4800.0,2022-08-05,2022-09-18,1,7560.0
RIQ-00016,Basic,E-commerce,Hyderabad,Organic Search,Annual,10,830.0,9960.0,2.0,30.0,4,4700.0,2023-02-10,,0,0.0
RIQ-00017,Basic,Fintech,Pune,Social Media,Monthly,7,570.0,6840.0,1.0,19.0,10,2800.0,2023-07-29,2024-02-26,1,6840.0
RIQ-00018,Enterprise,Healthcare,Pune,Referral,Monthly,3,7000.0,84000.0,0.0,79.0,25,39700.0,2022-08-13,,0,0.0
RIQ-00019,Pro,E-commerce,Mumbai,Social Media,Monthly,19,2250.0,27000.0,1.0,44.0,17,7400.0,2022-04-23,,0,0.0
RIQ-00020,Pro,Healthcare,Hyderabad,Social Media,Annual,2,2100.0,25200.0,0.0,45.0,10,15000.0,2023-01-30,,0,0.0
RIQ-00021,Enterprise,Fintech,Pune,Social Media,Monthly,25,9850.0,118200.0,1.0,57.0,25,55400.0,2022-01-12,,0,0.0
RIQ-00022,Basic,Healthcare,Chennai,Direct,Annual,4,870.0,10440.0,0.0,42.0,8,3000.0,2023-10-19,,0,0.0
RIQ-00023,Pro,E-commerce,Delhi,Email Campaign,Annual,7,1500.0,18000.0,0.0,74.0,14,12900.0,2022-09-27,,0,0.0
RIQ-00024,Basic,Fintech,Chennai,Organic Search,Annual,6,550.0,6600.0,4.0,61.0,3,2900.0,2023-10-03,,0,0.0
RIQ-00025,Enterprise,Edtech,Bengaluru,Email Campaign,Annual,30,5760.0,69120.0,3.0,61.0,21,41200.0,2022-06-15,,0,0.0
RIQ-00026,Basic,Edtech,Delhi,Social Media,Monthly,1,500.0,6000.0,0.0,36.0,10,2100.0,2022-11-28,2022-12-28,1,6000.0
RIQ-00027,Pro,E-commerce,Hyderabad,Organic Search,Annual,1,2330.0,27960.0,1.0,86.0,17,8200.0,2022-11-11,,0,0.0
RIQ-00028,Basic,Fintech,Delhi,Social Media,Monthly,1,540.0,6480.0,0.0,31.0,12,2200.0,2023-05-13,2023-06-23,1,6480.0
RIQ-00029,Basic,Edtech,Hyderabad,Referral,Annual,3,560.0,6720.0,4.0,31.0,1,3600.0,2023-05-02,2023-08-15,1,6720.0
RIQ-00030,Basic,E-commerce,Mumbai,Email Campaign,Monthly,10,710.0,8520.0,1.0,0.0,1,3600.0,2022-08-05,2023-06-15,1,8520.0
RIQ-00031,Basic,Fintech,Hyderabad,Organic Search,Monthly,4,650.0,7800.0,4.0,48.0,3,3100.0,2023-11-19,2024-03-23,1,7800.0
RIQ-00032,Enterprise,Fintech,Delhi,Referral,Monthly,18,6240.0,74880.0,2.0,80.0,19,29200.0,2022-03-07,,0,0.0
RIQ-00033,Pro,E-commerce,Pune,Paid Search,Monthly,3,1720.0,20640.0,3.0,50.0,17,6500.0,2022-03-14,,0,0.0
RIQ-00034,Pro,Healthcare,Delhi,Paid Search,Annual,24,1530.0,18360.0,0.0,89.0,12,8100.0,2022-12-05,,0,0.0
RIQ-00035,Enterprise,Edtech,Pune,Paid Search,Annual,60,6070.0,72840.0,1.0,80.0,21,43000.0,2022-05-16,,0,0.0
RIQ-00036,Pro,Edtech,Delhi,Paid Search,Annual,18,1740.0,20880.0,3.0,49.0,13,7700.0,2023-04-30,,0,0.0
RIQ-00037,Enterprise,Edtech,Mumbai,Organic Search,Monthly,41,7150.0,85800.0,1.0,79.0,19,22200.0,2023-03-10,,0,0.0
RIQ-00038,Pro,E-commerce,Mumbai,Direct,Monthly,8,2150.0,25800.0,1.0,50.0,19,9600.0,2023-10-24,,0,0.0
RIQ-00039,Pro,Edtech,Chennai,Organic Search,Monthly,11,2360.0,28320.0,0.0,49.0,13,10000.0,2022-09-12,2023-07-30,1,28320.0
RIQ-00040,Pro,Fintech,Bengaluru,Direct,Annual,8,1780.0,21360.0,0.0,55.0,15,10000.0,2022-09-13,2023-05-23,1,21360.0
RIQ-00041,Enterprise,E-commerce,Pune,Social Media,Annual,60,7750.0,93000.0,0.0,83.0,22,20600.0,2022-02-21,,0,0.0
RIQ-00042,Pro,Edtech,Hyderabad,Social Media,Annual,38,1590.0,19080.0,0.0,60.0,17,10400.0,2022-08-31,,0,0.0
RIQ-00043,Basic,Edtech,Delhi,Social Media,Monthly,1,700.0,8400.0,4.0,55.0,9,3100.0,2022-03-02,2022-03-22,1,8400.0
RIQ-00044,Pro,Healthcare,Hyderabad,Referral,Annual,9,2280.0,27360.0,2.0,60.0,12,12300.0,2023-04-11,,0,0.0
RIQ-00045,Basic,Fintech,Delhi,Direct,Annual,15,890.0,10680.0,3.0,45.0,6,4200.0,2023-11-09,,0,0.0
RIQ-00046,Pro,E-commerce,Bengaluru,Organic Search,Monthly,50,2470.0,29640.0,1.0,81.0,20,6500.0,2023-08-17,,0,0.0
RIQ-00047,Pro,Edtech,Pune,Social Media,Monthly,31,1550.0,18600.0,1.0,57.0,17,10800.0,2023-05-04,2025-11-20,1,18600.0
RIQ-00048,Pro,Fintech,Hyderabad,Paid Search,Monthly,3,2010.0,24120.0,0.0,81.0,6,6600.0,2022-07-10,,0,0.0
RIQ-00049,Enterprise,Edtech,Bengaluru,Email Campaign,Annual,15,7020.0,84240.0,3.0,74.0,25,44800.0,2023-08-07,,0,0.0
RIQ-00050,Enterprise,Edtech,Delhi,Referral,Annual,8,7100.0,85200.0,0.0,55.0,23,30400.0,2023-08-21,,0,0.0
RIQ-00051,Basic,Fintech,Mumbai,Organic Search,Monthly,1,830.0,9960.0,1.0,43.0,1,2800.0,2022-11-18,2022-12-10,1,9960.0
RIQ-00052,Basic,Fintech,Mumbai,Email Campaign,Annual,8,730.0,8760.0,0.0,42.0,5,2000.0,2022-03-16,,0,0.0
RIQ-00053,Basic,E-commerce,Delhi,Social Media,Monthly,8,550.0,6600.0,2.0,55.0,7,3500.0,2023-07-05,2024-02-21,1,6600.0
RIQ-00054,Basic,Edtech,Bengaluru,Paid Search,Monthly,3,530.0,6360.0,1.0,25.0,3,2900.0,2022-09-08,2022-12-03,1,6360.0
RIQ-00055,Enterprise,Fintech,Hyderabad,Email Campaign,Annual,20,6510.0,78120.0,0.0,100.0,26,42200.0,2023-11-01,,0,0.0
RIQ-00056,Basic,E-commerce,Delhi,Referral,Monthly,7,960.0,11520.0,3.0,33.0,4,4600.0,2022-04-17,2022-11-28,1,11520.0
RIQ-00057,Basic,Healthcare,Mumbai,Social Media,Annual,5,870.0,10440.0,1.0,,5,2800.0,2022-06-09,,0,0.0
RIQ-00058,Basic,E-commerce,Hyderabad,Direct,Monthly,7,600.0,7200.0,2.0,34.0,1,2800.0,2023-10-12,2024-05-21,1,7200.0
RIQ-00059,Basic,E-commerce,Bengaluru,Paid Search,Monthly,7,920.0,11040.0,1.0,33.0,6,3300.0,2022-04-05,2022-11-06,1,11040.0
RIQ-00060,Basic,Healthcare,Delhi,Email Campaign,Annual,3,880.0,10560.0,4.0,55.0,5,4900.0,2023-10-15,,0,0.0
RIQ-00061,Basic,Fintech,Chennai,Organic Search,Monthly,1,850.0,10200.0,3.0,34.0,8,2300.0,2023-07-29,2023-08-13,1,10200.0
RIQ-00062,Pro,Fintech,Bengaluru,Paid Search,Annual,34,1650.0,19800.0,1.0,25.0,9,11200.0,2022-02-06,,0,0.0
RIQ-00063,Pro,Edtech,Delhi,Email Campaign,Monthly,8,1630.0,19560.0,2.0,35.0,18,14400.0,2022-11-12,,0,0.0
RIQ-00064,Pro,Edtech,Pune,Email Campaign,Monthly,3,1540.0,18480.0,0.0,76.0,10,8200.0,2023-01-02,,0,0.0
RIQ-00065,Pro,Healthcare,Delhi,Email Campaign,Monthly,2,2280.0,27360.0,1.0,85.0,12,14300.0,2023-02-21,2023-04-26,1,27360.0
RIQ-00066,Pro,Fintech,Hyderabad,Referral,Annual,13,1660.0,19920.0,0.0,42.0,11,6200.0,2022-07-01,,0,0.0
RIQ-00067,Basic,Edtech,Chennai,Organic Search,Annual,8,670.0,8040.0,2.0,77.0,8,4400.0,2023-02-26,,0,0.0
RIQ-00068,Basic,Fintech,Bengaluru,Social Media,Monthly,11,630.0,7560.0,3.0,46.0,10,4600.0,2022-04-21,2023-03-14,1,7560.0
RIQ-00069,Basic,Edtech,Pune,Organic Search,Monthly,4,910.0,10920.0,3.0,67.0,2,2900.0,2023-04-17,2023-08-11,1,10920.0
RIQ-00070,Basic,E-commerce,Mumbai,Social Media,Monthly,5,510.0,6120.0,3.0,40.0,1,3200.0,2022-07-17,,0,0.0
RIQ-00071,Basic,Fintech,Mumbai,Referral,Monthly,2,890.0,10680.0,2.0,44.0,3,3500.0,2022-12-26,2023-03-01,1,10680.0
RIQ-00072,Pro,Edtech,Bengaluru,Social Media,Annual,9,1830.0,21960.0,1.0,67.0,12,14700.0,2022-01-29,,0,0.0
RIQ-00073,Basic,Fintech,Delhi,Organic Search,Monthly,2,980.0,11760.0,2.0,32.0,3,2300.0,2022-09-29,2022-11-14,1,11760.0
RIQ-00074,Basic,Fintech,Mumbai,Referral,Annual,3,660.0,7920.0,0.0,59.0,2,5000.0,2023-09-13,,0,0.0
RIQ-00075,Basic,Fintech,Mumbai,Paid Search,Annual,19,590.0,7080.0,0.0,14.0,13,4100.0,2022-02-15,,0,0.0
RIQ-00076,Basic,E-commerce,Delhi,Social Media,Annual,3,770.0,9240.0,3.0,48.0,5,3100.0,2023-11-18,2024-02-07,1,9240.0
RIQ-00077,Pro,Edtech,Pune,Email Campaign,Annual,9,1830.0,21960.0,0.0,67.0,7,7100.0,2022-11-18,,0,0.0
RIQ-00078,Basic,Healthcare,Chennai,Social Media,Monthly,2,750.0,9000.0,1.0,15.0,8,3000.0,2023-11-14,2024-01-11,1,9000.0
RIQ-00079,Pro,E-commerce,Mumbai,Organic Search,Annual,37,1690.0,20280.0,2.0,43.0,16,12100.0,2023-11-12,,0,0.0
RIQ-00080,Basic,Edtech,Mumbai,Organic Search,Monthly,11,810.0,9720.0,0.0,19.0,8,3600.0,2022-11-05,2023-09-28,1,9720.0
RIQ-00081,Basic,Fintech,Delhi,Social Media,Monthly,6,710.0,8520.0,3.0,34.0,6,4000.0,2023-08-17,2024-02-17,1,8520.0
RIQ-00082,Basic,Fintech,Mumbai,Organic Search,Monthly,11,610.0,7320.0,3.0,53.0,8,4700.0,2023-04-30,2024-04-04,1,7320.0
RIQ-00083,Pro,Edtech,Mumbai,Direct,Annual,3,1580.0,18960.0,2.0,81.0,14,11600.0,2023-06-12,,0,0.0
RIQ-00084,Pro,Fintech,Pune,Paid Search,Monthly,11,2450.0,29400.0,0.0,76.0,14,8000.0,2022-08-29,,0,0.0
RIQ-00085,Basic,Healthcare,Chennai,Direct,Monthly,6,510.0,6120.0,4.0,19.0,8,3800.0,2022-09-08,2023-03-07,1,6120.0
RIQ-00086,Pro,Edtech,Hyderabad,Organic Search,Annual,7,2390.0,28680.0,2.0,77.0,15,12300.0,2023-08-13,,0,0.0
RIQ-00087,Basic,Healthcare,Mumbai,Email Campaign,Annual,7,620.0,7440.0,5.0,86.0,4,4100.0,2023-11-03,,0,0.0
RIQ-00088,Pro,Edtech,Bengaluru,Referral,Monthly,5,2380.0,28560.0,0.0,37.0,10,14600.0,2023-03-12,2023-08-01,1,28560.0
RIQ-00089,Basic,E-commerce,Chennai,Social Media,Annual,4,520.0,6240.0,3.0,42.0,2,4800.0,2022-09-13,,0,0.0
RIQ-00090,Basic,Fintech,Mumbai,Direct,Monthly,3,730.0,8760.0,4.0,35.0,3,3800.0,2023-06-28,2023-09-28,1,8760.0
RIQ-00091,Basic,E-commerce,Chennai,Email Campaign,Monthly,22,810.0,9720.0,2.0,59.0,10,3300.0,2023-06-01,,0,0.0
RIQ-00092,Basic,E-commerce,Bengaluru,Social Media,Monthly,7,580.0,6960.0,0.0,38.0,8,3400.0,2023-05-02,,0,0.0
RIQ-00093,Enterprise,Healthcare,Pune,Referral,Annual,23,6390.0,76680.0,0.0,43.0,16,37600.0,2023-06-18,,0,0.0
RIQ-00094,Basic,E-commerce,Delhi,Referral,Monthly,1,860.0,10320.0,3.0,36.0,10,3000.0,2022-08-29,2022-09-21,1,10320.0
RIQ-00095,Basic,Healthcare,Pune,Referral,Monthly,16,570.0,6840.0,6.0,41.0,6,4100.0,2023-01-28,,0,0.0
RIQ-00096,Basic,Healthcare,Pune,Social Media,Monthly,1,700.0,8400.0,3.0,58.0,1,3200.0,2023-07-10,2023-08-08,1,8400.0
RIQ-00097,Basic,Fintech,Bengaluru,Direct,Monthly,4,950.0,11400.0,2.0,48.0,7,4100.0,2023-08-22,2024-01-04,1,11400.0
RIQ-00098,Pro,E-commerce,Bengaluru,Paid Search,Monthly,16,1880.0,22560.0,0.0,68.0,11,12800.0,2022-01-07,2023-05-17,1,22560.0
RIQ-00099,Basic,Edtech,Pune,Referral,Annual,5,980.0,11760.0,2.0,22.0,5,3600.0,2023-03-06,,0,0.0
RIQ-00100,Basic,E-commerce,Hyderabad,Referral,Monthly,3,950.0,11400.0,2.0,42.0,8,2800.0,2023-05-15,2023-08-05,1,11400.0
RIQ-00101,Basic,Healthcare,Delhi,Email Campaign,Annual,3,830.0,9960.0,1.0,22.0,11,4200.0,2023-02-19,,0,0.0
RIQ-00102,Enterprise,E-commerce,Pune,Email Campaign,Annual,42,9900.0,118800.0,,97.0,23,42600.0,2023-07-01,,0,0.0
RIQ-00103,basic,Fintech,Bengaluru,Paid Search,Annual,6,510.0,6120.0,0.0,16.0,8,2400.0,2023-10-21,2024-04-16,1,6120.0
RIQ-00104,Basic,E-commerce,Mumbai,Social Media,Monthly,6,690.0,8280.0,2.0,51.0,7,3000.0,2022-08-05,2023-01-31,1,8280.0
RIQ-00105,Basic,E-commerce,Chennai,Organic Search,Monthly,6,880.0,10560.0,3.0,48.0,1,4500.0,2023-03-08,2023-08-28,1,10560.0
RIQ-00106,Basic,E-commerce,Delhi,Organic Search,Monthly,7,530.0,6360.0,2.0,70.0,9,2700.0,2022-12-25,,0,0.0
RIQ-00107,Basic,Edtech,Hyderabad,Email Campaign,Annual,11,520.0,6240.0,3.0,47.0,9,4800.0,2022-02-01,,0,0.0
RIQ-00108,Pro,Edtech,Hyderabad,Organic Search,Annual,1,1650.0,19800.0,0.0,43.0,11,7000.0,2022-05-10,,0,0.0
RIQ-00109,Basic,Fintech,Hyderabad,Paid Search,Monthly,45,730.0,8760.0,2.0,35.0,6,3100.0,2022-09-20,2026-06-10,1,8760.0
RIQ-00110,Basic,Healthcare,Hyderabad,Referral,Monthly,5,860.0,10320.0,1.0,49.0,10,4900.0,2022-06-17,,0,0.0
RIQ-00111,Basic,Healthcare,Chennai,Social Media,Annual,3,650.0,7800.0,2.0,71.0,11,4900.0,2023-11-25,2024-03-08,1,7800.0
RIQ-00112,Pro,Healthcare,Mumbai,Paid Search,Monthly,57,1570.0,18840.0,0.0,61.0,18,12300.0,2023-10-05,,0,0.0
RIQ-00113,Basic,Edtech,Delhi,Social Media,Annual,2,840.0,10080.0,2.0,21.0,10,5000.0,2022-05-04,2022-07-13,1,10080.0
RIQ-00114,Enterprise,Edtech,Delhi,Organic Search,Annual,6,7140.0,85680.0,1.0,70.0,26,20500.0,2023-01-15,,0,0.0
RIQ-00115,Pro,E-commerce,Mumbai,Organic Search,Annual,22,1920.0,23040.0,1.0,68.0,15,14600.0,2023-05-17,,0,0.0
RIQ-00116,Basic,E-commerce,Delhi,Organic Search,Annual,7,910.0,10920.0,1.0,42.0,1,3300.0,2022-06-06,,0,0.0
RIQ-00117,Basic,E-commerce,Mumbai,Direct,Annual,27,630.0,7560.0,0.0,47.0,7,4300.0,2023-07-06,,0,0.0
RIQ-00118,Basic,Edtech,Hyderabad,Organic Search,Monthly,1,800.0,9600.0,2.0,49.0,3,2700.0,2022-11-27,2023-01-08,1,9600.0
RIQ-00119,Basic,Fintech,Pune,Direct,Monthly,10,720.0,8640.0,4.0,48.0,7,3800.0,2023-04-21,2024-02-18,1,8640.0
RIQ-00120,Pro,Edtech,Hyderabad,Organic Search,Annual,18,2350.0,28200.0,1.0,60.0,15,9200.0,2022-07-06,,0,0.0
RIQ-00121,Pro,Fintech,Pune,Social Media,Monthly,7,1780.0,21360.0,3.0,85.0,12,8500.0,2023-09-03,,0,0.0
RIQ-00122,Basic,Edtech,Delhi,Social Media,Monthly,10,970.0,11640.0,2.0,21.0,3,4200.0,2022-03-29,2023-01-15,1,11640.0
RIQ-00123,Pro,Fintech,Bengaluru,Paid Search,Annual,32,2190.0,26280.0,1.0,36.0,7,10000.0,2023-10-24,,0,0.0
RIQ-00124,Pro,Fintech,Pune,Referral,Monthly,50,1790.0,21480.0,0.0,75.0,15,8800.0,2023-02-19,,0,0.0
RIQ-00125,Basic,Healthcare,Delhi,Organic Search,Monthly,6,740.0,8880.0,1.0,62.0,3,3300.0,2023-06-28,2023-12-21,1,8880.0
RIQ-00126,Pro,Fintech,Delhi,Social Media,Annual,3,2200.0,26400.0,0.0,44.0,16,8100.0,2022-10-05,,0,0.0
RIQ-00127,Basic,Fintech,Delhi,Direct,Monthly,6,660.0,7920.0,2.0,53.0,6,4900.0,2023-07-03,,0,0.0
RIQ-00128,Enterprise,E-commerce,Mumbai,Referral,Annual,15,8690.0,104280.0,2.0,88.0,19,41000.0,2022-10-11,,0,0.0
RIQ-00129,Basic,Fintech,Mumbai,Referral,Monthly,5,640.0,7680.0,1.0,56.0,7,2600.0,2022-04-13,2022-09-21,1,7680.0
RIQ-00130,Basic,Fintech,Bengaluru,Social Media,Monthly,3,510.0,6120.0,2.0,30.0,12,2800.0,2023-07-01,2023-09-18,1,6120.0
RIQ-00131,Pro,Healthcare,Mumbai,Organic Search,Monthly,21,2200.0,26400.0,1.0,42.0,11,10400.0,2022-05-10,2024-02-04,1,26400.0
RIQ-00132,Basic,E-commerce,Pune,Paid Search,Annual,7,790.0,9480.0,3.0,67.0,1,3400.0,2023-04-26,,0,0.0
RIQ-00133,Pro,Fintech,Bengaluru,Organic Search,Annual,14,1750.0,21000.0,1.0,44.0,16,6600.0,2023-05-05,,0,0.0
RIQ-00134,Basic,Fintech,Delhi,Referral,Annual,13,790.0,9480.0,2.0,46.0,9,2500.0,2022-02-24,,0,0.0
RIQ-00135,pro,E-commerce,Hyderabad,Organic Search,Monthly,28,1580.0,18960.0,2.0,42.0,10,9700.0,2022-09-12,2024-12-18,1,18960.0
RIQ-00136,Enterprise,Fintech,Delhi,Social Media,Annual,17,8090.0,97080.0,1.0,74.0,25,31900.0,2023-06-20,,0,0.0
RIQ-00137,Basic,Healthcare,Mumbai,Email Campaign,Monthly,4,790.0,9480.0,5.0,23.0,4,3700.0,2023-03-16,2023-07-08,1,9480.0
RIQ-00138,Enterprise,Fintech,Pune,Organic Search,Annual,56,5500.0,66000.0,2.0,63.0,24,23200.0,2022-08-01,,0,0.0
RIQ-00139,Basic,Edtech,Mumbai,Organic Search,Monthly,2,620.0,7440.0,4.0,0.0,7,2500.0,2023-07-20,2023-09-05,1,7440.0
RIQ-00140,Basic,Fintech,Hyderabad,Organic Search,Monthly,1,730.0,8760.0,2.0,34.0,4,2900.0,2022-02-03,2022-02-25,1,8760.0
RIQ-00141,Basic,Fintech,Mumbai,Social Media,Monthly,46,530.0,6360.0,,0.0,9,4800.0,2022-08-28,,0,0.0
RIQ-00142,Basic,E-commerce,Delhi,Social Media,Monthly,15,830.0,9960.0,2.0,34.0,1,2300.0,2022-07-22,2023-10-13,1,9960.0
RIQ-00143,Pro,E-commerce,Bengaluru,Paid Search,Monthly,1,1760.0,21120.0,0.0,61.0,16,7500.0,2022-05-26,,0,0.0
RIQ-00144,Basic,Healthcare,Mumbai,Social Media,Monthly,2,870.0,10440.0,2.0,20.0,1,2900.0,2023-08-06,2023-10-19,1,10440.0
RIQ-00145,Enterprise,Healthcare,Pune,Paid Search,Annual,33,8500.0,102000.0,1.0,73.0,25,23200.0,2022-10-06,,0,0.0
RIQ-00146,Enterprise,Fintech,Bengaluru,Organic Search,Annual,21,5200.0,62400.0,0.0,76.0,28,21000.0,2023-03-19,,0,0.0
RIQ-00147,Basic,Fintech,Mumbai,Organic Search,Monthly,1,610.0,7320.0,3.0,66.0,3,4600.0,2023-11-22,2024-01-02,1,7320.0
RIQ-00148,Basic,E-commerce,Hyderabad,Email Campaign,Monthly,3,880.0,10560.0,0.0,62.0,2,2100.0,2022-10-03,2023-01-04,1,10560.0
RIQ-00149,Basic,E-commerce,Bengaluru,Email Campaign,Annual,9,820.0,9840.0,1.0,71.0,13,2500.0,2022-10-12,,0,0.0
RIQ-00150,Pro,E-commerce,Delhi,Direct,Annual,5,1990.0,23880.0,1.0,99.0,9,9700.0,2022-04-04,,0,0.0
RIQ-00151,Basic,E-commerce,Pune,Referral,Annual,3,550.0,6600.0,5.0,66.0,5,3000.0,2022-06-14,,0,0.0
RIQ-00152,Pro,E-commerce,Bengaluru,Direct,Annual,45,2440.0,29280.0,0.0,60.0,13,6800.0,2023-07-18,,0,0.0
RIQ-00153,Basic,Edtech,Pune,Referral,Annual,7,560.0,6720.0,2.0,77.0,8,4600.0,2023-02-18,,0,0.0
RIQ-00154,Pro,E-commerce,Bengaluru,Organic Search,Monthly,5,2370.0,28440.0,2.0,85.0,12,7700.0,2023-04-19,,0,0.0
RIQ-00155,Pro,Fintech,Mumbai,Paid Search,Annual,25,2260.0,27120.0,1.0,47.0,16,6500.0,2023-10-03,,0,0.0
RIQ-00156,Basic,E-commerce,Delhi,Email Campaign,Monthly,45,560.0,6720.0,2.0,49.0,9,3300.0,2022-10-22,,0,0.0
RIQ-00157,Pro,E-commerce,Bengaluru,Paid Search,Annual,26,2470.0,29640.0,0.0,52.0,24,12400.0,2023-09-16,,0,0.0
RIQ-00158,Pro,Fintech,Bengaluru,Referral,Monthly,19,1510.0,18120.0,1.0,61.0,19,13600.0,2023-02-22,2024-09-01,1,18120.0
RIQ-00159,Basic,Fintech,Hyderabad,Email Campaign,Monthly,6,970.0,11640.0,1.0,32.0,1,2500.0,2023-10-26,2024-05-04,1,11640.0
RIQ-00160,Pro,Fintech,Chennai,Direct,Monthly,17,2200.0,26400.0,1.0,55.0,15,14800.0,2023-03-02,,0,0.0
RIQ-00161,Basic,Fintech,Bengaluru,Organic Search,Monthly,4,770.0,9240.0,1.0,47.0,1,2600.0,2023-01-28,,0,0.0
RIQ-00162,Basic,Edtech,Pune,Email Campaign,Monthly,2,570.0,6840.0,3.0,48.0,4,4300.0,2022-03-13,2022-05-05,1,6840.0
RIQ-00163,Pro,Fintech,Mumbai,Referral,Monthly,3,2290.0,27480.0,3.0,60.0,13,12500.0,2022-10-01,2023-01-10,1,27480.0
RIQ-00164,Enterprise,E-commerce,Delhi,Email Campaign,Monthly,17,7900.0,94800.0,1.0,65.0,21,41500.0,2023-11-07,,0,0.0
RIQ-00165,Basic,Edtech,Delhi,Paid Search,Monthly,19,670.0,8040.0,0.0,49.0,6,4300.0,2023-07-20,,0,0.0
RIQ-00166,Basic,Edtech,Delhi,Referral,Annual,32,930.0,11160.0,2.0,21.0,15,3700.0,2022-09-02,,0,0.0
RIQ-00167,Basic,E-commerce,Mumbai,Paid Search,Monthly,3,520.0,6240.0,3.0,52.0,8,4700.0,2023-04-30,2023-08-05,1,6240.0
RIQ-00168,Basic,E-commerce,Bengaluru,Social Media,Monthly,2,900.0,10800.0,4.0,56.0,14,3500.0,2023-10-30,2023-12-18,1,10800.0
RIQ-00169,Pro,Edtech,Mumbai,Email Campaign,Annual,4,2090.0,25080.0,0.0,53.0,10,10000.0,2022-04-13,,0,0.0
RIQ-00170,Basic,Healthcare,Pune,Email Campaign,Annual,3,730.0,8760.0,3.0,43.0,3,4600.0,2022-05-28,2022-08-24,1,8760.0
RIQ-00171,Basic,E-commerce,Hyderabad,Email Campaign,Monthly,4,890.0,10680.0,3.0,61.0,3,3900.0,2022-09-29,2023-01-22,1,10680.0
RIQ-00172,Pro,Edtech,Chennai,Social Media,Monthly,3,1830.0,21960.0,2.0,55.0,12,9400.0,2023-11-22,,0,0.0
RIQ-00173,Pro,E-commerce,Bengaluru,Referral,Annual,2,2220.0,26640.0,2.0,60.0,15,6300.0,2023-05-15,,0,0.0
RIQ-00174,Pro,E-commerce,Pune,Social Media,Annual,3,2130.0,25560.0,0.0,83.0,24,12700.0,2022-10-22,,0,0.0
RIQ-00175,Basic,Fintech,Mumbai,Email Campaign,Monthly,14,550.0,6600.0,2.0,68.0,5,4600.0,2023-10-11,2024-12-11,1,6600.0
RIQ-00176,Basic,Healthcare,Delhi,Organic Search,Monthly,10,950.0,11400.0,1.0,34.0,4,4400.0,2022-02-17,2022-12-09,1,11400.0
RIQ-00177,Pro,Fintech,Hyderabad,Paid Search,Monthly,30,1640.0,19680.0,2.0,68.0,10,12100.0,2023-06-28,,0,0.0
RIQ-00178,Basic,E-commerce,Pune,Paid Search,Monthly,15,590.0,7080.0,2.0,10.0,6,3100.0,2023-09-17,2024-12-22,1,7080.0
RIQ-00179,Basic,Fintech,Chennai,Email Campaign,Monthly,12,790.0,9480.0,3.0,57.0,13,3900.0,2022-08-26,2023-08-20,1,9480.0
RIQ-00180,Basic,Healthcare,Bengaluru,Social Media,Annual,31,950.0,11400.0,0.0,35.0,5,4700.0,2023-04-22,,0,0.0
RIQ-00181,Basic,Healthcare,Delhi,Direct,Monthly,12,720.0,8640.0,1.0,60.0,3,5000.0,2022-12-20,,0,0.0
RIQ-00182,Basic,Fintech,Bengaluru,Organic Search,Monthly,3,840.0,10080.0,0.0,11.0,4,2900.0,2023-04-13,2023-07-24,1,10080.0
RIQ-00183,Basic,Fintech,Mumbai,Direct,Annual,16,550.0,6600.0,3.0,43.0,5,3100.0,2023-01-26,2024-05-23,1,6600.0
RIQ-00184,Pro,Healthcare,Pune,Social Media,Annual,2,1520.0,18240.0,,79.0,16,6100.0,2023-11-06,,0,0.0
RIQ-00185,Basic,Edtech,Delhi,Social Media,Monthly,12,890.0,10680.0,4.0,74.0,8,3800.0,2022-02-20,2023-03-01,1,10680.0
RIQ-00186,Basic,Edtech,Bengaluru,Referral,Monthly,25,640.0,7680.0,4.0,31.0,1,4400.0,2022-08-24,2024-09-16,1,7680.0
RIQ-00187,Basic,E-commerce,Chennai,Paid Search,Monthly,6,620.0,7440.0,1.0,28.0,3,4500.0,2023-11-07,2024-05-11,1,7440.0
RIQ-00188,Basic,E-commerce,Mumbai,Organic Search,Monthly,4,820.0,9840.0,3.0,42.0,8,3300.0,2022-11-13,2023-03-23,1,9840.0
RIQ-00189,Basic,Edtech,Bengaluru,Email Campaign,Monthly,6,540.0,6480.0,2.0,32.0,1,4200.0,2022-10-30,2023-04-23,1,6480.0
RIQ-00190,Enterprise,Fintech,Bengaluru,Paid Search,Annual,49,7700.0,92400.0,2.0,66.0,22,53200.0,2023-01-10,,0,0.0
RIQ-00191,Pro,Fintech,Mumbai,Social Media,Monthly,10,1760.0,21120.0,1.0,89.0,12,12700.0,2023-05-09,2024-03-19,1,21120.0
RIQ-00192,Basic,Healthcare,Hyderabad,Referral,Monthly,4,560.0,6720.0,1.0,57.0,6,2400.0,2022-03-19,,0,0.0
RIQ-00193,Pro,E-commerce,Chennai,Organic Search,Monthly,13,2220.0,26640.0,0.0,61.0,13,13200.0,2023-02-11,,0,0.0
RIQ-00194,Pro,E-commerce,Mumbai,Social Media,Monthly,7,2290.0,27480.0,3.0,95.0,11,7100.0,2022-01-15,,0,0.0
RIQ-00195,Pro,Edtech,Pune,Email Campaign,Annual,32,2250.0,27000.0,2.0,28.0,18,13400.0,2022-09-26,,0,0.0
RIQ-00196,Pro,Edtech,Mumbai,Social Media,Monthly,3,1610.0,19320.0,1.0,85.0,19,14000.0,2022-08-28,2022-11-26,1,19320.0
RIQ-00197,Basic,Edtech,Hyderabad,Referral,Monthly,4,960.0,11520.0,2.0,30.0,7,2200.0,2022-08-15,2022-12-18,1,11520.0
RIQ-00198,Basic,Healthcare,Delhi,Organic Search,Annual,1,650.0,7800.0,1.0,12.0,4,2400.0,2023-02-23,2023-03-13,1,7800.0
RIQ-00199,Enterprise,Edtech,Pune,Referral,Annual,50,7460.0,89520.0,1.0,73.0,23,35500.0,2022-04-10,,0,0.0
RIQ-00200,Basic,E-commerce,Bengaluru,Social Media,Monthly,12,680.0,8160.0,2.0,30.0,3,3800.0,2023-07-08,2024-06-30,1,8160.0
RIQ-00201,Basic,Healthcare,Bengaluru,Paid Search,Monthly,7,830.0,9960.0,1.0,41.0,15,3800.0,2023-05-17,,0,0.0
RIQ-00202,Enterprise,Fintech,Bengaluru,Referral,Annual,7,8450.0,101400.0,1.0,100.0,15,54200.0,2022-08-11,,0,0.0
RIQ-00203,Enterprise,Fintech,Bengaluru,Email Campaign,Annual,4,5500.0,66000.0,1.0,63.0,25,34300.0,2023-01-12,,0,0.0
RIQ-00204,Basic,Edtech,Chennai,Social Media,Monthly,16,700.0,8400.0,2.0,56.0,3,2400.0,2022-07-14,2023-11-21,1,8400.0
RIQ-00205,Basic,Fintech,Pune,Direct,Annual,5,830.0,9960.0,4.0,65.0,5,3800.0,2023-10-20,2024-03-23,1,9960.0
RIQ-00206,Enterprise,Edtech,Bengaluru,Referral,Annual,60,6220.0,74640.0,0.0,100.0,21,53200.0,2022-05-09,,0,0.0
RIQ-00207,Basic,E-commerce,Delhi,Email Campaign,Monthly,3,780.0,9360.0,2.0,35.0,9,4400.0,2023-08-24,2023-11-13,1,9360.0
RIQ-00208,Pro,Fintech,Mumbai,Email Campaign,Monthly,24,2290.0,27480.0,3.0,61.0,10,13700.0,2023-09-03,,0,0.0
RIQ-00209,Basic,E-commerce,Delhi,Organic Search,Monthly,14,560.0,6720.0,1.0,45.0,8,2500.0,2022-09-14,2023-11-18,1,6720.0
RIQ-00210,Basic,Fintech,Hyderabad,Organic Search,Annual,1,510.0,6120.0,1.0,31.0,2,3800.0,2022-09-01,,0,0.0
RIQ-00211,Basic,Healthcare,Delhi,Social Media,Monthly,3,560.0,6720.0,4.0,0.0,6,2300.0,2023-03-08,2023-06-07,1,6720.0
RIQ-00212,Basic,Fintech,Delhi,Referral,Monthly,14,680.0,8160.0,3.0,31.0,9,3400.0,2023-08-31,2024-10-12,1,8160.0
RIQ-00213,Basic,Fintech,Mumbai,Referral,Monthly,4,860.0,10320.0,0.0,33.0,6,3600.0,2023-11-06,,0,0.0
RIQ-00214,Basic,Healthcare,Mumbai,Paid Search,Annual,11,530.0,6360.0,1.0,20.0,2,3200.0,2023-05-06,2024-04-12,1,6360.0
RIQ-00215,Pro,Healthcare,Bengaluru,Direct,Monthly,8,2410.0,28920.0,1.0,60.0,21,8900.0,2022-03-17,,0,0.0
RIQ-00216,Pro,E-commerce,Mumbai,Referral,Annual,18,1630.0,19560.0,4.0,65.0,12,12400.0,2023-10-02,2025-03-30,1,19560.0
RIQ-00217,Basic,Healthcare,Bengaluru,Social Media,Annual,5,800.0,9600.0,1.0,35.0,5,3500.0,2022-10-29,2023-03-27,1,9600.0
RIQ-00218,Pro,Healthcare,Mumbai,Referral,Monthly,11,1610.0,19320.0,1.0,79.0,20,11000.0,2023-11-02,2024-10-02,1,19320.0
RIQ-00219,Pro,Fintech,Delhi,Referral,Monthly,9,1930.0,23160.0,1.0,56.0,16,10100.0,2022-08-22,2023-05-17,1,23160.0
RIQ-00220,Basic,Edtech,Delhi,Email Campaign,Monthly,1,550.0,6600.0,1.0,41.0,1,4000.0,2023-03-14,2023-04-08,1,6600.0
RIQ-00221,Pro,E-commerce,Bengaluru,Direct,Annual,12,2420.0,29040.0,1.0,74.0,16,6800.0,2022-03-10,,0,0.0
RIQ-00222,Basic,E-commerce,Pune,Email Campaign,Monthly,2,870.0,10440.0,1.0,62.0,3,2400.0,2023-01-17,2023-03-28,1,10440.0
RIQ-00223,Basic,E-commerce,Delhi,Referral,Annual,30,780.0,9360.0,1.0,48.0,6,2400.0,2023-11-18,,0,0.0
RIQ-00224,Basic,Edtech,Mumbai,Paid Search,Monthly,3,870.0,10440.0,3.0,54.0,6,2900.0,2022-02-22,2022-06-07,1,10440.0
RIQ-00225,Basic,E-commerce,Mumbai,Referral,Monthly,13,750.0,9000.0,1.0,53.0,10,4000.0,2022-06-08,,0,0.0
RIQ-00226,Basic,Edtech,Chennai,Paid Search,Monthly,6,920.0,11040.0,2.0,29.0,14,2300.0,2023-01-12,,0,0.0
RIQ-00227,Basic,E-commerce,Bengaluru,Referral,Monthly,1,710.0,8520.0,2.0,5.0,12,4500.0,2023-07-29,2023-09-06,1,8520.0
RIQ-00228,Basic,E-commerce,Mumbai,Email Campaign,Monthly,32,510.0,6120.0,4.0,16.0,7,4500.0,2023-11-05,,0,0.0
RIQ-00229,Basic,Fintech,Chennai,Organic Search,Monthly,13,850.0,10200.0,6.0,77.0,5,4800.0,2022-11-13,,0,0.0
RIQ-00230,Pro,E-commerce,Bengaluru,Email Campaign,Monthly,12,1640.0,19680.0,0.0,39.0,16,7300.0,2023-11-05,,0,0.0
RIQ-00231,Pro,E-commerce,Bengaluru,Organic Search,Annual,11,1530.0,18360.0,1.0,48.0,7,9800.0,2023-06-28,,0,0.0
RIQ-00232,Basic,Fintech,Delhi,Social Media,Monthly,12,680.0,8160.0,5.0,9.0,9,4800.0,2022-11-29,2023-12-03,1,8160.0
RIQ-00233,Basic,Healthcare,Mumbai,Social Media,Annual,2,580.0,6960.0,0.0,37.0,8,2100.0,2023-09-25,,0,0.0
RIQ-00234,Basic,Fintech,Bengaluru,Email Campaign,Monthly,3,710.0,8520.0,4.0,42.0,12,3200.0,2023-09-14,2023-12-12,1,8520.0
RIQ-00235,Pro,E-commerce,Delhi,Email Campaign,Annual,4,1840.0,22080.0,0.0,15.0,14,12100.0,2022-04-24,,0,0.0
RIQ-00236,Basic,Fintech,Pune,Referral,Monthly,2,830.0,9960.0,2.0,35.0,5,3200.0,2022-02-16,2022-04-09,1,9960.0
RIQ-00237,Basic,Edtech,Bengaluru,Organic Search,Monthly,29,650.0,7800.0,1.0,26.0,3,4300.0,2022-08-05,,0,0.0
RIQ-00238,Enterprise,E-commerce,Hyderabad,Referral,Annual,53,5600.0,67200.0,1.0,96.0,18,35200.0,2023-05-25,,0,0.0
RIQ-00239,Basic,Healthcare,Pune,Direct,Monthly,12,850.0,10200.0,3.0,77.0,7,3700.0,2023-05-28,,0,0.0
RIQ-00240,Pro,Healthcare,Mumbai,Paid Search,Monthly,15,1900.0,22800.0,0.0,79.0,17,10100.0,2022-02-13,,0,0.0
RIQ-00241,Basic,Edtech,Chennai,Email Campaign,Monthly,10,660.0,7920.0,5.0,60.0,3,3200.0,2023-03-16,2024-01-13,1,7920.0
RIQ-00242,Basic,Healthcare,Pune,Referral,Annual,11,700.0,8400.0,3.0,53.0,3,2500.0,2022-11-29,,0,0.0
RIQ-00243,Basic,Healthcare,Mumbai,Referral,Monthly,29,840.0,10080.0,1.0,61.0,8,2300.0,2023-01-06,,0,0.0
RIQ-00244,Basic,Edtech,Hyderabad,Email Campaign,Annual,2,790.0,9480.0,3.0,24.0,1,2200.0,2023-06-21,,0,0.0
RIQ-00245,pro,E-commerce,Hyderabad,Social Media,Annual,29,1720.0,20640.0,1.0,55.0,14,11700.0,2022-06-22,,0,0.0
RIQ-00246,Basic,Edtech,Hyderabad,Paid Search,Monthly,11,600.0,7200.0,1.0,32.0,9,4200.0,2022-12-24,2023-11-15,1,7200.0
RIQ-00247,Basic,E-commerce,Delhi,Direct,Monthly,9,620.0,7440.0,2.0,72.0,4,2600.0,2022-05-30,2023-02-17,1,7440.0
RIQ-00248,Basic,Edtech,Chennai,Organic Search,Annual,6,830.0,9960.0,2.0,72.0,3,4900.0,2022-07-01,,0,0.0
RIQ-00249,Basic,Edtech,Delhi,Paid Search,Monthly,6,780.0,9360.0,1.0,48.0,6,4000.0,2023-08-17,2024-02-12,1,9360.0
RIQ-00250,Basic,Healthcare,Delhi,Organic Search,Annual,8,990.0,11880.0,2.0,59.0,1,4600.0,2022-11-27,,0,0.0
RIQ-00251,Basic,E-commerce,Bengaluru,Email Campaign,Monthly,24,530.0,6360.0,0.0,54.0,7,3900.0,2023-03-29,,0,0.0
RIQ-00252,Pro,Fintech,Delhi,Organic Search,Monthly,14,1850.0,22200.0,0.0,72.0,13,10100.0,2022-03-17,,0,0.0
RIQ-00253,Basic,Fintech,Chennai,Organic Search,Monthly,1,910.0,10920.0,1.0,50.0,6,4600.0,2022-03-20,2022-04-24,1,10920.0
RIQ-00254,Basic,Fintech,Mumbai,Social Media,Monthly,8,750.0,9000.0,2.0,51.0,8,3700.0,2023-04-19,2023-12-18,1,9000.0
RIQ-00255,Basic,E-commerce,Delhi,Organic Search,Annual,5,720.0,8640.0,3.0,53.0,7,4000.0,2023-08-09,,0,0.0
RIQ-00256,Basic,Fintech,Hyderabad,Referral,Monthly,6,570.0,6840.0,0.0,57.0,5,3400.0,2022-03-05,,0,0.0
RIQ-00257,Basic,Edtech,Pune,Referral,Monthly,13,990.0,11880.0,2.0,34.0,12,3500.0,2022-03-28,,0,0.0
RIQ-00258,Enterprise,E-commerce,Pune,Paid Search,Monthly,17,7190.0,86280.0,0.0,75.0,14,34600.0,2023-03-26,,0,0.0
RIQ-00259,Enterprise,E-commerce,Pune,Social Media,Monthly,30,9590.0,115080.0,0.0,69.0,20,43900.0,2023-02-01,,0,0.0
RIQ-00260,Pro,Healthcare,Pune,Referral,Annual,2,2290.0,27480.0,0.0,42.0,10,9000.0,2023-10-25,,0,0.0
RIQ-00261,Basic,Edtech,Pune,Email Campaign,Annual,3,690.0,8280.0,3.0,57.0,6,4600.0,2022-09-16,2022-12-23,1,8280.0
RIQ-00262,Basic,Fintech,Bengaluru,Organic Search,Monthly,16,570.0,6840.0,5.0,53.0,2,3700.0,2022-03-25,,0,0.0
RIQ-00263,Basic,E-commerce,Mumbai,Organic Search,Monthly,11,980.0,11760.0,2.0,32.0,1,2400.0,2023-11-10,2024-10-02,1,11760.0
RIQ-00264,Basic,Fintech,Delhi,Organic Search,Monthly,4,780.0,9360.0,1.0,47.0,7,3000.0,2023-10-21,2024-02-28,1,9360.0
RIQ-00265,Basic,Edtech,Hyderabad,Referral,Monthly,2,970.0,11640.0,3.0,26.0,6,3900.0,2023-06-24,2023-08-10,1,11640.0
RIQ-00266,Basic,E-commerce,Hyderabad,Paid Search,Annual,4,680.0,8160.0,2.0,39.0,5,2600.0,2022-07-04,2022-11-16,1,8160.0
RIQ-00267,Basic,Fintech,Hyderabad,Referral,Annual,3,610.0,7320.0,0.0,50.0,13,2500.0,2022-05-21,,0,0.0
RIQ-00268,Pro,Edtech,Delhi,Email Campaign,Monthly,10,2010.0,24120.0,0.0,47.0,13,14000.0,2023-07-07,,0,0.0
RIQ-00269,Enterprise,E-commerce,Mumbai,Email Campaign,Annual,14,6680.0,80160.0,2.0,64.0,22,26500.0,2023-09-25,,0,0.0
RIQ-00270,Basic,Healthcare,Bengaluru,Paid Search,Monthly,2,910.0,10920.0,1.0,41.0,3,4700.0,2023-10-02,2023-12-11,1,10920.0
RIQ-00271,Pro,Fintech,Mumbai,Paid Search,Annual,18,1860.0,22320.0,1.0,72.0,16,11500.0,2022-09-01,,0,0.0
RIQ-00272,Pro,Fintech,Pune,Email Campaign,Annual,26,2280.0,27360.0,1.0,81.0,20,8800.0,2022-08-28,,0,0.0
RIQ-00273,Basic,Healthcare,Hyderabad,Direct,Annual,12,730.0,8760.0,4.0,43.0,1,4000.0,2022-07-18,2023-07-09,1,8760.0
RIQ-00274,Basic,Edtech,Delhi,Paid Search,Monthly,5,880.0,10560.0,2.0,49.0,4,3600.0,2023-01-27,2023-06-27,1,10560.0
RIQ-00275,Pro,Fintech,Delhi,Referral,Annual,5,2300.0,27600.0,2.0,47.0,11,6500.0,2022-05-22,,0,0.0
RIQ-00276,pro,E-commerce,Hyderabad,Email Campaign,Monthly,25,1870.0,22440.0,1.0,66.0,11,10600.0,2022-04-16,,0,0.0
RIQ-00277,basic,E-commerce,Mumbai,Email Campaign,Annual,3,540.0,6480.0,1.0,22.0,10,2800.0,2022-06-14,,0,0.0
RIQ-00278,Basic,Healthcare,Chennai,Email Campaign,Annual,15,720.0,8640.0,2.0,65.0,2,4500.0,2022-08-16,,0,0.0
RIQ-00279,Enterprise,E-commerce,Mumbai,Social Media,Annual,4,7070.0,84840.0,0.0,96.0,19,59800.0,2023-02-10,,0,0.0
RIQ-00280,Pro,E-commerce,Mumbai,Email Campaign,Annual,16,1870.0,22440.0,1.0,68.0,18,6900.0,2022-01-29,,0,0.0
RIQ-00281,Pro,Fintech,Bengaluru,Direct,Annual,23,1830.0,21960.0,1.0,37.0,11,8600.0,2022-05-30,,0,0.0
RIQ-00282,Enterprise,Edtech,Bengaluru,Paid Search,Annual,60,8480.0,101760.0,3.0,64.0,22,44600.0,2022-05-23,,0,0.0
RIQ-00283,Pro,Edtech,Chennai,Organic Search,Annual,12,2400.0,28800.0,2.0,48.0,12,13500.0,2022-01-20,,0,0.0
RIQ-00284,Basic,Fintech,Bengaluru,Referral,Monthly,15,860.0,10320.0,1.0,54.0,11,3300.0,2023-06-25,,0,0.0
RIQ-00285,Pro,Healthcare,Bengaluru,Social Media,Annual,9,1620.0,19440.0,0.0,32.0,16,13100.0,2022-09-02,,0,0.0
RIQ-00286,Pro,Edtech,Mumbai,Organic Search,Annual,9,1610.0,19320.0,0.0,78.0,15,6100.0,2023-05-27,,0,0.0
RIQ-00287,Basic,Healthcare,Pune,Organic Search,Annual,11,620.0,7440.0,3.0,49.0,9,2900.0,2022-05-28,,0,0.0
RIQ-00288,Pro,E-commerce,Delhi,Organic Search,Monthly,60,2070.0,24840.0,3.0,50.0,13,6800.0,2022-07-11,,0,0.0
RIQ-00289,Basic,E-commerce,Mumbai,Organic Search,Monthly,2,530.0,6360.0,4.0,33.0,10,3500.0,2023-06-23,2023-08-24,1,6360.0
RIQ-00290,Basic,E-commerce,Delhi,Referral,Monthly,1,690.0,8280.0,2.0,60.0,4,3900.0,2023-04-27,2023-05-13,1,8280.0
RIQ-00291,Basic,Edtech,Bengaluru,Email Campaign,Monthly,2,510.0,6120.0,2.0,19.0,9,2700.0,2022-03-11,2022-05-06,1,6120.0
RIQ-00292,Basic,Edtech,Pune,Organic Search,Monthly,5,790.0,9480.0,3.0,53.0,7,2100.0,2022-12-07,2023-04-25,1,9480.0
RIQ-00293,Pro,Healthcare,Pune,Paid Search,Annual,4,1670.0,20040.0,1.0,2.0,8,10300.0,2023-04-21,,0,0.0
RIQ-00294,Pro,Edtech,Delhi,Social Media,Annual,23,1630.0,19560.0,0.0,66.0,8,7800.0,2023-04-14,,0,0.0
RIQ-00295,Pro,E-commerce,Bengaluru,Paid Search,Monthly,18,2380.0,28560.0,0.0,38.0,15,10600.0,2022-11-20,,0,0.0
RIQ-00296,Basic,Healthcare,Delhi,Direct,Monthly,29,770.0,9240.0,1.0,66.0,3,4300.0,2022-09-17,2025-01-20,1,9240.0
RIQ-00297,Pro,Healthcare,Pune,Organic Search,Monthly,18,2280.0,27360.0,0.0,69.0,12,7100.0,2023-11-03,,0,0.0
RIQ-00298,Basic,Healthcare,Pune,Referral,Monthly,12,940.0,11280.0,1.0,32.0,4,4700.0,2023-03-27,,0,0.0
RIQ-00299,Basic,E-commerce,Mumbai,Paid Search,Monthly,20,750.0,9000.0,3.0,0.0,4,3100.0,2023-05-25,,0,0.0
RIQ-00300,Pro,Edtech,Pune,Organic Search,Annual,1,1580.0,18960.0,0.0,64.0,5,11400.0,2023-03-11,,0,0.0
RIQ-00301,Basic,Edtech,Mumbai,Organic Search,Monthly,7,770.0,9240.0,2.0,44.0,4,2200.0,2022-11-25,2023-06-11,1,9240.0
RIQ-00302,Pro,E-commerce,Bengaluru,Paid Search,Monthly,4,2100.0,25200.0,1.0,87.0,11,10000.0,2023-03-13,,0,0.0
RIQ-00303,Basic,Fintech,Bengaluru,Direct,Monthly,4,860.0,10320.0,0.0,72.0,6,5000.0,2022-12-28,2023-05-01,1,10320.0
RIQ-00304,Basic,Healthcare,Hyderabad,Direct,Monthly,3,970.0,11640.0,2.0,50.0,8,3900.0,2022-03-18,2022-06-22,1,11640.0
RIQ-00305,Enterprise,E-commerce,Hyderabad,Referral,Annual,28,8400.0,100800.0,1.0,64.0,21,51300.0,2022-02-01,,0,0.0
RIQ-00306,Basic,Healthcare,Chennai,Organic Search,Annual,4,520.0,6240.0,1.0,25.0,7,2700.0,2022-03-10,,0,0.0
RIQ-00307,Basic,E-commerce,Bengaluru,Referral,Monthly,12,970.0,11640.0,5.0,27.0,12,3800.0,2022-02-03,,0,0.0
RIQ-00308,Enterprise,Healthcare,Delhi,Referral,Annual,9,6860.0,82320.0,0.0,65.0,17,35900.0,2022-03-20,,0,0.0
RIQ-00309,Basic,Fintech,Bengaluru,Paid Search,Monthly,6,820.0,9840.0,2.0,61.0,6,2300.0,2022-09-13,2023-03-27,1,9840.0
RIQ-00310,Pro,Healthcare,Pune,Social Media,Monthly,18,1890.0,22680.0,1.0,70.0,16,13000.0,2023-07-30,,0,0.0
RIQ-00311,Basic,E-commerce,Chennai,Paid Search,Monthly,1,610.0,7320.0,2.0,52.0,14,4100.0,2023-09-19,2023-10-13,1,7320.0
RIQ-00312,Pro,E-commerce,Chennai,Email Campaign,Monthly,60,1630.0,19560.0,0.0,60.0,15,12400.0,2022-03-17,2027-02-18,1,19560.0
RIQ-00313,Basic,Fintech,Bengaluru,Paid Search,Monthly,8,900.0,10800.0,2.0,52.0,7,3000.0,2022-11-24,2023-07-28,1,10800.0
RIQ-00314,Basic,Healthcare,Delhi,Paid Search,Annual,1,940.0,11280.0,3.0,66.0,4,4100.0,2022-06-11,2022-07-18,1,11280.0
RIQ-00315,Basic,Edtech,Chennai,Organic Search,Monthly,22,680.0,8160.0,2.0,0.0,3,2400.0,2022-08-18,,0,0.0
RIQ-00316,Enterprise,Fintech,Hyderabad,Organic Search,Annual,16,8950.0,107400.0,0.0,85.0,22,38700.0,2022-01-27,,0,0.0
RIQ-00317,Basic,Fintech,Delhi,Email Campaign,Monthly,14,990.0,11880.0,2.0,39.0,2,3800.0,2022-05-13,,0,0.0
RIQ-00318,Pro,E-commerce,Delhi,Organic Search,Annual,3,2500.0,30000.0,1.0,40.0,12,12900.0,2023-05-06,,0,0.0
RIQ-00319,Basic,Edtech,Hyderabad,Direct,Monthly,2,540.0,6480.0,5.0,48.0,12,2200.0,2022-11-21,2023-01-25,1,6480.0
RIQ-00320,Pro,Healthcare,Mumbai,Email Campaign,Monthly,13,1630.0,19560.0,1.0,75.0,13,7600.0,2023-07-19,,0,0.0
RIQ-00321,Basic,Edtech,Delhi,Social Media,Monthly,4,720.0,8640.0,0.0,72.0,3,2400.0,2022-02-26,2022-07-07,1,8640.0
RIQ-00322,Pro,Healthcare,Delhi,Email Campaign,Annual,5,1820.0,21840.0,1.0,91.0,18,14500.0,2022-08-19,,0,0.0
RIQ-00323,Enterprise,E-commerce,Hyderabad,Paid Search,Annual,11,9230.0,110760.0,1.0,69.0,20,31000.0,2022-09-14,,0,0.0
RIQ-00324,Enterprise,E-commerce,Delhi,Organic Search,Annual,1,8120.0,97440.0,2.0,68.0,19,26700.0,2023-09-22,,0,0.0
RIQ-00325,Basic,E-commerce,Mumbai,Social Media,Annual,4,970.0,11640.0,0.0,41.0,6,4000.0,2022-06-07,2022-09-25,1,11640.0
RIQ-00326,Basic,Fintech,Delhi,Direct,Monthly,7,920.0,11040.0,2.0,40.0,9,4500.0,2023-08-01,2024-02-13,1,11040.0
RIQ-00327,Basic,Healthcare,Pune,Paid Search,Annual,3,820.0,9840.0,2.0,9.0,3,4000.0,2023-08-14,2023-11-05,1,9840.0
RIQ-00328,Basic,Fintech,Mumbai,Social Media,Monthly,5,820.0,9840.0,1.0,22.0,6,3900.0,2023-05-25,2023-11-04,1,9840.0
RIQ-00329,Pro,E-commerce,Mumbai,Paid Search,Monthly,8,1980.0,23760.0,1.0,90.0,10,6700.0,2023-02-20,,0,0.0
RIQ-00330,Basic,Healthcare,Pune,Paid Search,Monthly,3,720.0,8640.0,1.0,62.0,8,2600.0,2023-05-11,2023-08-08,1,8640.0
RIQ-00331,Basic,E-commerce,Hyderabad,Paid Search,Monthly,9,860.0,10320.0,1.0,55.0,10,4900.0,2022-12-20,,0,0.0
RIQ-00332,Basic,Edtech,Bengaluru,Social Media,Annual,5,780.0,9360.0,3.0,48.0,7,2700.0,2022-11-23,,0,0.0
RIQ-00333,Pro,E-commerce,Pune,Organic Search,Monthly,36,1640.0,19680.0,1.0,73.0,11,9500.0,2022-02-21,,0,0.0
RIQ-00334,Basic,E-commerce,Chennai,Referral,Monthly,16,620.0,7440.0,2.0,74.0,9,4400.0,2022-06-13,,0,0.0
RIQ-00335,Basic,Fintech,Delhi,Referral,Monthly,3,590.0,7080.0,2.0,64.0,7,5000.0,2022-06-13,2022-09-11,1,7080.0
RIQ-00336,Basic,Edtech,Chennai,Paid Search,Monthly,6,750.0,9000.0,0.0,41.0,4,3200.0,2022-04-03,2022-10-15,1,9000.0
RIQ-00337,Basic,Edtech,Mumbai,Paid Search,Monthly,9,790.0,9480.0,1.0,48.0,9,2800.0,2022-02-19,2022-11-02,1,9480.0
RIQ-00338,Basic,E-commerce,Bengaluru,Paid Search,Monthly,20,840.0,10080.0,1.0,27.0,10,3600.0,2022-10-20,,0,0.0
RIQ-00339,Enterprise,Fintech,Hyderabad,Referral,Annual,60,9410.0,112920.0,0.0,86.0,17,36000.0,2023-01-10,,0,0.0
RIQ-00340,Basic,Fintech,Delhi,Referral,Monthly,7,780.0,9360.0,1.0,49.0,8,3700.0,2022-07-19,2023-02-10,1,9360.0
RIQ-00341,Pro,Fintech,Mumbai,Organic Search,Annual,20,2260.0,27120.0,0.0,83.0,14,11600.0,2022-10-14,,0,0.0
RIQ-00342,Basic,E-commerce,Bengaluru,Paid Search,Monthly,8,560.0,6720.0,1.0,39.0,3,3100.0,2022-04-10,2022-12-03,1,6720.0
RIQ-00343,Enterprise,Edtech,Bengaluru,Email Campaign,Annual,60,6830.0,81960.0,2.0,60.0,15,40000.0,2022-05-28,,0,0.0
RIQ-00344,Basic,E-commerce,Hyderabad,Organic Search,Monthly,7,520.0,6240.0,5.0,23.0,7,3000.0,2022-05-21,2022-12-24,1,6240.0
RIQ-00345,Basic,Fintech,Pune,Organic Search,Monthly,2,800.0,9600.0,1.0,90.0,3,3000.0,2023-06-12,2023-07-31,1,9600.0
RIQ-00346,Basic,E-commerce,Bengaluru,Social Media,Monthly,3,990.0,11880.0,2.0,80.0,5,3000.0,2022-11-03,2023-02-04,1,11880.0
RIQ-00347,Pro,Healthcare,Pune,Social Media,Monthly,21,2210.0,26520.0,0.0,52.0,22,6100.0,2022-11-03,,0,0.0
RIQ-00348,Pro,Edtech,Chennai,Organic Search,Monthly,7,1610.0,19320.0,0.0,75.0,18,13200.0,2023-03-03,,0,0.0
RIQ-00349,Basic,Fintech,Bengaluru,Social Media,Monthly,22,840.0,10080.0,1.0,52.0,6,3400.0,2022-01-28,2023-11-23,1,10080.0
RIQ-00350,Basic,Edtech,Mumbai,Referral,Monthly,49,890.0,10680.0,2.0,12.0,1,2700.0,2023-08-15,,0,0.0
RIQ-00351,Pro,E-commerce,Pune,Direct,Annual,17,2020.0,24240.0,1.0,100.0,11,9400.0,2023-09-27,,0,0.0
RIQ-00352,Basic,E-commerce,Delhi,Organic Search,Annual,11,620.0,7440.0,1.0,83.0,10,4800.0,2023-08-10,,0,0.0
RIQ-00353,Basic,Healthcare,Bengaluru,Organic Search,Monthly,7,660.0,7920.0,2.0,43.0,5,3200.0,2022-06-05,,0,0.0
RIQ-00354,Basic,Healthcare,Hyderabad,Social Media,Annual,15,800.0,9600.0,0.0,85.0,4,4600.0,2023-04-28,,0,0.0
RIQ-00355,Basic,Healthcare,Mumbai,Email Campaign,Monthly,29,570.0,6840.0,1.0,43.0,4,3700.0,2022-08-01,,0,0.0
RIQ-00356,Enterprise,Fintech,Bengaluru,Email Campaign,Monthly,60,6880.0,82560.0,0.0,64.0,25,41900.0,2022-06-27,,0,0.0
RIQ-00357,Pro,Edtech,Mumbai,Social Media,Annual,38,2170.0,26040.0,1.0,51.0,13,12200.0,2023-11-29,,0,0.0
RIQ-00358,Pro,Edtech,Pune,Social Media,Annual,28,1690.0,20280.0,2.0,71.0,13,8700.0,2022-09-10,,0,0.0
RIQ-00359,Basic,Fintech,Bengaluru,Organic Search,Monthly,1,990.0,11880.0,3.0,34.0,6,2600.0,2022-10-23,2022-11-29,1,11880.0
RIQ-00360,Basic,E-commerce,Delhi,Organic Search,Monthly,5,670.0,8040.0,2.0,41.0,6,2400.0,2022-10-08,2023-03-01,1,8040.0
RIQ-00361,Basic,Fintech,Bengaluru,Email Campaign,Monthly,7,990.0,11880.0,1.0,48.0,1,4300.0,2022-12-20,2023-08-02,1,11880.0
RIQ-00362,Enterprise,Healthcare,Delhi,Organic Search,Annual,6,9780.0,117360.0,0.0,75.0,17,30300.0,2022-03-22,,0,0.0
RIQ-00363,Enterprise,Fintech,Chennai,Organic Search,Annual,14,7390.0,88680.0,1.0,54.0,29,42500.0,2022-07-26,,0,0.0
RIQ-00364,Basic,Edtech,Mumbai,Organic Search,Monthly,26,630.0,7560.0,3.0,39.0,5,3800.0,2022-04-22,,0,0.0
RIQ-00365,Pro,Edtech,Bengaluru,Direct,Annual,2,2170.0,26040.0,0.0,83.0,11,8100.0,2023-06-28,,0,0.0
RIQ-00366,Pro,Healthcare,Delhi,Social Media,Annual,9,1830.0,21960.0,1.0,51.0,18,12900.0,2023-04-29,,0,0.0
RIQ-00367,Pro,Healthcare,Pune,Email Campaign,Monthly,1,2050.0,24600.0,1.0,85.0,5,14400.0,2022-06-11,,0,0.0
RIQ-00368,Enterprise,E-commerce,Hyderabad,Social Media,Annual,4,7390.0,88680.0,0.0,64.0,17,31400.0,2022-07-24,,0,0.0
RIQ-00369,Basic,Edtech,Bengaluru,Social Media,Monthly,2,530.0,6360.0,3.0,66.0,3,3700.0,2022-04-02,2022-06-06,1,6360.0
RIQ-00370,Pro,Fintech,Pune,Referral,Annual,16,2440.0,29280.0,1.0,52.0,7,13500.0,2022-06-29,,0,0.0
RIQ-00371,Basic,E-commerce,Bengaluru,Paid Search,Monthly,11,520.0,6240.0,0.0,56.0,6,3500.0,2023-02-11,2024-01-17,1,6240.0
RIQ-00372,Basic,Fintech,Bengaluru,Social Media,Annual,6,960.0,11520.0,2.0,49.0,10,2000.0,2022-02-08,,0,0.0
RIQ-00373,Pro,Edtech,Hyderabad,Direct,Monthly,14,2480.0,29760.0,0.0,47.0,11,11800.0,2022-10-19,,0,0.0
RIQ-00374,Pro,Fintech,Bengaluru,Referral,Monthly,2,2390.0,28680.0,0.0,63.0,8,8500.0,2022-05-18,2022-07-29,1,28680.0
RIQ-00375,Basic,Healthcare,Mumbai,Referral,Monthly,9,660.0,7920.0,2.0,86.0,1,3900.0,2023-04-15,,0,0.0
RIQ-00376,Enterprise,Healthcare,Hyderabad,Paid Search,Annual,60,6680.0,80160.0,0.0,81.0,21,27000.0,2022-10-30,,0,0.0
RIQ-00377,Basic,Healthcare,Bengaluru,Referral,Monthly,3,930.0,11160.0,3.0,55.0,6,3300.0,2023-02-20,2023-06-01,1,11160.0
RIQ-00378,Pro,Fintech,Chennai,Social Media,Monthly,3,1590.0,19080.0,2.0,62.0,8,8200.0,2022-05-24,2022-08-22,1,19080.0
RIQ-00379,Pro,Fintech,Delhi,Social Media,Monthly,6,1730.0,20760.0,0.0,63.0,14,8700.0,2022-10-01,,0,0.0
RIQ-00380,Enterprise,Healthcare,Mumbai,Direct,Monthly,14,5060.0,60720.0,0.0,74.0,19,46700.0,2023-11-01,,0,0.0
RIQ-00381,Basic,Healthcare,Pune,Paid Search,Monthly,16,730.0,8760.0,2.0,50.0,6,4100.0,2022-06-13,2023-10-03,1,8760.0
RIQ-00382,Basic,Fintech,Bengaluru,Organic Search,Monthly,3,880.0,10560.0,2.0,42.0,7,4700.0,2022-05-01,2022-08-04,1,10560.0
RIQ-00383,Pro,Healthcare,Delhi,Email Campaign,Monthly,3,1720.0,20640.0,2.0,71.0,12,12700.0,2022-05-17,2022-08-15,1,20640.0
RIQ-00384,Pro,Edtech,Pune,Social Media,Annual,3,1910.0,22920.0,2.0,63.0,21,12800.0,2023-07-17,,0,0.0
RIQ-00385,Pro,Healthcare,Hyderabad,Organic Search,Monthly,30,2320.0,27840.0,2.0,68.0,16,11400.0,2022-09-11,,0,0.0
RIQ-00386,Enterprise,E-commerce,Chennai,Referral,Annual,28,7630.0,91560.0,0.0,92.0,19,42600.0,2023-06-25,,0,0.0
RIQ-00387,Basic,Edtech,Chennai,Paid Search,Monthly,4,530.0,6360.0,2.0,45.0,10,3500.0,2023-07-15,2023-11-25,1,6360.0
RIQ-00388,enterprise,E-commerce,Mumbai,Referral,Annual,26,6640.0,79680.0,1.0,63.0,24,48700.0,2023-06-17,,0,0.0
RIQ-00389,Basic,Edtech,Delhi,Email Campaign,Monthly,6,740.0,8880.0,3.0,40.0,8,4400.0,2023-06-07,2023-12-03,1,8880.0
RIQ-00390,Basic,E-commerce,Mumbai,Direct,Monthly,15,730.0,8760.0,1.0,50.0,6,3400.0,2022-03-01,2023-05-27,1,8760.0
RIQ-00391,Basic,Edtech,Delhi,Referral,Monthly,11,700.0,8400.0,0.0,67.0,4,2700.0,2022-01-04,2022-12-08,1,8400.0
RIQ-00392,Pro,Edtech,Pune,Email Campaign,Annual,1,2200.0,26400.0,1.0,61.0,15,14400.0,2023-07-09,,0,0.0
RIQ-00393,Basic,Edtech,Chennai,Email Campaign,Annual,1,970.0,11640.0,2.0,19.0,3,3200.0,2022-02-02,2022-02-26,1,11640.0
RIQ-00394,Pro,E-commerce,Delhi,Paid Search,Monthly,5,2480.0,29760.0,0.0,66.0,8,9400.0,2023-10-24,,0,0.0
RIQ-00395,Basic,Healthcare,Chennai,Social Media,Monthly,4,720.0,8640.0,0.0,25.0,1,2200.0,2023-01-22,2023-05-19,1,8640.0
RIQ-00396,Pro,E-commerce,Hyderabad,Organic Search,Monthly,2,1630.0,19560.0,1.0,65.0,19,14900.0,2022-12-23,,0,0.0
RIQ-00397,Basic,Healthcare,Mumbai,Email Campaign,Monthly,1,560.0,6720.0,6.0,27.0,1,2000.0,2022-08-17,2022-09-27,1,6720.0
RIQ-00398,Basic,E-commerce,Hyderabad,Organic Search,Monthly,3,840.0,10080.0,4.0,29.0,6,3600.0,2023-07-12,2023-10-08,1,10080.0
RIQ-00399,Basic,E-commerce,Chennai,Direct,Annual,4,670.0,8040.0,0.0,37.0,1,4800.0,2022-10-10,2023-01-29,1,8040.0
RIQ-00400,Pro,E-commerce,Chennai,Social Media,Monthly,24,2310.0,27720.0,0.0,40.0,15,14400.0,2023-03-06,,0,0.0
RIQ-00401,Enterprise,Healthcare,Hyderabad,Email Campaign,Annual,3,6200.0,74400.0,0.0,93.0,16,43900.0,2022-03-10,,0,0.0
RIQ-00402,Pro,Healthcare,Delhi,Organic Search,Annual,4,2200.0,26400.0,0.0,79.0,8,6400.0,2022-02-19,,0,0.0
RIQ-00403,Basic,Healthcare,Mumbai,Social Media,Monthly,13,770.0,9240.0,,39.0,9,3500.0,2022-02-27,2023-03-13,1,9240.0
RIQ-00404,Pro,Edtech,Mumbai,Referral,Monthly,5,2230.0,26760.0,1.0,53.0,10,13000.0,2022-11-23,,0,0.0
RIQ-00405,Basic,Edtech,Mumbai,Paid Search,Annual,21,620.0,7440.0,2.0,50.0,12,5000.0,2022-05-27,,0,0.0
RIQ-00406,Basic,E-commerce,Mumbai,Direct,Monthly,4,640.0,7680.0,2.0,62.0,6,3800.0,2023-07-25,2023-12-07,1,7680.0
RIQ-00407,Basic,E-commerce,Hyderabad,Direct,Monthly,5,840.0,10080.0,3.0,57.0,4,2100.0,2023-07-24,2023-12-21,1,10080.0
RIQ-00408,Pro,Edtech,Bengaluru,Email Campaign,Monthly,8,1880.0,22560.0,3.0,69.0,15,9700.0,2023-06-22,2024-02-12,1,22560.0
RIQ-00409,Basic,Fintech,Bengaluru,Referral,Monthly,4,590.0,7080.0,1.0,50.0,12,2700.0,2023-07-05,2023-11-02,1,7080.0
RIQ-00410,Pro,Edtech,Mumbai,Direct,Annual,21,1640.0,19680.0,2.0,63.0,17,11100.0,2023-04-20,,0,0.0
RIQ-00411,Basic,E-commerce,Mumbai,Organic Search,Annual,1,780.0,9360.0,3.0,23.0,6,3200.0,2022-05-18,,0,0.0
RIQ-00412,Pro,Fintech,Chennai,Social Media,Annual,7,1580.0,18960.0,1.0,80.0,11,6800.0,2023-04-06,,0,0.0
RIQ-00413,Basic,Healthcare,Delhi,Email Campaign,Annual,1,590.0,7080.0,2.0,,4,4000.0,2022-10-02,2022-10-29,1,7080.0
RIQ-00414,Pro,E-commerce,Mumbai,Organic Search,Annual,7,1690.0,20280.0,2.0,72.0,13,11000.0,2023-08-25,,0,0.0
RIQ-00415,Basic,E-commerce,Mumbai,Referral,Monthly,2,930.0,11160.0,2.0,24.0,7,4900.0,2022-12-07,2023-01-30,1,11160.0
RIQ-00416,Enterprise,Fintech,Chennai,Email Campaign,Annual,26,9810.0,117720.0,0.0,95.0,28,56600.0,2022-05-01,,0,0.0
RIQ-00417,Basic,Edtech,Bengaluru,Organic Search,Monthly,14,850.0,10200.0,1.0,79.0,2,4700.0,2022-07-29,2023-09-19,1,10200.0
RIQ-00418,Pro,Edtech,Chennai,Direct,Annual,12,1880.0,22560.0,0.0,24.0,12,8400.0,2023-07-01,2024-06-30,1,22560.0
RIQ-00419,Pro,Fintech,Bengaluru,Organic Search,Monthly,58,2000.0,24000.0,1.0,60.0,7,10200.0,2022-04-11,2027-01-25,1,24000.0
RIQ-00420,Basic,Healthcare,Delhi,Organic Search,Monthly,6,960.0,11520.0,1.0,27.0,6,3200.0,2023-01-15,2023-07-09,1,11520.0
RIQ-00421,Pro,E-commerce,Mumbai,Social Media,Monthly,30,1640.0,19680.0,0.0,52.0,13,11300.0,2022-09-25,,0,0.0
RIQ-00422,Pro,Edtech,Delhi,Organic Search,Monthly,8,1790.0,21480.0,0.0,90.0,17,9400.0,2022-07-20,,0,0.0
RIQ-00423,Basic,Edtech,Hyderabad,Paid Search,Monthly,4,750.0,9000.0,1.0,60.0,5,4100.0,2023-11-02,2024-03-16,1,9000.0
RIQ-00424,Basic,Edtech,Pune,Social Media,Monthly,6,980.0,11760.0,0.0,69.0,1,3500.0,2023-10-20,2024-04-25,1,11760.0
RIQ-00425,Enterprise,Fintech,Mumbai,Social Media,Annual,41,5850.0,70200.0,1.0,88.0,23,41700.0,2023-07-14,,0,0.0
RIQ-00426,Basic,E-commerce,Chennai,Email Campaign,Monthly,10,820.0,9840.0,1.0,42.0,12,3600.0,2022-03-02,,0,0.0
RIQ-00427,Basic,Edtech,Bengaluru,Organic Search,Monthly,34,910.0,10920.0,1.0,56.0,3,4300.0,2022-02-19,,0,0.0
RIQ-00428,Basic,E-commerce,Bengaluru,Email Campaign,Monthly,18,610.0,7320.0,0.0,60.0,6,2000.0,2022-06-04,,0,0.0
RIQ-00429,Basic,Healthcare,Hyderabad,Direct,Annual,10,810.0,9720.0,2.0,67.0,1,4800.0,2023-11-14,,0,0.0
RIQ-00430,Basic,Fintech,Hyderabad,Organic Search,Monthly,4,510.0,6120.0,1.0,66.0,4,3700.0,2023-06-29,,0,0.0
RIQ-00431,Basic,Healthcare,Mumbai,Paid Search,Monthly,12,640.0,7680.0,2.0,29.0,8,3500.0,2022-10-21,2023-10-01,1,7680.0
RIQ-00432,Basic,E-commerce,Delhi,Social Media,Monthly,1,970.0,11640.0,2.0,75.0,10,4800.0,2022-07-03,2022-07-21,1,11640.0
RIQ-00433,Basic,Edtech,Mumbai,Referral,Monthly,9,810.0,9720.0,0.0,47.0,5,4400.0,2022-09-16,,0,0.0
RIQ-00434,Enterprise,Fintech,Bengaluru,Email Campaign,Annual,56,6860.0,82320.0,1.0,81.0,21,47900.0,2023-02-20,,0,0.0
RIQ-00435,Pro,Edtech,Mumbai,Social Media,Monthly,9,1800.0,21600.0,1.0,66.0,19,13700.0,2022-03-24,,0,0.0
RIQ-00436,Basic,E-commerce,Bengaluru,Email Campaign,Monthly,3,550.0,6600.0,1.0,62.0,3,3700.0,2023-01-24,2023-04-21,1,6600.0
RIQ-00437,Basic,Edtech,Chennai,Paid Search,Annual,36,580.0,6960.0,1.0,43.0,9,4500.0,2023-05-27,,0,0.0
RIQ-00438,Basic,E-commerce,Hyderabad,Paid Search,Monthly,2,990.0,11880.0,0.0,43.0,1,3600.0,2022-04-08,2022-06-20,1,11880.0
RIQ-00439,Basic,Fintech,Mumbai,Email Campaign,Annual,18,930.0,11160.0,2.0,61.0,4,3400.0,2023-08-04,,0,0.0
RIQ-00440,Pro,Healthcare,Chennai,Social Media,Monthly,10,2420.0,29040.0,0.0,32.0,16,6300.0,2023-07-11,,0,0.0
RIQ-00441,Enterprise,E-commerce,Bengaluru,Organic Search,Monthly,5,6570.0,78840.0,1.0,59.0,17,48500.0,2022-08-01,,0,0.0
RIQ-00442,Enterprise,Healthcare,Delhi,Social Media,Monthly,60,6990.0,83880.0,0.0,75.0,24,42700.0,2022-03-20,,0,0.0
RIQ-00443,Basic,Fintech,Hyderabad,Direct,Monthly,3,920.0,11040.0,2.0,44.0,10,3600.0,2023-11-25,2024-03-07,1,11040.0
RIQ-00444,Basic,Fintech,Bengaluru,Direct,Monthly,8,890.0,10680.0,2.0,16.0,1,4200.0,2022-03-22,2022-11-18,1,10680.0
RIQ-00445,Basic,Fintech,Bengaluru,Paid Search,Monthly,14,620.0,7440.0,1.0,14.0,6,3000.0,2022-03-19,,0,0.0
RIQ-00446,Basic,Edtech,Chennai,Social Media,Annual,16,700.0,8400.0,1.0,49.0,10,2100.0,2022-12-01,,0,0.0
RIQ-00447,Basic,Edtech,Delhi,Email Campaign,Monthly,3,740.0,8880.0,3.0,11.0,3,4800.0,2022-12-31,2023-04-02,1,8880.0
RIQ-00448,Basic,Fintech,Mumbai,Organic Search,Monthly,4,830.0,9960.0,1.0,8.0,5,3900.0,2022-03-29,2022-08-05,1,9960.0
RIQ-00449,Enterprise,Edtech,Bengaluru,Social Media,Annual,60,5410.0,64920.0,0.0,95.0,25,26200.0,2022-06-07,,0,0.0
RIQ-00450,Pro,E-commerce,Bengaluru,Referral,Monthly,4,1890.0,22680.0,1.0,59.0,18,14500.0,2023-01-05,2023-04-23,1,22680.0
RIQ-00451,Enterprise,E-commerce,Mumbai,Paid Search,Annual,28,8810.0,105720.0,1.0,57.0,18,38000.0,2022-04-15,,0,0.0
RIQ-00452,Pro,E-commerce,Delhi,Social Media,Monthly,60,2050.0,24600.0,2.0,58.0,12,6800.0,2023-02-22,,0,0.0
RIQ-00453,Pro,Healthcare,Pune,Paid Search,Monthly,19,2100.0,25200.0,0.0,64.0,12,6100.0,2022-11-29,,0,0.0
RIQ-00454,Basic,Fintech,Pune,Paid Search,Annual,14,890.0,10680.0,1.0,61.0,10,4700.0,2023-07-27,,0,0.0
RIQ-00455,Pro,Fintech,Chennai,Organic Search,Annual,23,1670.0,20040.0,1.0,24.0,12,8400.0,2023-01-25,,0,0.0
RIQ-00456,Pro,Fintech,Bengaluru,Organic Search,Monthly,5,1640.0,19680.0,1.0,62.0,8,8700.0,2022-06-21,2022-11-16,1,19680.0
RIQ-00457,Basic,E-commerce,Chennai,Email Campaign,Annual,10,680.0,8160.0,0.0,56.0,8,3900.0,2022-09-10,2023-07-15,1,8160.0
RIQ-00458,Pro,Healthcare,Bengaluru,Referral,Monthly,10,1610.0,19320.0,1.0,49.0,14,9600.0,2022-11-08,,0,0.0
RIQ-00459,Basic,E-commerce,Hyderabad,Email Campaign,Monthly,2,690.0,8280.0,0.0,2.0,14,3000.0,2022-12-04,2023-02-01,1,8280.0
RIQ-00460,Pro,Healthcare,Hyderabad,Organic Search,Monthly,2,2470.0,29640.0,0.0,,12,11400.0,2022-05-20,,0,0.0
RIQ-00461,Enterprise,Fintech,Pune,Referral,Annual,4,7390.0,88680.0,1.0,49.0,26,31700.0,2022-07-01,,0,0.0
RIQ-00462,Basic,Healthcare,Mumbai,Referral,Monthly,11,850.0,10200.0,3.0,53.0,10,3700.0,2023-05-18,2024-04-27,1,10200.0
RIQ-00463,Pro,Healthcare,Chennai,Social Media,Annual,1,2320.0,27840.0,0.0,71.0,17,11100.0,2023-02-07,2023-03-05,1,27840.0
RIQ-00464,Basic,Edtech,Chennai,Referral,Monthly,3,770.0,9240.0,1.0,43.0,6,3700.0,2023-11-30,2024-03-08,1,9240.0
RIQ-00465,Pro,Fintech,Hyderabad,Paid Search,Annual,7,2210.0,26520.0,0.0,56.0,14,13500.0,2023-03-25,,0,0.0
RIQ-00466,Enterprise,Edtech,Bengaluru,Organic Search,Annual,32,9240.0,110880.0,1.0,96.0,20,32100.0,2023-02-23,,0,0.0
RIQ-00467,Pro,E-commerce,Mumbai,Direct,Monthly,28,1750.0,21000.0,1.0,58.0,18,13100.0,2022-06-07,,0,0.0
RIQ-00468,Basic,Fintech,Bengaluru,Organic Search,Monthly,2,990.0,11880.0,1.0,65.0,7,3200.0,2023-05-06,2023-07-08,1,11880.0
RIQ-00469,Pro,Healthcare,Delhi,Paid Search,Annual,15,2190.0,26280.0,0.0,83.0,21,14700.0,2023-07-11,,0,0.0
RIQ-00470,Basic,Edtech,Mumbai,Organic Search,Annual,10,910.0,10920.0,3.0,78.0,10,3900.0,2023-09-01,,0,0.0
RIQ-00471,Pro,E-commerce,Hyderabad,Email Campaign,Annual,6,2160.0,25920.0,1.0,40.0,15,11500.0,2022-12-30,,0,0.0
RIQ-00472,Basic,Edtech,Chennai,Paid Search,Monthly,2,820.0,9840.0,3.0,22.0,8,4900.0,2023-10-25,2023-12-21,1,9840.0
RIQ-00473,Pro,Fintech,Delhi,Social Media,Annual,9,1600.0,19200.0,1.0,44.0,8,10600.0,2022-04-11,,0,0.0
RIQ-00474,Enterprise,E-commerce,Pune,Organic Search,Annual,30,7900.0,94800.0,1.0,74.0,23,38500.0,2023-08-13,,0,0.0
RIQ-00475,Basic,E-commerce,Delhi,Organic Search,Monthly,2,840.0,10080.0,0.0,69.0,4,3000.0,2023-05-28,2023-07-16,1,10080.0
RIQ-00476,Pro,E-commerce,Mumbai,Organic Search,Annual,42,1910.0,22920.0,1.0,70.0,22,14500.0,2022-03-29,,0,0.0
RIQ-00477,Pro,E-commerce,Mumbai,Social Media,Annual,36,1810.0,21720.0,3.0,81.0,18,10700.0,2023-04-12,,0,0.0
RIQ-00478,Pro,E-commerce,Pune,Organic Search,Monthly,25,1600.0,19200.0,1.0,43.0,21,8700.0,2023-04-09,,0,0.0
RIQ-00479,Pro,Healthcare,Chennai,Organic Search,Annual,34,1610.0,19320.0,1.0,59.0,13,12100.0,2022-12-18,,0,0.0
RIQ-00480,Pro,E-commerce,Hyderabad,Organic Search,Annual,8,2480.0,29760.0,1.0,52.0,16,11000.0,2022-09-07,,0,0.0
RIQ-00481,Pro,E-commerce,Mumbai,Direct,Annual,6,1930.0,23160.0,2.0,77.0,9,9600.0,2023-04-19,,0,0.0
RIQ-00482,Basic,Fintech,Mumbai,Direct,Annual,27,820.0,9840.0,1.0,39.0,4,3200.0,2023-03-19,,0,0.0
RIQ-00483,Basic,Edtech,Chennai,Referral,Monthly,5,720.0,8640.0,2.0,38.0,5,2000.0,2023-03-16,2023-08-10,1,8640.0
RIQ-00484,Pro,Healthcare,Bengaluru,Email Campaign,Monthly,10,2200.0,26400.0,2.0,86.0,8,13200.0,2022-03-06,,0,0.0
RIQ-00485,Basic,Healthcare,Bengaluru,Email Campaign,Monthly,5,680.0,8160.0,4.0,24.0,13,2300.0,2022-07-21,2022-12-17,1,8160.0
RIQ-00486,Basic,Healthcare,Delhi,Paid Search,Annual,11,980.0,11760.0,2.0,40.0,10,3200.0,2022-11-17,2023-10-17,1,11760.0
RIQ-00487,Basic,E-commerce,Bengaluru,Social Media,Monthly,6,670.0,8040.0,0.0,74.0,3,2500.0,2023-04-14,2023-10-15,1,8040.0
RIQ-00488,Basic,Healthcare,Bengaluru,Paid Search,Monthly,3,960.0,11520.0,3.0,51.0,9,4000.0,2023-08-28,2023-11-13,1,11520.0
RIQ-00489,Basic,Fintech,Delhi,Direct,Monthly,6,560.0,6720.0,4.0,56.0,12,2400.0,2023-01-18,2023-07-24,1,6720.0
RIQ-00490,Basic,E-commerce,Chennai,Paid Search,Monthly,25,790.0,9480.0,3.0,30.0,5,2600.0,2023-03-10,,0,0.0
RIQ-00491,Pro,E-commerce,Mumbai,Social Media,Annual,42,2140.0,25680.0,1.0,46.0,14,10400.0,2022-06-27,,0,0.0
RIQ-00492,Basic,Fintech,Mumbai,Direct,Monthly,2,660.0,7920.0,2.0,57.0,10,3900.0,2023-04-07,,0,0.0
RIQ-00493,Basic,Edtech,Delhi,Direct,Monthly,4,740.0,8880.0,2.0,30.0,2,3200.0,2022-07-19,2022-11-27,1,8880.0
RIQ-00494,Basic,Healthcare,Chennai,Paid Search,Monthly,4,700.0,8400.0,0.0,62.0,8,4100.0,2023-05-19,2023-09-14,1,8400.0
RIQ-00495,Pro,Fintech,Mumbai,Referral,Annual,6,2060.0,24720.0,1.0,54.0,18,8500.0,2022-08-14,,0,0.0
RIQ-00496,Pro,Edtech,Pune,Direct,Monthly,2,1670.0,20040.0,3.0,69.0,15,13000.0,2023-04-14,,0,0.0
RIQ-00497,Basic,E-commerce,Bengaluru,Social Media,Monthly,9,750.0,9000.0,0.0,58.0,6,2300.0,2023-08-10,,0,0.0
RIQ-00498,Basic,Edtech,Bengaluru,Social Media,Monthly,1,680.0,8160.0,3.0,52.0,2,4200.0,2022-02-12,2022-03-23,1,8160.0
RIQ-00499,Pro,E-commerce,Chennai,Social Media,Annual,2,1600.0,19200.0,1.0,71.0,15,8700.0,2023-11-01,,0,0.0
RIQ-00500,Basic,Fintech,Mumbai,Social Media,Annual,7,720.0,8640.0,0.0,64.0,4,4500.0,2022-12-23,2023-08-02,1,8640.0
RIQ-00501,Basic,E-commerce,Pune,Organic Search,Annual,11,890.0,10680.0,0.0,,11,2600.0,2022-08-31,,0,0.0
RIQ-00502,Pro,E-commerce,Hyderabad,Email Campaign,Annual,3,2360.0,28320.0,2.0,40.0,12,7500.0,2023-09-17,,0,0.0
RIQ-00503,Basic,Edtech,Pune,Direct,Annual,6,600.0,7200.0,4.0,25.0,1,4400.0,2022-07-31,,0,0.0
RIQ-00504,Basic,Edtech,Bengaluru,Social Media,Annual,3,800.0,9600.0,2.0,40.0,4,4900.0,2022-06-22,2022-09-15,1,9600.0
RIQ-00505,Basic,Edtech,Delhi,Organic Search,Monthly,4,980.0,11760.0,2.0,54.0,5,4000.0,2023-06-11,2023-10-22,1,11760.0
RIQ-00506,Basic,Edtech,Hyderabad,Paid Search,Monthly,10,890.0,10680.0,0.0,70.0,4,4600.0,2022-03-02,2022-12-20,1,10680.0
RIQ-00507,Basic,Fintech,Mumbai,Email Campaign,Monthly,2,620.0,7440.0,3.0,44.0,1,2700.0,2022-11-26,2023-02-05,1,7440.0
RIQ-00508,Enterprise,Healthcare,Delhi,Direct,Annual,23,5710.0,68520.0,0.0,93.0,27,38100.0,2023-10-10,,0,0.0
RIQ-00509,Pro,E-commerce,Mumbai,Organic Search,Monthly,60,2130.0,25560.0,2.0,47.0,12,12700.0,2022-04-06,,0,0.0
RIQ-00510,Pro,Edtech,Mumbai,Organic Search,Monthly,2,2380.0,28560.0,2.0,59.0,19,11200.0,2023-04-11,2023-06-25,1,28560.0
RIQ-00511,Pro,Fintech,Mumbai,Social Media,Monthly,11,2350.0,28200.0,2.0,50.0,14,11700.0,2022-04-06,2023-03-10,1,28200.0
RIQ-00512,Basic,Fintech,Hyderabad,Organic Search,Monthly,15,920.0,11040.0,1.0,32.0,1,2700.0,2023-07-02,2024-09-21,1,11040.0
RIQ-00513,Basic,Healthcare,Mumbai,Organic Search,Monthly,1,630.0,7560.0,1.0,45.0,11,3600.0,2022-10-18,2022-11-12,1,7560.0
RIQ-00514,Basic,E-commerce,Delhi,Social Media,Monthly,2,890.0,10680.0,0.0,55.0,8,2100.0,2023-11-30,2024-02-07,1,10680.0
RIQ-00515,Basic,Fintech,Hyderabad,Email Campaign,Monthly,23,730.0,8760.0,1.0,56.0,4,4600.0,2022-05-08,2024-04-11,1,8760.0
RIQ-00516,Pro,Edtech,Chennai,Referral,Monthly,2,2460.0,29520.0,1.0,43.0,7,14200.0,2022-07-27,,0,0.0
RIQ-00517,Basic,Edtech,Delhi,Email Campaign,Annual,14,650.0,7800.0,1.0,26.0,4,2300.0,2022-10-08,,0,0.0
RIQ-00518,Basic,Edtech,Mumbai,Referral,Annual,2,830.0,9960.0,5.0,37.0,1,2500.0,2023-10-27,,0,0.0
RIQ-00519,Pro,Healthcare,Pune,Direct,Annual,2,2200.0,26400.0,2.0,41.0,15,6800.0,2022-08-28,,0,0.0
RIQ-00520,Basic,Edtech,Mumbai,Paid Search,Monthly,1,610.0,7320.0,3.0,36.0,8,3800.0,2022-03-21,2022-04-09,1,7320.0
RIQ-00521,Basic,Healthcare,Pune,Social Media,Monthly,32,500.0,6000.0,0.0,62.0,1,4500.0,2022-12-18,,0,0.0
RIQ-00522,Basic,Edtech,Bengaluru,Referral,Annual,3,570.0,6840.0,2.0,49.0,11,2700.0,2022-03-14,,0,0.0
RIQ-00523,Basic,Fintech,Pune,Social Media,Monthly,28,550.0,6600.0,1.0,54.0,5,4600.0,2023-01-12,,0,0.0
RIQ-00524,Enterprise,Edtech,Mumbai,Referral,Annual,11,8760.0,105120.0,1.0,100.0,21,22700.0,2022-05-17,,0,0.0
RIQ-00525,Basic,Edtech,Bengaluru,Email Campaign,Annual,4,780.0,9360.0,2.0,50.0,5,4000.0,2023-09-17,,0,0.0
RIQ-00526,Pro,E-commerce,Bengaluru,Social Media,Annual,13,2130.0,25560.0,0.0,59.0,16,12200.0,2022-06-05,2023-07-14,1,25560.0
RIQ-00527,Basic,Fintech,Bengaluru,Social Media,Monthly,3,540.0,6480.0,1.0,41.0,1,4300.0,2022-04-13,2022-07-01,1,6480.0
RIQ-00528,Pro,Fintech,Pune,Social Media,Annual,2,2460.0,29520.0,0.0,63.0,15,8500.0,2022-11-19,2023-01-28,1,29520.0
RIQ-00529,Basic,E-commerce,Bengaluru,Direct,Monthly,28,780.0,9360.0,4.0,16.0,5,4200.0,2023-09-07,,0,0.0
RIQ-00530,Pro,Edtech,Mumbai,Social Media,Annual,29,1530.0,18360.0,1.0,75.0,16,7800.0,2023-11-06,,0,0.0
RIQ-00531,Pro,Edtech,Mumbai,Paid Search,Annual,10,1690.0,20280.0,1.0,46.0,17,13100.0,2023-02-06,2023-11-27,1,20280.0
RIQ-00532,Basic,Fintech,Hyderabad,Direct,Annual,3,620.0,7440.0,2.0,52.0,9,2700.0,2023-01-31,2023-04-19,1,7440.0
RIQ-00533,Pro,E-commerce,Pune,Paid Search,Monthly,7,2390.0,28680.0,2.0,78.0,12,7200.0,2022-01-13,2022-08-07,1,28680.0
RIQ-00534,Basic,Edtech,Chennai,Email Campaign,Monthly,6,780.0,9360.0,2.0,37.0,1,3600.0,2023-01-10,,0,0.0
RIQ-00535,Pro,E-commerce,Bengaluru,Referral,Monthly,46,2490.0,29880.0,2.0,93.0,22,6600.0,2022-03-16,,0,0.0
RIQ-00536,Basic,E-commerce,Mumbai,Referral,Annual,1,520.0,6240.0,4.0,66.0,6,4800.0,2022-03-03,,0,0.0
RIQ-00537,Basic,Healthcare,Mumbai,Referral,Monthly,5,860.0,10320.0,0.0,22.0,2,3300.0,2023-03-02,,0,0.0
RIQ-00538,Basic,Healthcare,Mumbai,Social Media,Monthly,1,770.0,9240.0,8.0,46.0,1,2300.0,2022-06-06,2022-06-29,1,9240.0
RIQ-00539,Basic,Fintech,Mumbai,Organic Search,Monthly,6,990.0,11880.0,3.0,16.0,9,3000.0,2022-06-09,2022-12-08,1,11880.0
RIQ-00540,Enterprise,E-commerce,Delhi,Organic Search,Monthly,8,8250.0,99000.0,1.0,74.0,18,49200.0,2023-10-21,,0,0.0
RIQ-00541,Pro,Fintech,Chennai,Email Campaign,Annual,19,2350.0,28200.0,0.0,71.0,15,14300.0,2022-03-01,,0,0.0
RIQ-00542,Basic,Healthcare,Hyderabad,Direct,Monthly,2,810.0,9720.0,1.0,34.0,8,2900.0,2022-02-26,,0,0.0
RIQ-00543,Basic,Healthcare,Delhi,Email Campaign,Monthly,7,560.0,6720.0,2.0,42.0,5,4100.0,2022-05-21,,0,0.0
RIQ-00544,Basic,Fintech,Mumbai,Email Campaign,Monthly,28,760.0,9120.0,1.0,47.0,2,3100.0,2022-09-23,2024-12-31,1,9120.0
RIQ-00545,Basic,Edtech,Bengaluru,Social Media,Monthly,1,870.0,10440.0,3.0,31.0,1,4700.0,2022-05-01,2022-06-09,1,10440.0
RIQ-00546,Basic,Edtech,Hyderabad,Social Media,Annual,4,760.0,9120.0,2.0,48.0,4,4900.0,2022-09-27,2023-02-01,1,9120.0
RIQ-00547,Basic,Fintech,Pune,Direct,Monthly,11,750.0,9000.0,0.0,28.0,12,4600.0,2022-02-26,2023-01-22,1,9000.0
RIQ-00548,Basic,Fintech,Bengaluru,Paid Search,Monthly,4,890.0,10680.0,3.0,49.0,5,4200.0,2023-08-11,2023-12-15,1,10680.0
RIQ-00549,Pro,Edtech,Pune,Social Media,Monthly,2,1540.0,18480.0,0.0,75.0,14,10200.0,2022-01-13,,0,0.0
RIQ-00550,Pro,E-commerce,Mumbai,Organic Search,Annual,21,1650.0,19800.0,0.0,62.0,4,14200.0,2022-02-06,,0,0.0
RIQ-00551,Basic,Edtech,Bengaluru,Email Campaign,Monthly,2,710.0,8520.0,4.0,52.0,2,3200.0,2022-11-26,2023-01-17,1,8520.0
RIQ-00552,Basic,Healthcare,Bengaluru,Organic Search,Annual,5,540.0,6480.0,4.0,60.0,5,2400.0,2023-01-17,,0,0.0
RIQ-00553,Pro,E-commerce,Pune,Paid Search,Monthly,4,1720.0,20640.0,0.0,34.0,11,6600.0,2023-06-13,2023-09-27,1,20640.0
RIQ-00554,Basic,Fintech,Bengaluru,Paid Search,Annual,11,640.0,7680.0,4.0,38.0,2,2300.0,2022-11-15,2023-10-06,1,7680.0
RIQ-00555,Basic,E-commerce,Pune,Referral,Monthly,3,640.0,7680.0,3.0,37.0,9,3900.0,2022-11-08,2023-02-14,1,7680.0
RIQ-00556,Basic,Edtech,Bengaluru,Organic Search,Monthly,13,750.0,9000.0,2.0,74.0,7,4200.0,2022-07-20,,0,0.0
RIQ-00557,Pro,E-commerce,Bengaluru,Referral,Annual,8,1650.0,19800.0,0.0,85.0,13,10900.0,2023-02-24,,0,0.0
RIQ-00558,Pro,Healthcare,Mumbai,Paid Search,Monthly,20,2190.0,26280.0,2.0,59.0,10,6000.0,2022-01-10,,0,0.0
RIQ-00559,Pro,E-commerce,Pune,Social Media,Annual,15,2350.0,28200.0,0.0,50.0,12,10800.0,2022-11-11,,0,0.0
RIQ-00560,Basic,E-commerce,Chennai,Paid Search,Monthly,2,750.0,9000.0,2.0,64.0,6,4900.0,2022-03-03,,0,0.0
RIQ-00561,Pro,E-commerce,Chennai,Social Media,Annual,6,1540.0,18480.0,1.0,84.0,13,10700.0,2022-08-26,,0,0.0
RIQ-00562,Basic,E-commerce,Mumbai,Organic Search,Monthly,3,690.0,8280.0,5.0,26.0,7,2300.0,2022-03-28,2022-06-29,1,8280.0
RIQ-00563,Pro,Edtech,Chennai,Organic Search,Annual,8,1570.0,18840.0,1.0,82.0,10,12000.0,2023-08-05,,0,0.0
RIQ-00564,Pro,Healthcare,Bengaluru,Email Campaign,Annual,6,1790.0,21480.0,1.0,29.0,12,9500.0,2022-11-19,,0,0.0
RIQ-00565,Basic,Edtech,Mumbai,Organic Search,Monthly,2,660.0,7920.0,3.0,11.0,2,2700.0,2023-04-09,2023-06-01,1,7920.0
RIQ-00566,Basic,E-commerce,Pune,Social Media,Annual,2,880.0,10560.0,3.0,91.0,1,2500.0,2022-04-22,,0,0.0
RIQ-00567,Basic,Healthcare,Mumbai,Paid Search,Annual,10,700.0,8400.0,2.0,60.0,6,4900.0,2023-07-03,2024-04-24,1,8400.0
RIQ-00568,Basic,Fintech,Mumbai,Direct,Monthly,20,630.0,7560.0,1.0,38.0,1,2300.0,2022-05-03,,0,0.0
RIQ-00569,Basic,E-commerce,Chennai,Direct,Monthly,13,850.0,10200.0,0.0,64.0,1,2100.0,2023-09-10,,0,0.0
RIQ-00570,Pro,E-commerce,Chennai,Direct,Annual,2,1590.0,19080.0,1.0,40.0,12,9600.0,2022-09-12,,0,0.0
RIQ-00571,Basic,E-commerce,Hyderabad,Paid Search,Monthly,16,650.0,7800.0,1.0,55.0,3,2100.0,2022-06-28,,0,0.0
RIQ-00572,Basic,Edtech,Bengaluru,Direct,Monthly,22,870.0,10440.0,1.0,45.0,1,2300.0,2022-09-13,,0,0.0
RIQ-00573,Enterprise,Edtech,Bengaluru,Email Campaign,Annual,47,5610.0,67320.0,0.0,61.0,14,25200.0,2022-03-05,,0,0.0
RIQ-00574,Basic,Fintech,Delhi,Organic Search,Monthly,3,910.0,10920.0,4.0,34.0,3,3900.0,2023-01-17,2023-04-23,1,10920.0
RIQ-00575,Basic,Healthcare,Bengaluru,Social Media,Monthly,22,630.0,7560.0,0.0,50.0,1,5000.0,2022-03-18,2023-12-23,1,7560.0
RIQ-00576,Basic,Fintech,Hyderabad,Referral,Annual,4,900.0,10800.0,0.0,26.0,5,4700.0,2022-04-05,,0,0.0
RIQ-00577,Basic,Fintech,Bengaluru,Paid Search,Monthly,14,520.0,6240.0,2.0,72.0,7,2500.0,2023-04-18,2024-05-28,1,6240.0
RIQ-00578,Enterprise,E-commerce,Hyderabad,Social Media,Annual,17,6970.0,83640.0,0.0,66.0,26,34200.0,2022-01-31,,0,0.0
RIQ-00579,Pro,Healthcare,Bengaluru,Social Media,Annual,50,2410.0,28920.0,1.0,87.0,9,14000.0,2022-10-09,,0,0.0
RIQ-00580,Pro,E-commerce,Delhi,Social Media,Annual,10,2120.0,25440.0,3.0,64.0,8,10500.0,2022-09-09,,0,0.0
RIQ-00581,Pro,Edtech,Bengaluru,Social Media,Annual,3,1980.0,23760.0,0.0,57.0,13,7200.0,2022-03-31,,0,0.0
RIQ-00582,Pro,Healthcare,Delhi,Referral,Monthly,1,2380.0,28560.0,0.0,71.0,16,14900.0,2023-06-23,,0,0.0
RIQ-00583,Basic,E-commerce,Delhi,Paid Search,Monthly,3,510.0,6120.0,2.0,65.0,6,4100.0,2023-01-27,2023-05-07,1,6120.0
RIQ-00584,Basic,Fintech,Bengaluru,Email Campaign,Monthly,26,670.0,8040.0,3.0,44.0,6,3500.0,2023-08-03,,0,0.0
RIQ-00585,Basic,Fintech,Bengaluru,Social Media,Annual,15,660.0,7920.0,1.0,81.0,7,2100.0,2022-08-13,,0,0.0
RIQ-00586,Pro,E-commerce,Chennai,Social Media,Annual,21,2310.0,27720.0,0.0,60.0,8,12900.0,2023-04-29,,0,0.0
RIQ-00587,Enterprise,Edtech,Bengaluru,Organic Search,Annual,46,9870.0,118440.0,0.0,75.0,24,41300.0,2022-04-13,,0,0.0
RIQ-00588,Basic,Fintech,Mumbai,Social Media,Monthly,2,890.0,10680.0,1.0,80.0,1,5000.0,2022-02-27,2022-05-07,1,10680.0
RIQ-00589,Basic,Fintech,Hyderabad,Social Media,Monthly,11,900.0,10800.0,2.0,84.0,5,4500.0,2022-12-30,2023-12-09,1,10800.0
RIQ-00590,Pro,Edtech,Mumbai,Organic Search,Annual,42,2090.0,25080.0,1.0,82.0,7,6300.0,2023-01-03,,0,0.0
RIQ-00591,Basic,Healthcare,Mumbai,Paid Search,Annual,26,970.0,11640.0,2.0,41.0,9,2400.0,2023-08-01,,0,0.0
RIQ-00592,Basic,E-commerce,Bengaluru,Direct,Annual,14,900.0,10800.0,0.0,56.0,13,3600.0,2023-05-20,,0,0.0
RIQ-00593,Basic,Healthcare,Delhi,Social Media,Monthly,1,530.0,6360.0,1.0,43.0,6,2100.0,2023-09-09,2023-10-01,1,6360.0
RIQ-00594,Basic,Edtech,Hyderabad,Email Campaign,Annual,8,810.0,9720.0,1.0,31.0,9,3000.0,2022-05-14,,0,0.0
RIQ-00595,Pro,E-commerce,Bengaluru,Referral,Annual,24,2370.0,28440.0,0.0,76.0,11,11300.0,2022-03-02,,0,0.0
RIQ-00596,Basic,Fintech,Hyderabad,Social Media,Monthly,8,890.0,10680.0,2.0,42.0,10,3100.0,2023-06-23,2024-03-01,1,10680.0
RIQ-00597,Basic,Healthcare,Delhi,Referral,Monthly,1,830.0,9960.0,3.0,16.0,6,3000.0,2023-08-24,2023-09-11,1,9960.0
RIQ-00598,Pro,E-commerce,Chennai,Social Media,Annual,8,2230.0,26760.0,1.0,50.0,25,14600.0,2023-03-24,,0,0.0
RIQ-00599,Pro,Edtech,Mumbai,Email Campaign,Monthly,44,1670.0,20040.0,1.0,63.0,9,14400.0,2023-07-30,,0,0.0
RIQ-00600,Basic,E-commerce,Delhi,Social Media,Monthly,13,610.0,7320.0,1.0,46.0,1,2500.0,2023-08-27,2024-10-01,1,7320.0
RIQ-00601,Pro,Fintech,Chennai,Direct,Annual,47,1630.0,19560.0,0.0,54.0,11,14500.0,2022-01-02,,0,0.0
RIQ-00602,Pro,E-commerce,Chennai,Social Media,Annual,1,2490.0,29880.0,1.0,25.0,16,11400.0,2023-08-05,,0,0.0
RIQ-00603,Pro,Fintech,Bengaluru,Email Campaign,Monthly,38,2470.0,29640.0,0.0,29.0,15,6900.0,2022-08-15,,0,0.0
RIQ-00604,Pro,E-commerce,Pune,Email Campaign,Annual,40,1830.0,21960.0,0.0,56.0,16,14800.0,2022-03-21,,0,0.0
RIQ-00605,Basic,Fintech,Bengaluru,Paid Search,Monthly,2,940.0,11280.0,1.0,36.0,1,4100.0,2022-04-01,2022-06-11,1,11280.0
RIQ-00606,Basic,Healthcare,Hyderabad,Organic Search,Monthly,5,720.0,8640.0,2.0,55.0,11,2700.0,2022-09-29,2023-02-17,1,8640.0
RIQ-00607,Basic,Fintech,Mumbai,Social Media,Monthly,7,550.0,6600.0,4.0,44.0,2,2100.0,2022-01-02,,0,0.0
RIQ-00608,Basic,Edtech,Delhi,Referral,Monthly,2,580.0,6960.0,1.0,62.0,3,3500.0,2023-02-28,,0,0.0
RIQ-00609,Basic,Edtech,Delhi,Organic Search,Annual,37,550.0,6600.0,0.0,31.0,13,4400.0,2023-05-06,,0,0.0
RIQ-00610,Basic,Edtech,Hyderabad,Organic Search,Annual,2,610.0,7320.0,2.0,19.0,7,2200.0,2023-04-08,,0,0.0
RIQ-00611,Basic,Edtech,Delhi,Organic Search,Monthly,3,660.0,7920.0,3.0,43.0,13,3000.0,2022-04-18,2022-07-04,1,7920.0
RIQ-00612,Basic,Edtech,Hyderabad,Direct,Monthly,4,540.0,6480.0,0.0,100.0,4,3000.0,2022-04-06,,0,0.0
RIQ-00613,Enterprise,Healthcare,Mumbai,Email Campaign,Annual,35,8520.0,102240.0,1.0,73.0,26,55600.0,2023-03-18,,0,0.0
RIQ-00614,Pro,E-commerce,Chennai,Referral,Monthly,17,1660.0,19920.0,0.0,44.0,15,14800.0,2022-04-14,,0,0.0
RIQ-00615,Basic,Fintech,Mumbai,Social Media,Monthly,2,780.0,9360.0,3.0,34.0,1,4000.0,2023-07-08,2023-08-30,1,9360.0
RIQ-00616,Pro,Edtech,Delhi,Organic Search,Annual,3,1890.0,22680.0,2.0,65.0,12,7400.0,2023-07-17,,0,0.0
RIQ-00617,Basic,E-commerce,Hyderabad,Direct,Monthly,2,710.0,8520.0,2.0,57.0,3,4000.0,2022-10-29,2023-01-08,1,8520.0
RIQ-00618,Basic,E-commerce,Mumbai,Referral,Monthly,2,510.0,6120.0,2.0,4.0,3,2900.0,2022-06-24,2022-08-28,1,6120.0
RIQ-00619,Pro,Fintech,Delhi,Social Media,Monthly,4,1810.0,21720.0,0.0,50.0,11,11900.0,2023-02-12,2023-06-12,1,21720.0
RIQ-00620,Pro,E-commerce,Mumbai,Referral,Annual,7,2040.0,24480.0,2.0,47.0,15,9400.0,2022-07-09,,0,0.0
RIQ-00621,Basic,Fintech,Pune,Direct,Monthly,8,520.0,6240.0,1.0,42.0,1,3400.0,2023-03-27,,0,0.0
RIQ-00622,Basic,Edtech,Delhi,Email Campaign,Monthly,9,530.0,6360.0,3.0,45.0,10,2300.0,2023-11-15,2024-07-30,1,6360.0
RIQ-00623,Pro,E-commerce,Pune,Social Media,Monthly,7,2470.0,29640.0,0.0,58.0,2,6500.0,2023-08-27,,0,0.0
RIQ-00624,Basic,Healthcare,Bengaluru,Email Campaign,Monthly,1,760.0,9120.0,1.0,64.0,6,4600.0,2023-07-03,2023-08-08,1,9120.0
RIQ-00625,Pro,E-commerce,Hyderabad,Social Media,Annual,29,1980.0,23760.0,0.0,64.0,9,13700.0,2022-03-22,,0,0.0
RIQ-00626,Basic,Fintech,Chennai,Email Campaign,Annual,44,780.0,9360.0,0.0,49.0,2,4400.0,2023-06-14,,0,0.0
RIQ-00627,Basic,Fintech,Mumbai,Paid Search,Monthly,6,560.0,6720.0,3.0,67.0,14,4800.0,2023-04-05,2023-09-22,1,6720.0
RIQ-00628,Basic,E-commerce,Delhi,Social Media,Monthly,15,600.0,7200.0,3.0,22.0,4,2200.0,2022-02-13,2023-05-07,1,7200.0
RIQ-00629,Enterprise,E-commerce,Mumbai,Email Campaign,Annual,9,9110.0,109320.0,3.0,66.0,30,56400.0,2022-06-01,,0,0.0
RIQ-00630,Basic,Edtech,Bengaluru,Email Campaign,Annual,11,960.0,11520.0,1.0,45.0,13,2300.0,2022-03-10,,0,0.0
RIQ-00631,Basic,Healthcare,Mumbai,Paid Search,Annual,7,930.0,11160.0,1.0,74.0,8,3400.0,2023-06-17,,0,0.0
RIQ-00632,Pro,Edtech,Mumbai,Organic Search,Monthly,13,2120.0,25440.0,1.0,64.0,20,7000.0,2023-06-20,,0,0.0
RIQ-00633,Pro,Fintech,Pune,Organic Search,Monthly,60,2070.0,24840.0,0.0,78.0,9,14500.0,2023-08-20,,0,0.0
RIQ-00634,Enterprise,Edtech,Hyderabad,Organic Search,Monthly,28,7810.0,93720.0,0.0,63.0,17,55200.0,2022-04-14,,0,0.0
RIQ-00635,Basic,E-commerce,Bengaluru,Paid Search,Monthly,11,940.0,11280.0,4.0,47.0,13,3100.0,2022-09-28,,0,0.0
RIQ-00636,Basic,Healthcare,Hyderabad,Social Media,Monthly,8,520.0,6240.0,3.0,64.0,1,2400.0,2022-10-10,2023-06-04,1,6240.0
RIQ-00637,Basic,Edtech,Bengaluru,Paid Search,Monthly,2,520.0,6240.0,2.0,60.0,1,2700.0,2022-12-06,2023-02-11,1,6240.0
RIQ-00638,Basic,Healthcare,Hyderabad,Email Campaign,Monthly,11,950.0,11400.0,3.0,68.0,8,4500.0,2022-01-21,2022-12-12,1,11400.0
RIQ-00639,Basic,Fintech,Hyderabad,Email Campaign,Annual,4,740.0,8880.0,4.0,72.0,7,2700.0,2022-04-11,2022-08-21,1,8880.0
RIQ-00640,Basic,Healthcare,Bengaluru,Referral,Monthly,6,890.0,10680.0,0.0,58.0,9,4200.0,2022-11-25,2023-05-17,1,10680.0
RIQ-00641,Pro,E-commerce,Pune,Paid Search,Monthly,15,1940.0,23280.0,2.0,42.0,19,12800.0,2023-02-21,,0,0.0
RIQ-00642,Pro,Fintech,Delhi,Organic Search,Monthly,1,2320.0,27840.0,2.0,38.0,11,8800.0,2023-06-12,2023-07-22,1,27840.0
RIQ-00643,Enterprise,E-commerce,Chennai,Social Media,Monthly,60,5680.0,68160.0,2.0,82.0,22,27700.0,2023-06-21,,0,0.0
RIQ-00644,Basic,Healthcare,Bengaluru,Social Media,Monthly,2,920.0,11040.0,0.0,57.0,6,2100.0,2022-03-01,2022-04-22,1,11040.0
RIQ-00645,Basic,Fintech,Mumbai,Referral,Monthly,3,600.0,7200.0,2.0,29.0,10,3400.0,2023-01-13,2023-04-24,1,7200.0
RIQ-00646,Pro,E-commerce,Bengaluru,Paid Search,Monthly,23,2180.0,26160.0,0.0,70.0,9,11300.0,2022-09-05,,0,0.0
RIQ-00647,Pro,Fintech,Hyderabad,Paid Search,Annual,8,2370.0,28440.0,0.0,62.0,21,9100.0,2023-08-24,,0,0.0
RIQ-00648,Basic,Edtech,Mumbai,Paid Search,Monthly,14,630.0,7560.0,3.0,44.0,8,2900.0,2022-04-03,,0,0.0
RIQ-00649,Basic,Fintech,Bengaluru,Paid Search,Monthly,5,790.0,9480.0,2.0,31.0,2,2700.0,2022-08-08,2023-01-17,1,9480.0
RIQ-00650,Enterprise,Edtech,Mumbai,Organic Search,Annual,36,8260.0,99120.0,1.0,48.0,20,50700.0,2023-06-10,,0,0.0
RIQ-00651,Enterprise,Healthcare,Bengaluru,Paid Search,Annual,14,5040.0,60480.0,1.0,95.0,21,20300.0,2022-05-16,,0,0.0
RIQ-00652,Pro,E-commerce,Mumbai,Social Media,Annual,4,1750.0,21000.0,1.0,100.0,10,12400.0,2022-11-09,,0,0.0
RIQ-00653,Pro,Fintech,Bengaluru,Organic Search,Annual,10,2390.0,28680.0,3.0,81.0,9,8000.0,2022-12-24,,0,0.0
RIQ-00654,Basic,Edtech,Delhi,Paid Search,Annual,2,760.0,9120.0,1.0,18.0,10,3800.0,2023-10-01,2023-11-27,1,9120.0
RIQ-00655,Basic,Edtech,Mumbai,Email Campaign,Monthly,1,980.0,11760.0,5.0,37.0,6,3900.0,2023-01-19,2023-02-20,1,11760.0
RIQ-00656,Basic,Healthcare,Mumbai,Email Campaign,Monthly,2,550.0,6600.0,1.0,25.0,4,5000.0,2022-03-07,2022-05-01,1,6600.0
RIQ-00657,Basic,Edtech,Pune,Referral,Annual,6,630.0,7560.0,2.0,31.0,2,2600.0,2023-10-30,2024-04-21,1,7560.0
RIQ-00658,Enterprise,E-commerce,Pune,Social Media,Monthly,19,5280.0,63360.0,1.0,63.0,22,25600.0,2023-09-07,,0,0.0
RIQ-00659,Pro,E-commerce,Mumbai,Social Media,Annual,17,1520.0,18240.0,1.0,73.0,12,8300.0,2023-05-25,,0,0.0
RIQ-00660,Basic,Healthcare,Pune,Social Media,Monthly,4,690.0,8280.0,1.0,92.0,7,4100.0,2022-02-06,2022-06-09,1,8280.0
RIQ-00661,Basic,Fintech,Chennai,Organic Search,Monthly,4,860.0,10320.0,1.0,49.0,6,4100.0,2022-08-16,,0,0.0
RIQ-00662,Basic,Fintech,Mumbai,Email Campaign,Monthly,7,970.0,11640.0,2.0,31.0,4,2900.0,2023-01-03,2023-08-02,1,11640.0
RIQ-00663,Basic,E-commerce,Mumbai,Social Media,Monthly,19,780.0,9360.0,2.0,45.0,9,2300.0,2022-10-28,,0,0.0
RIQ-00664,Pro,Fintech,Hyderabad,Paid Search,Annual,4,2310.0,27720.0,1.0,88.0,12,14100.0,2022-07-07,,0,0.0
RIQ-00665,Pro,Healthcare,Hyderabad,Paid Search,Monthly,6,1720.0,20640.0,0.0,55.0,11,8800.0,2022-08-17,,0,0.0
RIQ-00666,Enterprise,E-commerce,Hyderabad,Referral,Annual,3,6660.0,79920.0,2.0,60.0,25,38800.0,2022-09-24,2022-12-26,1,79920.0
RIQ-00667,Pro,Edtech,Hyderabad,Paid Search,Annual,19,2370.0,28440.0,1.0,47.0,22,11600.0,2023-08-21,,0,0.0
RIQ-00668,Pro,Healthcare,Delhi,Paid Search,Monthly,9,1690.0,20280.0,1.0,87.0,14,9400.0,2022-05-03,,0,0.0
RIQ-00669,Basic,E-commerce,Pune,Organic Search,Annual,3,530.0,6360.0,4.0,28.0,5,5000.0,2022-06-04,2022-08-22,1,6360.0
RIQ-00670,Pro,E-commerce,Mumbai,Organic Search,Annual,52,2390.0,28680.0,2.0,40.0,11,13800.0,2023-04-14,,0,0.0
RIQ-00671,Pro,E-commerce,Chennai,Organic Search,Monthly,54,1580.0,18960.0,0.0,24.0,13,7600.0,2022-12-07,,0,0.0
RIQ-00672,Basic,Edtech,Hyderabad,Referral,Monthly,15,500.0,6000.0,2.0,40.0,1,4300.0,2022-10-08,2023-12-23,1,6000.0
RIQ-00673,Basic,E-commerce,Hyderabad,Referral,Annual,25,740.0,8880.0,1.0,82.0,1,2400.0,2022-04-01,,0,0.0
RIQ-00674,Enterprise,E-commerce,Mumbai,Social Media,Annual,25,7140.0,85680.0,2.0,52.0,23,28000.0,2023-05-04,,0,0.0
RIQ-00675,Pro,Edtech,Delhi,Direct,Monthly,18,1870.0,22440.0,1.0,45.0,17,12800.0,2022-01-15,,0,0.0
RIQ-00676,Basic,Fintech,Mumbai,Referral,Annual,3,510.0,6120.0,0.0,38.0,8,3900.0,2022-01-05,,0,0.0
RIQ-00677,Enterprise,Edtech,Hyderabad,Organic Search,Annual,15,6720.0,80640.0,2.0,81.0,19,32200.0,2022-05-13,,0,0.0
RIQ-00678,Enterprise,E-commerce,Delhi,Direct,Monthly,11,5330.0,63960.0,0.0,98.0,22,49100.0,2022-02-16,,0,0.0
RIQ-00679,Pro,E-commerce,Hyderabad,Social Media,Monthly,9,2100.0,25200.0,2.0,50.0,3,15000.0,2022-12-12,2023-09-06,1,25200.0
RIQ-00680,Basic,Fintech,Bengaluru,Organic Search,Monthly,14,950.0,11400.0,2.0,20.0,9,4300.0,2023-01-03,,0,0.0
RIQ-00681,Basic,E-commerce,Mumbai,Organic Search,Annual,1,910.0,10920.0,2.0,4.0,7,2700.0,2022-01-20,2022-02-11,1,10920.0
RIQ-00682,Basic,E-commerce,Delhi,Paid Search,Annual,10,510.0,6120.0,2.0,38.0,1,2400.0,2023-06-01,2024-03-17,1,6120.0
RIQ-00683,Pro,E-commerce,Mumbai,Organic Search,Monthly,6,1870.0,22440.0,0.0,71.0,11,10800.0,2023-10-18,,0,0.0
RIQ-00684,Basic,Edtech,Bengaluru,Paid Search,Monthly,3,1000.0,12000.0,2.0,57.0,1,4000.0,2023-11-09,2024-01-26,1,12000.0
RIQ-00685,Pro,Edtech,Mumbai,Social Media,Annual,26,1920.0,23040.0,1.0,94.0,15,8300.0,2023-01-25,,0,0.0
RIQ-00686,Basic,Fintech,Hyderabad,Organic Search,Annual,5,600.0,7200.0,2.0,59.0,6,2000.0,2023-10-08,,0,0.0
RIQ-00687,Enterprise,E-commerce,Hyderabad,Social Media,Annual,56,7600.0,91200.0,0.0,75.0,22,53200.0,2023-09-30,,0,0.0
RIQ-00688,Basic,Fintech,Mumbai,Email Campaign,Monthly,1,550.0,6600.0,3.0,31.0,4,2800.0,2023-09-25,2023-10-13,1,6600.0
RIQ-00689,Basic,Fintech,Bengaluru,Social Media,Monthly,5,800.0,9600.0,0.0,38.0,9,3600.0,2022-09-27,2023-03-07,1,9600.0
RIQ-00690,Basic,E-commerce,Mumbai,Social Media,Annual,28,650.0,7800.0,1.0,55.0,3,3600.0,2022-02-10,,0,0.0
RIQ-00691,Pro,E-commerce,Pune,Email Campaign,Monthly,5,1980.0,23760.0,1.0,52.0,9,12000.0,2022-08-29,,0,0.0
RIQ-00692,Basic,E-commerce,Mumbai,Referral,Monthly,5,920.0,11040.0,4.0,52.0,3,2400.0,2023-11-17,2024-04-15,1,11040.0
RIQ-00693,Basic,Healthcare,Mumbai,Direct,Annual,16,860.0,10320.0,4.0,41.0,11,4700.0,2022-04-14,,0,0.0
RIQ-00694,Basic,Fintech,Pune,Social Media,Annual,2,990.0,11880.0,4.0,83.0,4,2200.0,2022-09-28,2022-11-26,1,11880.0
RIQ-00695,Pro,Edtech,Mumbai,Paid Search,Monthly,6,2350.0,28200.0,1.0,68.0,12,9800.0,2023-01-04,2023-07-13,1,28200.0
RIQ-00696,Basic,Edtech,Pune,Social Media,Monthly,13,920.0,11040.0,1.0,41.0,1,2000.0,2022-02-16,,0,0.0
RIQ-00697,Pro,Edtech,Mumbai,Paid Search,Annual,14,1830.0,21960.0,1.0,70.0,10,8400.0,2023-03-25,,0,0.0
RIQ-00698,Basic,Healthcare,Delhi,Social Media,Monthly,1,690.0,8280.0,1.0,57.0,9,2300.0,2022-12-17,2023-01-06,1,8280.0
RIQ-00699,Pro,Healthcare,Bengaluru,Direct,Monthly,15,2330.0,27960.0,1.0,63.0,7,11800.0,2023-05-05,,0,0.0
RIQ-00700,Enterprise,Edtech,Bengaluru,Organic Search,Annual,2,5560.0,66720.0,2.0,79.0,17,24100.0,2022-03-02,,0,0.0
RIQ-00701,Basic,E-commerce,Delhi,Organic Search,Monthly,35,950.0,11400.0,1.0,51.0,1,4400.0,2023-05-10,,0,0.0
RIQ-00702,Enterprise,E-commerce,Bengaluru,Organic Search,Annual,29,6900.0,82800.0,1.0,,17,55200.0,2023-01-03,,0,0.0
RIQ-00703,Pro,Fintech,Pune,Organic Search,Annual,25,2230.0,26760.0,1.0,52.0,21,10400.0,2022-05-14,,0,0.0
RIQ-00704,Pro,Edtech,Chennai,Paid Search,Annual,53,1940.0,23280.0,1.0,54.0,7,8800.0,2022-03-06,,0,0.0
RIQ-00705,Basic,E-commerce,Delhi,Social Media,Annual,2,840.0,10080.0,2.0,68.0,11,3700.0,2023-08-14,2023-10-21,1,10080.0
RIQ-00706,Basic,Healthcare,Chennai,Referral,Monthly,12,670.0,8040.0,0.0,16.0,6,4100.0,2023-06-20,,0,0.0
RIQ-00707,Basic,Edtech,Chennai,Organic Search,Monthly,31,860.0,10320.0,2.0,31.0,1,4000.0,2023-05-09,2025-11-20,1,10320.0
RIQ-00708,Enterprise,E-commerce,Hyderabad,Organic Search,Annual,26,9130.0,109560.0,1.0,84.0,17,26300.0,2023-09-20,,0,0.0
RIQ-00709,Basic,E-commerce,Chennai,Direct,Monthly,5,920.0,11040.0,3.0,66.0,1,2500.0,2023-05-23,2023-11-01,1,11040.0
RIQ-00710,Pro,Fintech,Hyderabad,Direct,Annual,1,1830.0,21960.0,2.0,47.0,12,8000.0,2022-10-12,,0,0.0
RIQ-00711,Pro,Fintech,Hyderabad,Email Campaign,Monthly,18,1900.0,22800.0,1.0,53.0,18,13200.0,2022-08-29,2024-02-07,1,22800.0
RIQ-00712,Enterprise,E-commerce,Hyderabad,Social Media,Annual,15,9280.0,111360.0,1.0,100.0,23,49800.0,2023-04-03,,0,0.0
RIQ-00713,Enterprise,Fintech,Pune,Social Media,Annual,22,5090.0,61080.0,3.0,46.0,16,20000.0,2023-02-18,,0,0.0
RIQ-00714,Pro,E-commerce,Hyderabad,Organic Search,Annual,7,1590.0,19080.0,0.0,78.0,10,11700.0,2023-09-11,,0,0.0
RIQ-00715,Basic,Edtech,Pune,Email Campaign,Annual,6,780.0,9360.0,2.0,59.0,5,4000.0,2023-11-02,,0,0.0
RIQ-00716,Basic,Edtech,Bengaluru,Referral,Monthly,5,530.0,6360.0,2.0,5.0,1,3400.0,2022-08-17,2023-01-26,1,6360.0
RIQ-00717,Pro,Healthcare,Delhi,Direct,Monthly,60,1970.0,23640.0,0.0,83.0,14,10100.0,2023-11-04,,0,0.0
RIQ-00718,Basic,Healthcare,Delhi,Referral,Annual,9,830.0,9960.0,1.0,15.0,3,3000.0,2022-01-03,,0,0.0
RIQ-00719,Basic,Fintech,Bengaluru,Email Campaign,Monthly,5,640.0,7680.0,1.0,2.0,12,4100.0,2023-06-19,2023-11-12,1,7680.0
RIQ-00720,Pro,E-commerce,Mumbai,Social Media,Monthly,5,1640.0,19680.0,1.0,92.0,4,7800.0,2023-02-24,2023-07-12,1,19680.0
RIQ-00721,Enterprise,Edtech,Delhi,Organic Search,Annual,20,9260.0,111120.0,1.0,59.0,24,48700.0,2022-08-09,,0,0.0
RIQ-00722,Enterprise,E-commerce,Bengaluru,Paid Search,Annual,2,5540.0,66480.0,0.0,82.0,18,46900.0,2023-03-01,,0,0.0
RIQ-00723,Basic,Healthcare,Mumbai,Referral,Monthly,4,560.0,6720.0,2.0,33.0,3,4000.0,2023-04-07,2023-08-04,1,6720.0
RIQ-00724,Basic,E-commerce,Bengaluru,Referral,Monthly,27,750.0,9000.0,4.0,24.0,2,4200.0,2023-06-28,,0,0.0
RIQ-00725,Pro,Edtech,Mumbai,Referral,Annual,27,2080.0,24960.0,0.0,47.0,21,14200.0,2023-06-05,,0,0.0
RIQ-00726,Basic,Fintech,Pune,Social Media,Monthly,4,590.0,7080.0,2.0,52.0,8,3200.0,2022-05-12,2022-08-28,1,7080.0
RIQ-00727,Basic,E-commerce,Mumbai,Referral,Monthly,3,750.0,9000.0,3.0,75.0,12,4900.0,2023-01-29,2023-04-27,1,9000.0
RIQ-00728,Basic,Edtech,Bengaluru,Organic Search,Monthly,1,640.0,7680.0,0.0,49.0,2,3400.0,2022-12-18,2023-01-11,1,7680.0
RIQ-00729,Basic,Healthcare,Pune,Paid Search,Monthly,4,850.0,10200.0,1.0,62.0,6,4500.0,2023-06-09,2023-10-01,1,10200.0
RIQ-00730,Pro,E-commerce,Delhi,Organic Search,Annual,5,2240.0,26880.0,0.0,24.0,19,7800.0,2023-07-21,,0,0.0
RIQ-00731,Enterprise,E-commerce,Pune,Paid Search,Annual,5,6450.0,77400.0,1.0,89.0,29,48400.0,2022-12-20,,0,0.0
RIQ-00732,Pro,E-commerce,Hyderabad,Email Campaign,Monthly,1,2470.0,29640.0,0.0,53.0,20,11700.0,2022-07-02,2022-08-02,1,29640.0
RIQ-00733,Basic,E-commerce,Bengaluru,Email Campaign,Monthly,3,880.0,10560.0,4.0,40.0,4,3700.0,2023-07-30,2023-10-28,1,10560.0
RIQ-00734,Basic,Fintech,Hyderabad,Social Media,Monthly,4,840.0,10080.0,2.0,63.0,1,4600.0,2023-07-01,2023-10-23,1,10080.0
RIQ-00735,Basic,Edtech,Delhi,Referral,Annual,6,550.0,6600.0,1.0,93.0,6,2200.0,2023-01-26,2023-07-14,1,6600.0
RIQ-00736,Pro,Healthcare,Delhi,Email Campaign,Annual,1,2280.0,27360.0,3.0,53.0,13,7300.0,2022-10-21,,0,0.0
RIQ-00737,Basic,E-commerce,Mumbai,Social Media,Monthly,8,890.0,10680.0,4.0,32.0,12,3600.0,2022-07-28,2023-04-03,1,10680.0
RIQ-00738,Basic,Healthcare,Mumbai,Referral,Monthly,1,810.0,9720.0,1.0,40.0,3,3700.0,2023-11-23,2023-12-31,1,9720.0
RIQ-00739,Pro,Edtech,Mumbai,Paid Search,Monthly,27,1890.0,22680.0,2.0,50.0,12,13200.0,2023-06-08,,0,0.0
RIQ-00740,Enterprise,Edtech,Mumbai,Organic Search,Annual,11,8320.0,99840.0,1.0,72.0,24,59000.0,2023-01-26,,0,0.0
RIQ-00741,Pro,Fintech,Hyderabad,Referral,Monthly,16,1810.0,21720.0,3.0,56.0,15,12700.0,2023-07-20,,0,0.0
RIQ-00742,Basic,Healthcare,Bengaluru,Social Media,Monthly,6,930.0,11160.0,0.0,65.0,7,2700.0,2023-03-30,2023-10-07,1,11160.0
RIQ-00743,Pro,E-commerce,Mumbai,Direct,Annual,9,1870.0,22440.0,0.0,71.0,10,11400.0,2023-08-26,,0,0.0
RIQ-00744,Basic,Healthcare,Delhi,Paid Search,Annual,5,980.0,11760.0,3.0,51.0,7,2500.0,2022-10-29,2023-03-27,1,11760.0
RIQ-00745,Pro,E-commerce,Pune,Organic Search,Annual,14,1670.0,20040.0,0.0,82.0,8,6400.0,2023-06-11,,0,0.0
RIQ-00746,Pro,E-commerce,Bengaluru,Social Media,Monthly,1,1760.0,21120.0,2.0,70.0,20,6100.0,2022-06-14,2022-07-17,1,21120.0
RIQ-00747,Pro,E-commerce,Mumbai,Social Media,Monthly,13,2440.0,29280.0,0.0,77.0,19,8900.0,2022-02-10,,0,0.0
RIQ-00748,pro,Fintech,Bengaluru,Organic Search,Monthly,20,2430.0,29160.0,1.0,68.0,18,8700.0,2023-09-23,,0,0.0
RIQ-00749,Basic,Edtech,Delhi,Social Media,Monthly,2,770.0,9240.0,1.0,76.0,6,4100.0,2022-03-16,2022-05-25,1,9240.0
RIQ-00750,Basic,Edtech,Bengaluru,Social Media,Monthly,7,760.0,9120.0,1.0,41.0,5,2500.0,2023-06-02,,0,0.0
RIQ-00751,Basic,Fintech,Delhi,Email Campaign,Annual,6,670.0,8040.0,2.0,27.0,6,4000.0,2022-08-07,,0,0.0
RIQ-00752,Basic,Fintech,Delhi,Email Campaign,Monthly,5,970.0,11640.0,1.0,53.0,8,3400.0,2023-09-26,2024-02-24,1,11640.0
RIQ-00753,Basic,Healthcare,Delhi,Social Media,Monthly,1,820.0,9840.0,3.0,48.0,11,3000.0,2022-04-28,2022-06-03,1,9840.0
RIQ-00754,Pro,Healthcare,Pune,Paid Search,Annual,4,2420.0,29040.0,0.0,52.0,19,12100.0,2022-09-07,,0,0.0
RIQ-00755,Basic,Edtech,Mumbai,Organic Search,Annual,18,960.0,11520.0,3.0,59.0,8,3200.0,2022-04-27,,0,0.0
RIQ-00756,Basic,Edtech,Bengaluru,Paid Search,Monthly,12,950.0,11400.0,1.0,49.0,5,4400.0,2023-01-19,2024-01-15,1,11400.0
RIQ-00757,Basic,E-commerce,Bengaluru,Referral,Monthly,6,950.0,11400.0,2.0,41.0,8,3000.0,2022-07-17,,0,0.0
RIQ-00758,Basic,Fintech,Mumbai,Paid Search,Monthly,2,980.0,11760.0,2.0,45.0,8,2000.0,2023-07-05,2023-09-05,1,11760.0
RIQ-00759,Basic,Edtech,Bengaluru,Direct,Monthly,23,890.0,10680.0,5.0,43.0,7,4500.0,2023-03-11,,0,0.0
RIQ-00760,Enterprise,E-commerce,Hyderabad,Social Media,Annual,9,9390.0,112680.0,2.0,71.0,13,49900.0,2023-03-22,,0,0.0
RIQ-00761,Basic,Healthcare,Bengaluru,Referral,Monthly,5,580.0,6960.0,2.0,81.0,14,3000.0,2023-04-16,2023-09-20,1,6960.0
RIQ-00762,Basic,E-commerce,Mumbai,Direct,Annual,8,900.0,10800.0,4.0,52.0,5,2200.0,2023-07-26,,0,0.0
RIQ-00763,Basic,E-commerce,Delhi,Paid Search,Monthly,16,700.0,8400.0,0.0,41.0,4,3200.0,2023-04-07,2024-08-04,1,8400.0
RIQ-00764,Pro,Fintech,Mumbai,Social Media,Annual,9,1620.0,19440.0,0.0,83.0,18,11600.0,2022-01-07,,0,0.0
RIQ-00765,Basic,Healthcare,Pune,Direct,Annual,1,790.0,9480.0,3.0,57.0,13,3100.0,2022-03-16,,0,0.0
RIQ-00766,Pro,Edtech,Chennai,Organic Search,Monthly,12,2180.0,26160.0,2.0,59.0,11,12900.0,2023-09-14,,0,0.0
RIQ-00767,Basic,Healthcare,Pune,Organic Search,Monthly,1,700.0,8400.0,2.0,61.0,5,3400.0,2023-11-08,2023-11-23,1,8400.0
RIQ-00768,Basic,E-commerce,Chennai,Social Media,Monthly,11,690.0,8280.0,1.0,44.0,2,4900.0,2023-07-13,2024-06-01,1,8280.0
RIQ-00769,Pro,Fintech,Hyderabad,Social Media,Monthly,40,2410.0,28920.0,1.0,50.0,10,14500.0,2023-10-26,,0,0.0
RIQ-00770,Basic,Edtech,Pune,Paid Search,Monthly,3,780.0,9360.0,1.0,42.0,1,2000.0,2022-05-07,2022-07-22,1,9360.0
RIQ-00771,Pro,Healthcare,Mumbai,Paid Search,Annual,6,2450.0,29400.0,0.0,43.0,9,12700.0,2022-11-09,,0,0.0
RIQ-00772,Basic,Fintech,Delhi,Paid Search,Annual,7,600.0,7200.0,0.0,42.0,2,4600.0,2023-10-24,,0,0.0
RIQ-00773,Basic,Healthcare,Hyderabad,Referral,Monthly,14,810.0,9720.0,1.0,97.0,8,2600.0,2022-09-16,,0,0.0
RIQ-00774,Enterprise,Healthcare,Pune,Email Campaign,Annual,60,9260.0,111120.0,0.0,74.0,15,31600.0,2023-07-17,,0,0.0
RIQ-00775,Pro,E-commerce,Delhi,Referral,Annual,3,1570.0,18840.0,0.0,47.0,8,11200.0,2022-04-11,,0,0.0
RIQ-00776,Pro,E-commerce,Pune,Paid Search,Monthly,17,1860.0,22320.0,1.0,66.0,17,6900.0,2023-11-19,,0,0.0
RIQ-00777,Enterprise,Fintech,Mumbai,Paid Search,Annual,47,9500.0,114000.0,2.0,60.0,27,46400.0,2022-11-22,,0,0.0
RIQ-00778,Enterprise,Edtech,Bengaluru,Referral,Annual,22,8470.0,101640.0,2.0,81.0,25,32700.0,2022-06-06,,0,0.0
RIQ-00779,Basic,Healthcare,Mumbai,Organic Search,Annual,13,710.0,8520.0,2.0,48.0,13,2900.0,2022-01-05,,0,0.0
RIQ-00780,Basic,E-commerce,Bengaluru,Social Media,Monthly,14,820.0,9840.0,3.0,43.0,5,3100.0,2022-10-11,2023-12-16,1,9840.0
RIQ-00781,Pro,E-commerce,Mumbai,Paid Search,Annual,14,1980.0,23760.0,1.0,57.0,7,8700.0,2023-04-02,,0,0.0
RIQ-00782,Enterprise,E-commerce,Hyderabad,Paid Search,Monthly,1,5880.0,70560.0,0.0,58.0,9,53100.0,2023-09-14,,0,0.0
RIQ-00783,Basic,Fintech,Delhi,Organic Search,Monthly,5,940.0,11280.0,1.0,45.0,1,4200.0,2022-07-21,2022-12-11,1,11280.0
RIQ-00784,Pro,E-commerce,Bengaluru,Organic Search,Annual,15,2390.0,28680.0,0.0,93.0,25,13300.0,2023-06-04,,0,0.0
RIQ-00785,Pro,Edtech,Chennai,Email Campaign,Monthly,6,2270.0,27240.0,1.0,69.0,15,11000.0,2022-08-06,,0,0.0
RIQ-00786,Basic,E-commerce,Delhi,Referral,Monthly,3,1000.0,12000.0,0.0,30.0,8,4300.0,2023-04-29,2023-08-02,1,12000.0
RIQ-00787,Basic,Edtech,Mumbai,Direct,Monthly,11,890.0,10680.0,1.0,83.0,2,3400.0,2022-10-25,2023-09-09,1,10680.0
RIQ-00788,Pro,E-commerce,Delhi,Email Campaign,Annual,18,2000.0,24000.0,0.0,60.0,20,14700.0,2023-11-10,,0,0.0
RIQ-00789,Enterprise,Healthcare,Bengaluru,Paid Search,Monthly,18,8420.0,101040.0,2.0,64.0,20,42700.0,2023-06-11,,0,0.0
RIQ-00790,Pro,Healthcare,Pune,Referral,Annual,1,2060.0,24720.0,0.0,57.0,10,14500.0,2022-05-30,2022-07-07,1,24720.0
RIQ-00791,Basic,E-commerce,Hyderabad,Social Media,Monthly,6,880.0,10560.0,2.0,76.0,6,2200.0,2022-08-26,,0,0.0
RIQ-00792,Basic,Edtech,Mumbai,Referral,Monthly,3,600.0,7200.0,1.0,30.0,6,3400.0,2023-01-05,2023-04-02,1,7200.0
RIQ-00793,Basic,Edtech,Hyderabad,Social Media,Annual,5,990.0,11880.0,3.0,43.0,2,4100.0,2022-11-28,2023-04-15,1,11880.0
RIQ-00794,Enterprise,Healthcare,Mumbai,Direct,Annual,13,9170.0,110040.0,1.0,100.0,18,35100.0,2022-09-27,,0,0.0
RIQ-00795,Pro,E-commerce,Delhi,Paid Search,Annual,11,1880.0,22560.0,0.0,61.0,11,13500.0,2023-08-25,,0,0.0
RIQ-00796,Enterprise,Fintech,Hyderabad,Referral,Annual,50,6880.0,82560.0,0.0,100.0,22,54700.0,2022-08-17,,0,0.0
RIQ-00797,Basic,Fintech,Bengaluru,Paid Search,Monthly,4,740.0,8880.0,4.0,42.0,3,3800.0,2023-05-09,2023-09-19,1,8880.0
RIQ-00798,Pro,E-commerce,Delhi,Paid Search,Monthly,13,1660.0,19920.0,0.0,52.0,15,8500.0,2022-03-20,,0,0.0
RIQ-00799,Pro,Edtech,Mumbai,Referral,Monthly,9,1660.0,19920.0,0.0,61.0,4,11900.0,2023-09-09,2024-06-12,1,19920.0
RIQ-00800,Basic,E-commerce,Pune,Organic Search,Monthly,1,660.0,7920.0,4.0,,10,4000.0,2022-04-27,2022-05-27,1,7920.0
RIQ-00801,Basic,Healthcare,Pune,Referral,Annual,23,820.0,9840.0,2.0,41.0,3,2100.0,2023-02-25,,0,0.0
RIQ-00802,Basic,Fintech,Pune,Organic Search,Monthly,4,580.0,6960.0,1.0,50.0,3,2100.0,2023-10-07,2024-02-05,1,6960.0
RIQ-00803,Enterprise,E-commerce,Bengaluru,Organic Search,Annual,19,6290.0,75480.0,1.0,69.0,18,58800.0,2022-07-04,,0,0.0
RIQ-00804,Basic,Fintech,Mumbai,Paid Search,Annual,2,820.0,9840.0,1.0,93.0,9,2900.0,2023-11-09,2024-01-19,1,9840.0
RIQ-00805,Pro,Healthcare,Bengaluru,Paid Search,Monthly,5,2490.0,29880.0,0.0,81.0,10,9700.0,2023-05-09,2023-09-26,1,29880.0
RIQ-00806,Pro,Fintech,Bengaluru,Referral,Annual,8,2080.0,24960.0,0.0,87.0,6,8400.0,2022-07-06,2023-03-07,1,24960.0
RIQ-00807,Basic,Edtech,Bengaluru,Organic Search,Annual,4,670.0,8040.0,3.0,29.0,1,3800.0,2023-04-10,,0,0.0
RIQ-00808,Basic,Edtech,Pune,Social Media,Monthly,7,570.0,6840.0,2.0,55.0,8,3600.0,2022-01-17,2022-08-06,1,6840.0
RIQ-00809,Pro,Edtech,Mumbai,Organic Search,Annual,10,2330.0,27960.0,0.0,38.0,14,10300.0,2023-09-13,,0,0.0
RIQ-00810,Basic,Edtech,Bengaluru,Paid Search,Annual,3,520.0,6240.0,1.0,41.0,12,3500.0,2023-06-29,,0,0.0
RIQ-00811,Basic,Healthcare,Pune,Paid Search,Monthly,2,560.0,6720.0,0.0,52.0,3,4500.0,2023-09-10,2023-11-11,1,6720.0
RIQ-00812,Pro,Fintech,Hyderabad,Organic Search,Annual,6,2150.0,25800.0,1.0,41.0,17,13900.0,2023-06-19,,0,0.0
RIQ-00813,Basic,E-commerce,Chennai,Paid Search,Annual,1,710.0,8520.0,2.0,28.0,2,4300.0,2023-05-09,2023-06-18,1,8520.0
RIQ-00814,Pro,Healthcare,Mumbai,Direct,Annual,48,2410.0,28920.0,1.0,85.0,16,7200.0,2023-08-13,,0,0.0
RIQ-00815,Pro,Edtech,Mumbai,Social Media,Monthly,26,1730.0,20760.0,1.0,34.0,19,13900.0,2022-03-27,,0,0.0
RIQ-00816,Enterprise,Edtech,Pune,Organic Search,Monthly,7,5940.0,71280.0,1.0,77.0,15,20300.0,2022-01-08,,0,0.0
RIQ-00817,Basic,Fintech,Chennai,Referral,Annual,5,830.0,9960.0,3.0,56.0,13,3200.0,2022-11-20,,0,0.0
RIQ-00818,Pro,Healthcare,Bengaluru,Organic Search,Annual,29,2080.0,24960.0,0.0,76.0,20,9800.0,2022-09-25,,0,0.0
RIQ-00819,Basic,Fintech,Hyderabad,Referral,Monthly,2,640.0,7680.0,3.0,57.0,10,3200.0,2023-11-28,,0,0.0
RIQ-00820,Basic,Healthcare,Mumbai,Organic Search,Monthly,18,780.0,9360.0,3.0,33.0,7,3100.0,2022-07-03,,0,0.0
RIQ-00821,Basic,Fintech,Bengaluru,Referral,Monthly,29,650.0,7800.0,0.0,64.0,6,4100.0,2022-12-19,2025-05-16,1,7800.0
RIQ-00822,Pro,Edtech,Mumbai,Email Campaign,Annual,12,2160.0,25920.0,3.0,37.0,12,12300.0,2022-08-24,,0,0.0
RIQ-00823,Basic,Edtech,Delhi,Paid Search,Annual,8,610.0,7320.0,0.0,42.0,3,4400.0,2023-02-15,,0,0.0
RIQ-00824,Basic,Fintech,Delhi,Direct,Monthly,1,840.0,10080.0,3.0,63.0,2,3200.0,2022-02-23,2022-03-15,1,10080.0
RIQ-00825,Pro,Fintech,Mumbai,Referral,Monthly,19,2320.0,27840.0,1.0,60.0,13,9900.0,2023-04-28,,0,0.0
RIQ-00826,Enterprise,Edtech,Pune,Organic Search,Monthly,6,6110.0,73320.0,0.0,86.0,20,57200.0,2022-03-23,,0,0.0
RIQ-00827,Basic,Healthcare,Mumbai,Paid Search,Monthly,1,700.0,8400.0,1.0,50.0,9,2900.0,2023-11-03,2023-12-04,1,8400.0
RIQ-00828,Basic,Edtech,Chennai,Email Campaign,Monthly,18,890.0,10680.0,1.0,33.0,4,3900.0,2022-06-29,,0,0.0
RIQ-00829,Pro,Fintech,Chennai,Organic Search,Monthly,1,2160.0,25920.0,1.0,47.0,9,6300.0,2023-06-15,,0,0.0
RIQ-00830,Basic,Edtech,Hyderabad,Social Media,Monthly,3,760.0,9120.0,1.0,60.0,9,2500.0,2022-08-26,2022-11-28,1,9120.0
RIQ-00831,Pro,Fintech,Bengaluru,Social Media,Monthly,11,1500.0,18000.0,2.0,51.0,15,8500.0,2022-06-11,,0,0.0
RIQ-00832,Enterprise,E-commerce,Bengaluru,Organic Search,Annual,19,8350.0,100200.0,3.0,45.0,25,49500.0,2023-02-20,,0,0.0
RIQ-00833,Pro,Edtech,Delhi,Organic Search,Monthly,28,1570.0,18840.0,1.0,85.0,13,12500.0,2022-04-03,,0,0.0
RIQ-00834,Enterprise,Healthcare,Delhi,Paid Search,Annual,14,7910.0,94920.0,0.0,81.0,17,44300.0,2022-12-22,,0,0.0
RIQ-00835,Basic,Fintech,Pune,Email Campaign,Monthly,18,600.0,7200.0,3.0,38.0,5,2000.0,2023-02-18,2024-08-14,1,7200.0
RIQ-00836,Basic,Healthcare,Mumbai,Referral,Monthly,2,780.0,9360.0,4.0,50.0,8,2900.0,2023-05-31,,0,0.0
RIQ-00837,Basic,Fintech,Mumbai,Direct,Monthly,2,980.0,11760.0,1.0,55.0,11,4400.0,2023-07-05,2023-09-14,1,11760.0
RIQ-00838,Pro,Healthcare,Pune,Social Media,Annual,38,1880.0,22560.0,1.0,13.0,9,12800.0,2023-05-11,,0,0.0
RIQ-00839,Basic,E-commerce,Mumbai,Social Media,Monthly,3,730.0,8760.0,1.0,65.0,9,3800.0,2023-04-17,2023-07-29,1,8760.0
RIQ-00840,Enterprise,Healthcare,Hyderabad,Paid Search,Monthly,60,5340.0,64080.0,0.0,70.0,16,48000.0,2023-10-11,,0,0.0
RIQ-00841,pro,Fintech,Hyderabad,Social Media,Monthly,1,2300.0,27600.0,2.0,47.0,16,10800.0,2023-02-27,2023-04-13,1,27600.0
RIQ-00842,Basic,Healthcare,Pune,Social Media,Annual,8,630.0,7560.0,2.0,46.0,7,2300.0,2022-10-22,,0,0.0
RIQ-00843,Pro,E-commerce,Delhi,Social Media,Monthly,7,1580.0,18960.0,0.0,60.0,21,8000.0,2022-07-02,2023-01-28,1,18960.0
RIQ-00844,Basic,Fintech,Mumbai,Email Campaign,Annual,1,590.0,7080.0,3.0,44.0,11,4800.0,2023-12-01,,0,0.0
RIQ-00845,Pro,Healthcare,Delhi,Referral,Annual,10,1730.0,20760.0,0.0,77.0,21,8100.0,2022-09-05,2023-07-14,1,20760.0
RIQ-00846,Basic,Healthcare,Delhi,Referral,Monthly,13,920.0,11040.0,4.0,30.0,2,2500.0,2022-12-31,,0,0.0
RIQ-00847,Basic,E-commerce,Delhi,Direct,Monthly,15,840.0,10080.0,3.0,12.0,2,3800.0,2023-11-11,2025-02-03,1,10080.0
RIQ-00848,Basic,E-commerce,Bengaluru,Paid Search,Monthly,2,520.0,6240.0,0.0,37.0,12,3900.0,2023-05-09,2023-07-04,1,6240.0
RIQ-00849,Pro,Edtech,Delhi,Paid Search,Annual,17,2400.0,28800.0,2.0,58.0,13,14900.0,2022-10-09,,0,0.0
RIQ-00850,Basic,Healthcare,Delhi,Direct,Monthly,11,640.0,7680.0,2.0,21.0,6,3700.0,2022-08-16,2023-07-21,1,7680.0
RIQ-00851,Basic,E-commerce,Pune,Organic Search,Annual,1,740.0,8880.0,3.0,60.0,6,2100.0,2023-07-08,,0,0.0
RIQ-00852,Basic,Edtech,Mumbai,Referral,Annual,11,890.0,10680.0,2.0,77.0,7,4900.0,2023-04-14,,0,0.0
RIQ-00853,Basic,Edtech,Delhi,Email Campaign,Monthly,6,840.0,10080.0,3.0,35.0,9,2600.0,2022-01-13,2022-07-18,1,10080.0
RIQ-00854,Basic,Edtech,Delhi,Direct,Monthly,2,810.0,9720.0,2.0,26.0,9,3600.0,2022-09-23,2022-11-12,1,9720.0
RIQ-00855,Enterprise,E-commerce,Bengaluru,Social Media,Annual,58,8060.0,96720.0,0.0,95.0,26,36800.0,2023-01-10,,0,0.0
RIQ-00856,Pro,E-commerce,Bengaluru,Social Media,Monthly,6,2250.0,27000.0,1.0,68.0,13,8500.0,2023-01-09,,0,0.0
RIQ-00857,Basic,Fintech,Pune,Paid Search,Monthly,5,560.0,6720.0,3.0,29.0,5,2700.0,2023-08-13,2024-01-16,1,6720.0
RIQ-00858,Basic,E-commerce,Delhi,Referral,Annual,6,620.0,7440.0,3.0,41.0,6,3100.0,2023-03-19,2023-09-27,1,7440.0
RIQ-00859,Pro,Healthcare,Delhi,Direct,Annual,6,1650.0,19800.0,1.0,67.0,21,10500.0,2022-01-10,,0,0.0
RIQ-00860,Pro,E-commerce,Bengaluru,Paid Search,Monthly,50,2350.0,28200.0,0.0,50.0,11,8800.0,2023-06-14,,0,0.0
RIQ-00861,Basic,Healthcare,Hyderabad,Social Media,Monthly,1,620.0,7440.0,1.0,32.0,9,3200.0,2023-08-05,2023-08-21,1,7440.0
RIQ-00862,Pro,E-commerce,Bengaluru,Organic Search,Annual,20,2310.0,27720.0,2.0,62.0,17,6900.0,2023-05-03,,0,0.0
RIQ-00863,Pro,E-commerce,Pune,Social Media,Annual,2,1760.0,21120.0,1.0,66.0,10,14400.0,2023-01-04,,0,0.0
RIQ-00864,Enterprise,Healthcare,Mumbai,Social Media,Annual,48,5100.0,61200.0,0.0,100.0,28,44200.0,2022-05-05,,0,0.0
RIQ-00865,Basic,Edtech,Chennai,Social Media,Annual,2,790.0,9480.0,5.0,39.0,4,3600.0,2023-10-28,2024-01-01,1,9480.0
RIQ-00866,Enterprise,Healthcare,Bengaluru,Referral,Annual,23,6620.0,79440.0,0.0,75.0,28,55600.0,2023-06-07,,0,0.0
RIQ-00867,Basic,E-commerce,Delhi,Organic Search,Monthly,2,690.0,8280.0,2.0,76.0,11,3400.0,2022-10-21,,0,0.0
RIQ-00868,Pro,E-commerce,Delhi,Direct,Monthly,28,2140.0,25680.0,1.0,88.0,5,11500.0,2022-12-12,,0,0.0
RIQ-00869,Pro,Edtech,Pune,Email Campaign,Monthly,7,2410.0,28920.0,1.0,57.0,14,8100.0,2022-03-23,,0,0.0
RIQ-00870,Basic,Healthcare,Delhi,Paid Search,Annual,6,640.0,7680.0,2.0,55.0,7,3900.0,2022-10-01,2023-04-03,1,7680.0
RIQ-00871,Pro,Edtech,Hyderabad,Social Media,Monthly,60,2360.0,28320.0,5.0,49.0,8,10700.0,2023-01-07,,0,0.0
RIQ-00872,Basic,Edtech,Chennai,Direct,Monthly,2,580.0,6960.0,2.0,47.0,11,2400.0,2022-01-24,,0,0.0
RIQ-00873,Pro,E-commerce,Hyderabad,Social Media,Monthly,6,2240.0,26880.0,0.0,22.0,13,9600.0,2022-03-23,,0,0.0
RIQ-00874,Pro,E-commerce,Mumbai,Email Campaign,Annual,1,2440.0,29280.0,2.0,52.0,12,6200.0,2023-04-30,,0,0.0
RIQ-00875,Basic,Fintech,Delhi,Organic Search,Annual,1,880.0,10560.0,0.0,29.0,10,2300.0,2022-03-27,,0,0.0
RIQ-00876,Basic,Edtech,Hyderabad,Paid Search,Monthly,2,960.0,11520.0,2.0,43.0,14,2700.0,2023-02-04,2023-03-30,1,11520.0
RIQ-00877,Pro,Fintech,Bengaluru,Referral,Monthly,34,1630.0,19560.0,1.0,70.0,19,6300.0,2023-06-24,,0,0.0
RIQ-00878,Basic,Fintech,Hyderabad,Direct,Monthly,1,930.0,11160.0,2.0,47.0,2,3400.0,2022-11-30,2023-01-11,1,11160.0
RIQ-00879,Pro,Fintech,Pune,Direct,Monthly,9,1770.0,21240.0,2.0,57.0,9,14500.0,2023-04-01,,0,0.0
RIQ-00880,Pro,Fintech,Bengaluru,Organic Search,Monthly,32,2090.0,25080.0,0.0,76.0,15,11700.0,2023-04-13,,0,0.0
RIQ-00881,Pro,Fintech,Pune,Paid Search,Annual,7,2020.0,24240.0,4.0,55.0,18,14200.0,2023-10-17,,0,0.0
RIQ-00882,Pro,Edtech,Delhi,Organic Search,Monthly,37,1730.0,20760.0,1.0,72.0,19,9300.0,2022-04-02,,0,0.0
RIQ-00883,Pro,Fintech,Bengaluru,Referral,Annual,2,1800.0,21600.0,1.0,73.0,9,12800.0,2022-01-01,,0,0.0
RIQ-00884,Basic,Fintech,Pune,Referral,Monthly,17,640.0,7680.0,2.0,24.0,1,2000.0,2023-07-02,,0,0.0
RIQ-00885,Pro,E-commerce,Mumbai,Paid Search,Monthly,6,1980.0,23760.0,3.0,63.0,18,13200.0,2022-01-10,,0,0.0
RIQ-00886,Pro,Fintech,Mumbai,Paid Search,Annual,8,2300.0,27600.0,,46.0,17,9700.0,2023-07-16,,0,0.0
RIQ-00887,Basic,Healthcare,Mumbai,Organic Search,Monthly,18,700.0,8400.0,7.0,43.0,8,4200.0,2022-06-17,2023-12-16,1,8400.0
RIQ-00888,Pro,Edtech,Mumbai,Email Campaign,Annual,10,1760.0,21120.0,1.0,51.0,15,10600.0,2023-03-09,,0,0.0
RIQ-00889,Basic,E-commerce,Mumbai,Email Campaign,Annual,17,810.0,9720.0,1.0,41.0,1,2900.0,2022-10-06,,0,0.0
RIQ-00890,Pro,Edtech,Delhi,Social Media,Annual,2,1910.0,22920.0,1.0,56.0,14,8600.0,2022-03-12,,0,0.0
RIQ-00891,Enterprise,Healthcare,Chennai,Social Media,Annual,37,8090.0,97080.0,1.0,52.0,21,32800.0,2022-10-06,,0,0.0
RIQ-00892,Pro,Fintech,Bengaluru,Referral,Monthly,2,1650.0,19800.0,1.0,46.0,11,6900.0,2023-07-02,2023-08-16,1,19800.0
RIQ-00893,Pro,E-commerce,Bengaluru,Email Campaign,Annual,19,2210.0,26520.0,1.0,38.0,13,7400.0,2022-01-09,,0,0.0
RIQ-00894,Pro,Fintech,Bengaluru,Paid Search,Annual,4,1840.0,22080.0,2.0,53.0,12,10500.0,2022-11-16,,0,0.0
RIQ-00895,Basic,Edtech,Bengaluru,Email Campaign,Monthly,17,850.0,10200.0,1.0,79.0,1,3000.0,2022-02-02,,0,0.0
RIQ-00896,Basic,Fintech,Mumbai,Email Campaign,Monthly,4,530.0,6360.0,1.0,74.0,3,3600.0,2023-02-06,2023-05-24,1,6360.0
RIQ-00897,Pro,Fintech,Delhi,Social Media,Monthly,15,1750.0,21000.0,1.0,37.0,12,14800.0,2023-01-26,2024-05-01,1,21000.0
RIQ-00898,Basic,Fintech,Pune,Paid Search,Annual,26,690.0,8280.0,4.0,28.0,11,2700.0,2023-03-30,,0,0.0
RIQ-00899,Pro,E-commerce,Mumbai,Paid Search,Monthly,9,2230.0,26760.0,0.0,56.0,14,14800.0,2022-04-07,,0,0.0
RIQ-00900,Basic,Healthcare,Chennai,Organic Search,Annual,3,840.0,10080.0,3.0,,7,4800.0,2022-11-16,,0,0.0
RIQ-00901,Pro,Healthcare,Hyderabad,Paid Search,Monthly,9,2240.0,26880.0,1.0,63.0,21,8300.0,2023-07-17,,0,0.0
RIQ-00902,Pro,Edtech,Delhi,Organic Search,Annual,8,1700.0,20400.0,0.0,71.0,14,8000.0,2022-02-23,,0,0.0
RIQ-00903,Pro,Edtech,Pune,Social Media,Annual,33,2130.0,25560.0,0.0,78.0,14,13100.0,2022-11-29,,0,0.0
RIQ-00904,Basic,Edtech,Hyderabad,Email Campaign,Annual,3,700.0,8400.0,2.0,52.0,10,4900.0,2022-09-06,2022-11-20,1,8400.0
RIQ-00905,Basic,Edtech,Mumbai,Direct,Monthly,1,840.0,10080.0,3.0,67.0,13,3100.0,2022-06-08,,0,0.0
RIQ-00906,Basic,Edtech,Bengaluru,Organic Search,Monthly,22,540.0,6480.0,1.0,71.0,1,3000.0,2023-09-26,,0,0.0
RIQ-00907,Basic,E-commerce,Pune,Organic Search,Monthly,16,530.0,6360.0,0.0,37.0,10,2500.0,2022-12-31,2024-04-29,1,6360.0
RIQ-00908,Basic,E-commerce,Mumbai,Paid Search,Annual,6,740.0,8880.0,4.0,0.0,2,4400.0,2022-11-21,2023-05-22,1,8880.0
RIQ-00909,Basic,Fintech,Mumbai,Email Campaign,Monthly,16,720.0,8640.0,0.0,44.0,2,4100.0,2022-07-17,2023-10-25,1,8640.0
RIQ-00910,Pro,Fintech,Delhi,Organic Search,Annual,23,2400.0,28800.0,0.0,56.0,18,11000.0,2023-05-12,,0,0.0
RIQ-00911,Pro,Edtech,Mumbai,Email Campaign,Monthly,10,1990.0,23880.0,0.0,89.0,18,9100.0,2023-08-04,,0,0.0
RIQ-00912,Basic,Fintech,Mumbai,Direct,Monthly,3,640.0,7680.0,2.0,74.0,2,4600.0,2023-09-06,2023-12-19,1,7680.0
RIQ-00913,Basic,Edtech,Bengaluru,Paid Search,Monthly,18,720.0,8640.0,1.0,78.0,9,3100.0,2022-09-27,2024-03-22,1,8640.0
RIQ-00914,Enterprise,E-commerce,Hyderabad,Referral,Annual,17,6890.0,82680.0,2.0,100.0,24,34600.0,2022-07-09,,0,0.0
RIQ-00915,Basic,E-commerce,Mumbai,Organic Search,Annual,1,810.0,9720.0,5.0,38.0,9,4200.0,2022-11-25,,0,0.0
RIQ-00916,Basic,Fintech,Bengaluru,Organic Search,Annual,8,690.0,8280.0,1.0,47.0,7,4000.0,2023-06-21,,0,0.0
RIQ-00917,Basic,Edtech,Hyderabad,Direct,Monthly,3,640.0,7680.0,6.0,0.0,1,3000.0,2023-02-24,2023-05-30,1,7680.0
RIQ-00918,Basic,Healthcare,Mumbai,Paid Search,Annual,1,520.0,6240.0,5.0,76.0,8,2500.0,2022-05-13,,0,0.0
RIQ-00919,Basic,Fintech,Mumbai,Social Media,Annual,5,590.0,7080.0,1.0,51.0,2,3700.0,2022-02-02,,0,0.0
RIQ-00920,Basic,Fintech,Chennai,Organic Search,Monthly,11,760.0,9120.0,1.0,49.0,7,2100.0,2023-08-28,2024-07-16,1,9120.0
RIQ-00921,Basic,Edtech,Bengaluru,Social Media,Monthly,3,510.0,6120.0,2.0,50.0,1,3500.0,2022-08-02,2022-11-05,1,6120.0
RIQ-00922,Basic,Healthcare,Chennai,Paid Search,Annual,4,900.0,10800.0,4.0,81.0,3,3100.0,2022-03-04,,0,0.0
RIQ-00923,Basic,Edtech,Bengaluru,Paid Search,Monthly,10,910.0,10920.0,5.0,69.0,2,3900.0,2022-03-01,2023-01-06,1,10920.0
RIQ-00924,Basic,E-commerce,Hyderabad,Referral,Annual,2,920.0,11040.0,0.0,78.0,1,4800.0,2022-03-21,,0,0.0
RIQ-00925,Basic,Fintech,Bengaluru,Referral,Monthly,2,860.0,10320.0,2.0,58.0,8,2600.0,2023-06-29,2023-08-25,1,10320.0
RIQ-00926,Pro,Fintech,Delhi,Paid Search,Annual,19,2120.0,25440.0,1.0,73.0,12,11000.0,2022-07-03,,0,0.0
RIQ-00927,Pro,Healthcare,Mumbai,Email Campaign,Annual,1,2270.0,27240.0,1.0,78.0,12,12300.0,2023-08-14,2023-09-09,1,27240.0
RIQ-00928,Pro,Edtech,Delhi,Email Campaign,Monthly,6,1600.0,19200.0,1.0,84.0,18,10500.0,2022-07-04,,0,0.0
RIQ-00929,Pro,Fintech,Delhi,Social Media,Annual,2,2030.0,24360.0,0.0,46.0,13,9200.0,2023-09-07,,0,0.0
RIQ-00930,Enterprise,Fintech,Chennai,Social Media,Annual,26,9960.0,119520.0,2.0,83.0,23,45300.0,2022-11-29,,0,0.0
RIQ-00931,Pro,Healthcare,Mumbai,Referral,Monthly,6,2330.0,27960.0,2.0,71.0,9,11100.0,2022-11-28,,0,0.0
RIQ-00932,Pro,Edtech,Bengaluru,Direct,Annual,5,2260.0,27120.0,1.0,68.0,14,10100.0,2022-09-18,,0,0.0
RIQ-00933,Basic,E-commerce,Delhi,Organic Search,Monthly,10,500.0,6000.0,1.0,36.0,8,4900.0,2022-02-05,,0,0.0
RIQ-00934,Basic,Edtech,Mumbai,Social Media,Monthly,12,1000.0,12000.0,3.0,70.0,4,2900.0,2022-11-06,2023-10-17,1,12000.0
RIQ-00935,Pro,E-commerce,Bengaluru,Social Media,Monthly,34,1520.0,18240.0,1.0,70.0,12,10600.0,2022-10-10,,0,0.0
RIQ-00936,Basic,Fintech,Bengaluru,Paid Search,Monthly,4,780.0,9360.0,5.0,59.0,4,3400.0,2022-04-07,2022-07-22,1,9360.0
RIQ-00937,Basic,Fintech,Bengaluru,Referral,Monthly,19,940.0,11280.0,2.0,32.0,4,2700.0,2022-09-13,,0,0.0
RIQ-00938,Basic,E-commerce,Delhi,Paid Search,Annual,8,700.0,8400.0,3.0,40.0,7,4200.0,2022-08-11,,0,0.0
RIQ-00939,Basic,Fintech,Bengaluru,Paid Search,Monthly,7,590.0,7080.0,1.0,44.0,4,4700.0,2023-08-14,2024-03-22,1,7080.0
RIQ-00940,Basic,Edtech,Mumbai,Social Media,Monthly,1,860.0,10320.0,0.0,52.0,2,2200.0,2023-08-14,2023-09-10,1,10320.0
RIQ-00941,Basic,Edtech,Chennai,Direct,Monthly,13,670.0,8040.0,2.0,47.0,8,4800.0,2023-03-21,2024-04-12,1,8040.0
RIQ-00942,Basic,Healthcare,Delhi,Social Media,Annual,1,870.0,10440.0,1.0,41.0,6,4800.0,2023-09-09,,0,0.0
RIQ-00943,Basic,Fintech,Delhi,Organic Search,Monthly,16,530.0,6360.0,2.0,62.0,4,2100.0,2023-06-21,,0,0.0
RIQ-00944,Enterprise,E-commerce,Mumbai,Email Campaign,Annual,14,7510.0,90120.0,0.0,87.0,15,59900.0,2022-08-15,,0,0.0
RIQ-00945,Basic,Healthcare,Hyderabad,Social Media,Monthly,12,980.0,11760.0,2.0,59.0,2,3700.0,2023-09-02,,0,0.0
RIQ-00946,Basic,Healthcare,Chennai,Paid Search,Monthly,13,890.0,10680.0,3.0,17.0,5,3000.0,2022-06-01,2023-06-15,1,10680.0
RIQ-00947,Pro,Fintech,Hyderabad,Paid Search,Monthly,11,2050.0,24600.0,0.0,59.0,13,10500.0,2022-09-26,,0,0.0
RIQ-00948,Pro,Fintech,Delhi,Email Campaign,Annual,19,1630.0,19560.0,0.0,41.0,14,7800.0,2022-05-19,,0,0.0
RIQ-00949,Basic,Healthcare,Bengaluru,Organic Search,Monthly,7,780.0,9360.0,2.0,31.0,5,5000.0,2023-07-29,2024-02-28,1,9360.0
RIQ-00950,Basic,Healthcare,Delhi,Email Campaign,Monthly,7,630.0,7560.0,3.0,37.0,10,4100.0,2023-03-17,2023-10-08,1,7560.0
RIQ-00951,Basic,Edtech,Mumbai,Referral,Monthly,32,710.0,8520.0,3.0,32.0,9,2600.0,2023-01-10,2025-08-23,1,8520.0
RIQ-00952,Basic,Edtech,Pune,Email Campaign,Monthly,5,880.0,10560.0,0.0,41.0,6,3800.0,2022-06-23,2022-11-16,1,10560.0
RIQ-00953,Basic,Healthcare,Mumbai,Social Media,Monthly,3,570.0,6840.0,3.0,18.0,10,4500.0,2022-02-15,2022-05-30,1,6840.0
RIQ-00954,Basic,Fintech,Mumbai,Email Campaign,Monthly,1,880.0,10560.0,2.0,28.0,8,4200.0,2022-03-29,2022-04-16,1,10560.0
RIQ-00955,Basic,Healthcare,Bengaluru,Social Media,Monthly,7,570.0,6840.0,1.0,14.0,1,3000.0,2022-10-22,2023-05-05,1,6840.0
RIQ-00956,Basic,Healthcare,Delhi,Social Media,Annual,13,730.0,8760.0,2.0,17.0,3,4200.0,2022-12-06,2023-12-22,1,8760.0
RIQ-00957,Enterprise,Fintech,Delhi,Social Media,Monthly,52,8750.0,105000.0,1.0,52.0,17,25700.0,2023-07-16,,0,0.0
RIQ-00958,Pro,Edtech,Hyderabad,Referral,Annual,8,2200.0,26400.0,0.0,75.0,15,12000.0,2022-01-19,2022-09-13,1,26400.0
RIQ-00959,Basic,E-commerce,Bengaluru,Email Campaign,Annual,1,580.0,6960.0,4.0,64.0,4,4400.0,2022-10-18,2022-11-08,1,6960.0
RIQ-00960,Pro,Fintech,Pune,Organic Search,Annual,27,2150.0,25800.0,1.0,67.0,3,11900.0,2022-01-09,,0,0.0
RIQ-00961,Enterprise,E-commerce,Hyderabad,Email Campaign,Monthly,32,9560.0,114720.0,1.0,79.0,23,54700.0,2023-01-04,,0,0.0
RIQ-00962,Basic,E-commerce,Pune,Social Media,Annual,14,820.0,9840.0,1.0,27.0,5,4900.0,2022-08-25,,0,0.0
RIQ-00963,Basic,E-commerce,Delhi,Email Campaign,Annual,2,950.0,11400.0,4.0,52.0,4,4600.0,2023-05-12,,0,0.0
RIQ-00964,Pro,Edtech,Mumbai,Email Campaign,Annual,19,2000.0,24000.0,2.0,74.0,12,12400.0,2023-04-14,,0,0.0
RIQ-00965,Basic,E-commerce,Hyderabad,Social Media,Monthly,15,960.0,11520.0,4.0,59.0,5,3500.0,2022-11-09,2024-01-28,1,11520.0
RIQ-00966,Enterprise,E-commerce,Pune,Paid Search,Monthly,2,8420.0,101040.0,1.0,,23,59100.0,2022-12-30,2023-03-05,1,101040.0
RIQ-00967,Basic,E-commerce,Pune,Social Media,Monthly,4,640.0,7680.0,5.0,71.0,1,2800.0,2022-03-05,2022-07-08,1,7680.0
RIQ-00968,Basic,Healthcare,Pune,Social Media,Monthly,11,990.0,11880.0,1.0,24.0,1,2800.0,2023-07-23,2024-07-02,1,11880.0
RIQ-00969,Basic,Fintech,Mumbai,Organic Search,Annual,18,830.0,9960.0,4.0,66.0,8,4200.0,2022-03-31,,0,0.0
RIQ-00970,Pro,Healthcare,Hyderabad,Organic Search,Monthly,7,2370.0,28440.0,0.0,67.0,13,11200.0,2022-08-21,,0,0.0
RIQ-00971,Basic,Fintech,Bengaluru,Paid Search,Annual,2,660.0,7920.0,1.0,32.0,5,3300.0,2023-09-12,2023-11-06,1,7920.0
RIQ-00972,Pro,E-commerce,Bengaluru,Email Campaign,Annual,43,2080.0,24960.0,0.0,54.0,5,13800.0,2023-12-02,,0,0.0
RIQ-00973,Basic,E-commerce,Bengaluru,Organic Search,Annual,4,850.0,10200.0,1.0,68.0,1,2400.0,2023-06-21,2023-11-02,1,10200.0
RIQ-00974,Pro,Edtech,Mumbai,Social Media,Annual,2,1640.0,19680.0,1.0,48.0,12,8900.0,2023-08-02,,0,0.0
RIQ-00975,Pro,Fintech,Delhi,Organic Search,Monthly,22,2450.0,29400.0,0.0,67.0,11,13600.0,2022-05-02,,0,0.0
RIQ-00976,Basic,Edtech,Hyderabad,Referral,Annual,9,510.0,6120.0,2.0,12.0,3,4600.0,2022-11-23,,0,0.0
RIQ-00977,Basic,E-commerce,Mumbai,Paid Search,Annual,1,720.0,8640.0,3.0,48.0,1,4800.0,2023-10-15,,0,0.0
RIQ-00978,Enterprise,Edtech,Hyderabad,Organic Search,Annual,24,5530.0,66360.0,0.0,100.0,18,44700.0,2022-07-09,,0,0.0
RIQ-00979,Basic,E-commerce,Mumbai,Organic Search,Annual,3,800.0,9600.0,2.0,47.0,1,2700.0,2023-09-20,,0,0.0
RIQ-00980,Basic,Fintech,Hyderabad,Referral,Monthly,9,680.0,8160.0,4.0,64.0,5,3500.0,2023-05-04,2024-01-18,1,8160.0
RIQ-00981,Basic,Edtech,Mumbai,Paid Search,Monthly,4,690.0,8280.0,2.0,36.0,4,3400.0,2023-02-01,2023-06-01,1,8280.0
RIQ-00982,Pro,E-commerce,Hyderabad,Paid Search,Monthly,41,1910.0,22920.0,1.0,72.0,16,14600.0,2022-01-16,,0,0.0
RIQ-00983,Enterprise,E-commerce,Mumbai,Social Media,Monthly,46,8360.0,100320.0,3.0,100.0,23,57100.0,2022-07-27,,0,0.0
RIQ-00984,Basic,Fintech,Pune,Referral,Annual,33,990.0,11880.0,0.0,55.0,4,3500.0,2023-09-24,,0,0.0
RIQ-00985,Pro,E-commerce,Bengaluru,Paid Search,Monthly,26,1750.0,21000.0,2.0,54.0,15,12600.0,2023-02-19,2025-04-18,1,21000.0
RIQ-00986,Pro,Fintech,Chennai,Social Media,Annual,7,1810.0,21720.0,4.0,79.0,15,11100.0,2023-09-19,,0,0.0
RIQ-00987,Basic,E-commerce,Hyderabad,Organic Search,Monthly,3,820.0,9840.0,2.0,37.0,6,2300.0,2022-02-09,2022-05-11,1,9840.0
RIQ-00988,Basic,E-commerce,Mumbai,Email Campaign,Annual,10,940.0,11280.0,0.0,30.0,12,3600.0,2022-09-09,,0,0.0
RIQ-00989,Pro,Edtech,Bengaluru,Organic Search,Monthly,42,2060.0,24720.0,1.0,68.0,15,14700.0,2023-06-13,,0,0.0
RIQ-00990,Enterprise,E-commerce,Pune,Organic Search,Monthly,1,7200.0,86400.0,1.0,86.0,29,26700.0,2022-11-08,,0,0.0
RIQ-00991,Basic,E-commerce,Pune,Social Media,Annual,1,650.0,7800.0,1.0,38.0,3,4100.0,2022-02-25,,0,0.0
RIQ-00992,Pro,Edtech,Delhi,Social Media,Annual,21,2150.0,25800.0,1.0,63.0,13,7000.0,2022-04-03,,0,0.0
RIQ-00993,Pro,Healthcare,Bengaluru,Direct,Annual,55,2440.0,29280.0,1.0,65.0,8,9700.0,2023-07-14,,0,0.0
RIQ-00994,Basic,E-commerce,Hyderabad,Organic Search,Annual,4,590.0,7080.0,2.0,42.0,10,4700.0,2023-08-28,,0,0.0
RIQ-00995,Basic,E-commerce,Mumbai,Social Media,Annual,1,540.0,6480.0,2.0,54.0,3,3900.0,2022-11-28,2023-01-04,1,6480.0
RIQ-00996,Basic,Healthcare,Mumbai,Direct,Monthly,1,870.0,10440.0,3.0,33.0,6,4100.0,2022-04-04,2022-04-22,1,10440.0
RIQ-00997,Basic,Healthcare,Bengaluru,Email Campaign,Annual,5,850.0,10200.0,5.0,,6,4800.0,2023-06-08,2023-11-09,1,10200.0
RIQ-00998,Basic,Edtech,Bengaluru,Email Campaign,Monthly,30,880.0,10560.0,1.0,52.0,12,3700.0,2022-12-10,,0,0.0
RIQ-00999,Basic,Edtech,Hyderabad,Social Media,Monthly,17,930.0,11160.0,1.0,48.0,10,4300.0,2022-07-03,,0,0.0
RIQ-01000,Basic,Healthcare,Bengaluru,Referral,Monthly,1,860.0,10320.0,3.0,28.0,1,3900.0,2023-04-02,2023-04-26,1,10320.0
RIQ-01001,Pro,Edtech,Pune,Social Media,Monthly,3,1700.0,20400.0,3.0,72.0,14,10100.0,2023-09-30,2024-01-07,1,20400.0
RIQ-01002,Enterprise,Healthcare,Delhi,Social Media,Annual,16,7720.0,92640.0,0.0,73.0,24,28700.0,2022-01-06,,0,0.0
RIQ-01003,Basic,E-commerce,Pune,Social Media,Monthly,8,830.0,9960.0,0.0,60.0,1,3300.0,2023-04-10,2023-12-04,1,9960.0
RIQ-01004,Basic,E-commerce,Delhi,Organic Search,Annual,16,940.0,11280.0,1.0,48.0,5,3900.0,2022-10-12,,0,0.0
RIQ-01005,Basic,E-commerce,Chennai,Email Campaign,Annual,3,520.0,6240.0,3.0,44.0,5,4000.0,2022-06-01,2022-08-16,1,6240.0
RIQ-01006,Pro,Healthcare,Mumbai,Social Media,Annual,26,2170.0,26040.0,2.0,100.0,9,14300.0,2023-09-10,,0,0.0
RIQ-01007,Enterprise,E-commerce,Chennai,Referral,Monthly,18,7080.0,84960.0,1.0,64.0,20,46400.0,2022-07-02,,0,0.0
RIQ-01008,Pro,Fintech,Mumbai,Email Campaign,Monthly,15,2200.0,26400.0,2.0,100.0,12,14700.0,2023-08-10,2024-11-12,1,26400.0
RIQ-01009,Basic,E-commerce,Bengaluru,Social Media,Monthly,2,680.0,8160.0,2.0,25.0,4,4300.0,2022-02-06,2022-03-25,1,8160.0
RIQ-01010,Basic,E-commerce,Delhi,Referral,Monthly,16,910.0,10920.0,3.0,42.0,6,4500.0,2023-03-14,,0,0.0
RIQ-01011,Basic,E-commerce,Pune,Social Media,Monthly,5,560.0,6720.0,0.0,62.0,10,3600.0,2022-10-09,2023-03-03,1,6720.0
RIQ-01012,Basic,Fintech,Delhi,Direct,Monthly,8,810.0,9720.0,2.0,35.0,2,4200.0,2022-04-22,2022-12-21,1,9720.0
RIQ-01013,Pro,E-commerce,Pune,Organic Search,Annual,1,1980.0,23760.0,2.0,72.0,8,14900.0,2023-09-12,,0,0.0
RIQ-01014,Enterprise,Fintech,Bengaluru,Social Media,Monthly,33,8040.0,96480.0,0.0,65.0,21,44900.0,2022-11-21,,0,0.0
RIQ-01015,Basic,Fintech,Bengaluru,Paid Search,Annual,1,960.0,11520.0,2.0,42.0,1,3700.0,2023-09-22,,0,0.0
RIQ-01016,Enterprise,Edtech,Chennai,Organic Search,Annual,2,7460.0,89520.0,2.0,72.0,21,31600.0,2022-07-04,,0,0.0
RIQ-01017,Pro,Fintech,Bengaluru,Email Campaign,Annual,15,1690.0,20280.0,0.0,86.0,23,11600.0,2022-05-02,,0,0.0
RIQ-01018,Basic,Fintech,Mumbai,Email Campaign,Monthly,4,920.0,11040.0,0.0,68.0,1,5000.0,2023-09-23,,0,0.0
RIQ-01019,Basic,Healthcare,Hyderabad,Paid Search,Monthly,4,780.0,9360.0,3.0,50.0,5,2000.0,2023-10-15,2024-02-03,1,9360.0
RIQ-01020,Basic,Fintech,Pune,Paid Search,Annual,1,890.0,10680.0,0.0,11.0,1,3500.0,2022-11-12,2022-12-06,1,10680.0
RIQ-01021,Basic,Healthcare,Bengaluru,Social Media,Monthly,1,840.0,10080.0,3.0,58.0,6,4200.0,2022-12-16,2023-01-12,1,10080.0
RIQ-01022,Enterprise,E-commerce,Hyderabad,Referral,Annual,32,5880.0,70560.0,0.0,95.0,17,39200.0,2022-12-05,,0,0.0
RIQ-01023,Basic,E-commerce,Chennai,Social Media,Annual,28,740.0,8880.0,1.0,55.0,3,2400.0,2022-02-06,2024-05-31,1,8880.0
RIQ-01024,Enterprise,E-commerce,Bengaluru,Direct,Monthly,60,9330.0,111960.0,1.0,100.0,22,57100.0,2022-12-10,,0,0.0
RIQ-01025,Basic,Edtech,Hyderabad,Social Media,Monthly,14,530.0,6360.0,1.0,61.0,7,3700.0,2023-06-18,2024-08-05,1,6360.0
RIQ-01026,Basic,E-commerce,Pune,Email Campaign,Monthly,2,510.0,6120.0,2.0,36.0,6,3000.0,2023-08-15,2023-10-20,1,6120.0
RIQ-01027,Pro,Edtech,Delhi,Email Campaign,Annual,1,1570.0,18840.0,1.0,70.0,12,9100.0,2022-06-02,2022-06-25,1,18840.0
RIQ-01028,Pro,Edtech,Chennai,Paid Search,Annual,14,2030.0,24360.0,1.0,36.0,13,9500.0,2022-06-19,,0,0.0
RIQ-01029,Enterprise,E-commerce,Hyderabad,Direct,Annual,31,9320.0,111840.0,2.0,55.0,23,21300.0,2022-11-12,,0,0.0
RIQ-01030,Pro,Edtech,Delhi,Paid Search,Monthly,60,1910.0,22920.0,0.0,76.0,15,9300.0,2023-05-24,,0,0.0
RIQ-01031,Basic,E-commerce,Mumbai,Social Media,Annual,13,650.0,7800.0,3.0,80.0,4,2900.0,2023-06-22,,0,0.0
RIQ-01032,Pro,E-commerce,Hyderabad,Direct,Monthly,1,2280.0,27360.0,2.0,61.0,16,13200.0,2022-04-05,2022-05-04,1,27360.0
RIQ-01033,basic,Healthcare,Bengaluru,Direct,Annual,3,580.0,6960.0,0.0,45.0,5,4800.0,2022-12-15,,0,0.0
RIQ-01034,Basic,Healthcare,Pune,Organic Search,Monthly,14,890.0,10680.0,1.0,41.0,1,4600.0,2022-05-27,2023-07-30,1,10680.0
RIQ-01035,Basic,Fintech,Chennai,Email Campaign,Monthly,3,840.0,10080.0,1.0,47.0,1,4200.0,2022-05-16,2022-08-05,1,10080.0
RIQ-01036,Pro,E-commerce,Delhi,Referral,Monthly,7,2020.0,24240.0,0.0,36.0,10,6400.0,2022-01-05,,0,0.0
RIQ-01037,Pro,E-commerce,Mumbai,Referral,Annual,4,2370.0,28440.0,1.0,74.0,11,6400.0,2022-12-08,,0,0.0
RIQ-01038,Basic,E-commerce,Mumbai,Direct,Monthly,9,830.0,9960.0,4.0,54.0,1,2100.0,2022-11-16,,0,0.0
RIQ-01039,Pro,Healthcare,Mumbai,Email Campaign,Monthly,7,1710.0,20520.0,1.0,88.0,14,8500.0,2022-07-25,,0,0.0
RIQ-01040,Enterprise,Edtech,Bengaluru,Organic Search,Monthly,52,7200.0,86400.0,1.0,75.0,21,20600.0,2022-05-01,2026-08-01,1,86400.0
RIQ-01041,Pro,E-commerce,Mumbai,Referral,Annual,1,2120.0,25440.0,0.0,66.0,9,10900.0,2023-06-11,,0,0.0
RIQ-01042,Basic,E-commerce,Mumbai,Social Media,Monthly,24,630.0,7560.0,1.0,49.0,2,2700.0,2022-10-18,2024-10-10,1,7560.0
RIQ-01043,Pro,Edtech,Mumbai,Paid Search,Annual,18,1840.0,22080.0,1.0,81.0,19,6300.0,2023-03-31,,0,0.0
RIQ-01044,Pro,E-commerce,Hyderabad,Direct,Annual,8,1550.0,18600.0,2.0,43.0,14,9800.0,2023-01-28,,0,0.0
RIQ-01045,Basic,E-commerce,Bengaluru,Paid Search,Monthly,1,800.0,9600.0,2.0,57.0,8,4500.0,2023-08-30,2023-10-04,1,9600.0
RIQ-01046,Basic,Fintech,Chennai,Referral,Monthly,18,660.0,7920.0,2.0,34.0,13,4100.0,2022-07-22,,0,0.0
RIQ-01047,Basic,Edtech,Bengaluru,Social Media,Monthly,14,990.0,11880.0,5.0,53.0,4,2400.0,2023-04-22,2024-06-18,1,11880.0
RIQ-01048,Basic,E-commerce,Hyderabad,Referral,Annual,16,730.0,8760.0,2.0,32.0,1,2900.0,2023-04-12,,0,0.0
RIQ-01049,Pro,Edtech,Mumbai,Organic Search,Monthly,13,1970.0,23640.0,1.0,77.0,16,14100.0,2022-08-18,,0,0.0
RIQ-01050,Basic,Fintech,Pune,Direct,Annual,4,680.0,8160.0,1.0,56.0,2,4100.0,2022-07-07,,0,0.0
RIQ-01051,Basic,E-commerce,Bengaluru,Paid Search,Monthly,3,940.0,11280.0,1.0,70.0,6,2100.0,2023-04-10,2023-07-09,1,11280.0
RIQ-01052,Pro,Fintech,Bengaluru,Paid Search,Monthly,29,1960.0,23520.0,1.0,65.0,10,9100.0,2022-06-24,,0,0.0
RIQ-01053,Pro,E-commerce,Pune,Referral,Annual,5,2010.0,24120.0,2.0,63.0,8,13200.0,2023-02-20,,0,0.0
RIQ-01054,Basic,Fintech,Bengaluru,Social Media,Monthly,11,820.0,9840.0,4.0,44.0,1,3400.0,2022-11-06,2023-10-04,1,9840.0
RIQ-01055,Pro,E-commerce,Pune,Organic Search,Annual,26,1740.0,20880.0,1.0,56.0,12,9500.0,2022-06-12,,0,0.0
RIQ-01056,Basic,E-commerce,Mumbai,Referral,Annual,10,910.0,10920.0,0.0,30.0,6,3300.0,2023-08-29,,0,0.0
RIQ-01057,Pro,Healthcare,Pune,Email Campaign,Annual,14,1840.0,22080.0,0.0,49.0,9,12000.0,2022-08-30,,0,0.0
RIQ-01058,Basic,Edtech,Delhi,Social Media,Monthly,21,850.0,10200.0,4.0,40.0,7,2300.0,2023-05-14,,0,0.0
RIQ-01059,Basic,Edtech,Mumbai,Organic Search,Monthly,2,550.0,6600.0,0.0,62.0,7,2500.0,2023-04-01,,0,0.0
RIQ-01060,Basic,Edtech,Mumbai,Referral,Monthly,5,550.0,6600.0,5.0,69.0,2,4500.0,2023-09-03,2024-02-09,1,6600.0
RIQ-01061,Basic,Edtech,Delhi,Organic Search,Annual,21,530.0,6360.0,4.0,50.0,1,2400.0,2022-08-11,2024-05-13,1,6360.0
RIQ-01062,Enterprise,Edtech,Delhi,Paid Search,Annual,6,9050.0,108600.0,2.0,100.0,21,31700.0,2022-05-31,,0,0.0
RIQ-01063,Basic,Fintech,Mumbai,Email Campaign,Monthly,14,810.0,9720.0,1.0,90.0,4,2600.0,2023-04-03,,0,0.0
RIQ-01064,Basic,E-commerce,Mumbai,Organic Search,Monthly,13,780.0,9360.0,3.0,24.0,6,2900.0,2023-11-27,,0,0.0
RIQ-01065,Basic,Fintech,Mumbai,Paid Search,Monthly,1,990.0,11880.0,1.0,23.0,1,3700.0,2022-12-19,2023-01-05,1,11880.0
RIQ-01066,Enterprise,Edtech,Mumbai,Paid Search,Annual,54,9240.0,110880.0,1.0,71.0,17,58700.0,2022-10-29,,0,0.0
RIQ-01067,Enterprise,E-commerce,Bengaluru,Paid Search,Annual,15,5000.0,60000.0,2.0,85.0,19,54400.0,2023-07-28,,0,0.0
RIQ-01068,Basic,Edtech,Chennai,Social Media,Annual,5,930.0,11160.0,3.0,76.0,9,3300.0,2022-08-29,,0,0.0
RIQ-01069,Basic,E-commerce,Chennai,Social Media,Monthly,8,850.0,10200.0,2.0,58.0,8,3300.0,2023-02-20,2023-10-15,1,10200.0
RIQ-01070,Basic,E-commerce,Delhi,Paid Search,Monthly,25,570.0,6840.0,3.0,44.0,6,3200.0,2023-07-23,,0,0.0
RIQ-01071,Pro,Healthcare,Mumbai,Email Campaign,Annual,6,1650.0,19800.0,0.0,88.0,21,6100.0,2023-11-18,,0,0.0
RIQ-01072,Enterprise,Fintech,Chennai,Direct,Annual,4,5720.0,68640.0,2.0,64.0,22,25400.0,2023-05-14,,0,0.0
RIQ-01073,Basic,Edtech,Chennai,Social Media,Monthly,4,570.0,6840.0,3.0,68.0,5,3400.0,2023-03-02,2023-07-12,1,6840.0
RIQ-01074,Pro,Fintech,Bengaluru,Organic Search,Monthly,3,1920.0,23040.0,0.0,79.0,9,9800.0,2022-07-04,,0,0.0
RIQ-01075,Basic,Edtech,Bengaluru,Paid Search,Monthly,18,690.0,8280.0,0.0,,5,3300.0,2022-08-20,2024-02-01,1,8280.0
RIQ-01076,Basic,Fintech,Chennai,Email Campaign,Annual,4,860.0,10320.0,1.0,37.0,1,2800.0,2023-05-29,,0,0.0
RIQ-01077,Basic,Edtech,Chennai,Email Campaign,Monthly,4,520.0,6240.0,2.0,30.0,8,3400.0,2022-02-08,2022-06-11,1,6240.0
RIQ-01078,Enterprise,Edtech,Chennai,Direct,Monthly,1,9810.0,117720.0,1.0,75.0,25,59300.0,2022-03-23,,0,0.0
RIQ-01079,basic,Healthcare,Hyderabad,Email Campaign,Monthly,4,990.0,11880.0,0.0,42.0,8,3400.0,2022-10-14,,0,0.0
RIQ-01080,Enterprise,Healthcare,Mumbai,Organic Search,Annual,24,5440.0,65280.0,2.0,77.0,23,46700.0,2023-04-29,,0,0.0
RIQ-01081,Basic,Healthcare,Bengaluru,Email Campaign,Monthly,25,840.0,10080.0,2.0,34.0,2,3700.0,2023-07-07,2025-08-05,1,10080.0
RIQ-01082,Basic,E-commerce,Mumbai,Referral,Annual,7,770.0,9240.0,3.0,52.0,6,3400.0,2022-01-12,,0,0.0
RIQ-01083,Pro,E-commerce,Bengaluru,Direct,Monthly,12,2230.0,26760.0,3.0,63.0,11,13200.0,2023-03-08,2024-02-27,1,26760.0
RIQ-01084,Pro,E-commerce,Pune,Paid Search,Annual,4,1530.0,18360.0,1.0,91.0,19,12500.0,2023-09-04,,0,0.0
RIQ-01085,Pro,Edtech,Pune,Organic Search,Annual,13,1560.0,18720.0,3.0,48.0,11,11200.0,2023-04-30,,0,0.0
RIQ-01086,Basic,E-commerce,Delhi,Direct,Monthly,10,640.0,7680.0,1.0,26.0,4,2100.0,2023-10-02,,0,0.0
RIQ-01087,Enterprise,E-commerce,Mumbai,Paid Search,Annual,18,5380.0,64560.0,0.0,57.0,19,31000.0,2022-10-12,,0,0.0
RIQ-01088,Pro,Edtech,Chennai,Direct,Monthly,4,1760.0,21120.0,0.0,45.0,14,14200.0,2022-04-25,,0,0.0
RIQ-01089,Basic,Edtech,Bengaluru,Direct,Monthly,2,830.0,9960.0,1.0,46.0,3,2500.0,2023-01-14,2023-03-25,1,9960.0
RIQ-01090,Basic,Fintech,Hyderabad,Paid Search,Annual,9,590.0,7080.0,1.0,76.0,1,4600.0,2023-06-25,,0,0.0
RIQ-01091,Basic,Healthcare,Mumbai,Direct,Annual,3,570.0,6840.0,1.0,50.0,3,4500.0,2022-06-07,,0,0.0
RIQ-01092,Pro,Fintech,Delhi,Organic Search,Annual,1,1880.0,22560.0,0.0,58.0,13,11700.0,2023-11-08,,0,0.0
RIQ-01093,Basic,Fintech,Bengaluru,Organic Search,Monthly,4,870.0,10440.0,0.0,22.0,4,3900.0,2022-12-20,2023-04-05,1,10440.0
RIQ-01094,Basic,Edtech,Delhi,Email Campaign,Monthly,2,580.0,6960.0,3.0,28.0,5,2900.0,2023-02-13,2023-04-14,1,6960.0
RIQ-01095,Basic,Edtech,Pune,Paid Search,Annual,22,770.0,9240.0,4.0,75.0,13,4100.0,2023-01-24,,0,0.0
RIQ-01096,Basic,Edtech,Mumbai,Organic Search,Annual,6,760.0,9120.0,4.0,41.0,6,2000.0,2023-03-22,,0,0.0
RIQ-01097,Basic,E-commerce,Chennai,Organic Search,Annual,5,840.0,10080.0,3.0,50.0,5,4000.0,2023-06-27,,0,0.0
RIQ-01098,Basic,E-commerce,Delhi,Referral,Monthly,1,820.0,9840.0,1.0,67.0,4,4800.0,2023-03-19,2023-04-22,1,9840.0
RIQ-01099,Enterprise,E-commerce,Hyderabad,Direct,Annual,60,6330.0,75960.0,0.0,93.0,25,38400.0,2022-04-11,,0,0.0
RIQ-01100,Basic,Fintech,Bengaluru,Referral,Monthly,5,840.0,10080.0,1.0,32.0,2,4000.0,2022-09-05,2023-02-10,1,10080.0
RIQ-01101,Basic,E-commerce,Hyderabad,Paid Search,Monthly,9,840.0,10080.0,3.0,41.0,6,3600.0,2022-07-04,2023-03-26,1,10080.0
RIQ-01102,Pro,Fintech,Delhi,Social Media,Annual,19,1510.0,18120.0,1.0,37.0,16,12200.0,2022-04-11,,0,0.0
RIQ-01103,Pro,Edtech,Delhi,Paid Search,Annual,13,2220.0,26640.0,0.0,42.0,11,6200.0,2022-09-15,,0,0.0
RIQ-01104,Basic,E-commerce,Bengaluru,Paid Search,Monthly,7,970.0,11640.0,6.0,37.0,1,4500.0,2023-11-04,2024-06-14,1,11640.0
RIQ-01105,Basic,E-commerce,Mumbai,Social Media,Monthly,18,850.0,10200.0,2.0,16.0,14,4600.0,2022-05-03,2023-10-12,1,10200.0
RIQ-01106,Basic,E-commerce,Delhi,Direct,Monthly,2,950.0,11400.0,3.0,56.0,7,4900.0,2023-08-03,2023-10-12,1,11400.0
RIQ-01107,Basic,Healthcare,Mumbai,Paid Search,Monthly,10,630.0,7560.0,2.0,39.0,1,4800.0,2023-04-24,2024-02-24,1,7560.0
RIQ-01108,Basic,Healthcare,Hyderabad,Organic Search,Monthly,11,640.0,7680.0,0.0,26.0,2,4700.0,2023-03-14,2024-02-14,1,7680.0
RIQ-01109,Basic,Edtech,Hyderabad,Organic Search,Monthly,15,580.0,6960.0,3.0,45.0,5,2800.0,2022-03-17,,0,0.0
RIQ-01110,Enterprise,Healthcare,Hyderabad,Email Campaign,Annual,3,9980.0,119760.0,0.0,66.0,28,37600.0,2022-09-22,,0,0.0
RIQ-01111,Pro,E-commerce,Hyderabad,Organic Search,Monthly,2,1990.0,23880.0,0.0,68.0,12,11800.0,2022-07-25,2022-09-27,1,23880.0
RIQ-01112,Basic,Edtech,Mumbai,Organic Search,Monthly,36,770.0,9240.0,2.0,29.0,1,2700.0,2023-03-18,,0,0.0
RIQ-01113,Basic,Healthcare,Mumbai,Paid Search,Annual,1,860.0,10320.0,1.0,30.0,5,2100.0,2022-04-16,,0,0.0
RIQ-01114,Pro,Healthcare,Delhi,Email Campaign,Monthly,19,2280.0,27360.0,2.0,48.0,17,11900.0,2022-01-20,2023-08-26,1,27360.0
RIQ-01115,Enterprise,E-commerce,Bengaluru,Social Media,Annual,60,5190.0,62280.0,0.0,84.0,23,56200.0,2023-02-04,,0,0.0
RIQ-01116,Pro,Healthcare,Hyderabad,Paid Search,Annual,36,2070.0,24840.0,,54.0,15,12900.0,2023-06-12,,0,0.0
RIQ-01117,Enterprise,E-commerce,Bengaluru,Email Campaign,Annual,1,7020.0,84240.0,0.0,98.0,19,58200.0,2022-03-13,,0,0.0
RIQ-01118,Basic,Healthcare,Delhi,Social Media,Monthly,2,910.0,10920.0,2.0,36.0,5,3700.0,2023-05-09,2023-06-26,1,10920.0
RIQ-01119,Basic,Healthcare,Hyderabad,Organic Search,Monthly,8,840.0,10080.0,0.0,80.0,7,2200.0,2023-02-15,,0,0.0
RIQ-01120,Pro,E-commerce,Delhi,Social Media,Annual,20,1860.0,22320.0,1.0,57.0,10,10100.0,2022-12-15,,0,0.0
RIQ-01121,Pro,E-commerce,Mumbai,Organic Search,Annual,43,2150.0,25800.0,2.0,59.0,24,14700.0,2022-06-30,,0,0.0
RIQ-01122,Pro,E-commerce,Bengaluru,Social Media,Monthly,43,1800.0,21600.0,0.0,51.0,7,11700.0,2023-02-04,,0,0.0
RIQ-01123,Pro,Fintech,Pune,Email Campaign,Monthly,6,1580.0,18960.0,1.0,58.0,17,7700.0,2023-10-10,,0,0.0
RIQ-01124,Basic,E-commerce,Delhi,Email Campaign,Monthly,15,510.0,6120.0,2.0,57.0,1,3500.0,2023-08-31,2024-11-15,1,6120.0
RIQ-01125,Pro,E-commerce,Delhi,Social Media,Monthly,27,1810.0,21720.0,0.0,54.0,19,13300.0,2023-07-01,,0,0.0
RIQ-01126,Basic,Edtech,Mumbai,Paid Search,Annual,8,510.0,6120.0,2.0,40.0,1,2200.0,2022-12-14,,0,0.0
RIQ-01127,Basic,E-commerce,Chennai,Social Media,Monthly,7,560.0,6720.0,2.0,45.0,6,3600.0,2023-11-01,2024-06-04,1,6720.0
RIQ-01128,Basic,Fintech,Delhi,Organic Search,Monthly,24,770.0,9240.0,1.0,31.0,2,2700.0,2023-08-17,,0,0.0
RIQ-01129,Pro,Edtech,Delhi,Social Media,Annual,5,1990.0,23880.0,0.0,59.0,8,11600.0,2022-01-20,2022-06-19,1,23880.0
RIQ-01130,Basic,Edtech,Hyderabad,Paid Search,Monthly,5,820.0,9840.0,3.0,75.0,5,3900.0,2022-01-15,2022-06-04,1,9840.0
RIQ-01131,Basic,E-commerce,Bengaluru,Paid Search,Annual,15,550.0,6600.0,2.0,34.0,5,2500.0,2023-09-18,,0,0.0
RIQ-01132,Basic,E-commerce,Mumbai,Referral,Monthly,9,550.0,6600.0,4.0,0.0,12,3800.0,2023-05-25,,0,0.0
RIQ-01133,Pro,Fintech,Hyderabad,Referral,Annual,12,1700.0,20400.0,1.0,99.0,19,14800.0,2022-12-12,,0,0.0
RIQ-01134,Basic,E-commerce,Mumbai,Email Campaign,Annual,3,660.0,7920.0,4.0,55.0,4,3600.0,2023-12-02,2024-03-04,1,7920.0
RIQ-01135,Basic,E-commerce,Delhi,Direct,Annual,7,610.0,7320.0,3.0,45.0,10,2500.0,2022-02-16,2022-09-17,1,7320.0
RIQ-01136,Pro,Healthcare,Delhi,Email Campaign,Annual,11,2260.0,27120.0,0.0,50.0,16,7500.0,2022-06-22,2023-05-25,1,27120.0
RIQ-01137,Enterprise,E-commerce,Delhi,Organic Search,Annual,60,7910.0,94920.0,2.0,57.0,21,44500.0,2022-05-17,,0,0.0
RIQ-01138,Enterprise,Fintech,Delhi,Organic Search,Annual,44,8890.0,106680.0,0.0,65.0,19,20300.0,2022-01-17,,0,0.0
RIQ-01139,Basic,E-commerce,Bengaluru,Referral,Monthly,3,960.0,11520.0,5.0,33.0,1,3800.0,2023-10-30,,0,0.0
RIQ-01140,Pro,Fintech,Mumbai,Direct,Monthly,29,2290.0,27480.0,0.0,55.0,16,7900.0,2023-05-03,,0,0.0
RIQ-01141,Pro,E-commerce,Delhi,Direct,Monthly,19,2020.0,24240.0,1.0,58.0,12,7600.0,2023-02-26,,0,0.0
RIQ-01142,Basic,Fintech,Delhi,Email Campaign,Annual,2,800.0,9600.0,1.0,32.0,5,3800.0,2023-05-27,,0,0.0
RIQ-01143,Basic,E-commerce,Bengaluru,Email Campaign,Monthly,2,650.0,7800.0,6.0,70.0,7,2000.0,2023-03-05,,0,0.0
RIQ-01144,Basic,Edtech,Delhi,Paid Search,Monthly,3,760.0,9120.0,1.0,60.0,10,3100.0,2022-04-08,2022-07-11,1,9120.0
RIQ-01145,Pro,Fintech,Pune,Email Campaign,Annual,54,1720.0,20640.0,4.0,61.0,16,8500.0,2023-10-04,,0,0.0
RIQ-01146,Basic,E-commerce,Delhi,Organic Search,Monthly,14,900.0,10800.0,0.0,28.0,3,2500.0,2023-05-01,2024-06-24,1,10800.0
RIQ-01147,Basic,Edtech,Hyderabad,Organic Search,Monthly,2,820.0,9840.0,2.0,19.0,8,3300.0,2022-10-19,2022-12-09,1,9840.0
RIQ-01148,Basic,Edtech,Delhi,Organic Search,Monthly,10,880.0,10560.0,5.0,34.0,7,4200.0,2022-02-14,2022-11-29,1,10560.0
RIQ-01149,Basic,Edtech,Mumbai,Referral,Annual,5,890.0,10680.0,1.0,49.0,1,2300.0,2023-05-12,2023-10-10,1,10680.0
RIQ-01150,Basic,Healthcare,Mumbai,Email Campaign,Annual,6,800.0,9600.0,1.0,26.0,1,3300.0,2022-11-30,,0,0.0
RIQ-01151,Pro,Fintech,Delhi,Referral,Monthly,10,1730.0,20760.0,1.0,77.0,15,8100.0,2022-04-23,2023-02-12,1,20760.0
RIQ-01152,Basic,Edtech,Hyderabad,Direct,Monthly,6,600.0,7200.0,2.0,50.0,5,3400.0,2022-08-14,2023-01-28,1,7200.0
RIQ-01153,Basic,Fintech,Pune,Email Campaign,Monthly,3,570.0,6840.0,4.0,58.0,3,2500.0,2023-09-17,2023-12-15,1,6840.0
RIQ-01154,Basic,Edtech,Chennai,Organic Search,Monthly,16,600.0,7200.0,2.0,61.0,6,4900.0,2023-01-03,,0,0.0
RIQ-01155,Pro,Fintech,Chennai,Social Media,Annual,4,2190.0,26280.0,0.0,51.0,12,7000.0,2022-03-03,,0,0.0
RIQ-01156,Basic,E-commerce,Pune,Social Media,Monthly,4,710.0,8520.0,1.0,45.0,6,4700.0,2022-12-18,2023-04-09,1,8520.0
RIQ-01157,Pro,Edtech,Pune,Organic Search,Annual,6,2140.0,25680.0,0.0,49.0,11,14700.0,2023-09-19,2024-03-30,1,25680.0
RIQ-01158,Basic,Edtech,Pune,Direct,Monthly,12,540.0,6480.0,4.0,75.0,1,4600.0,2023-06-19,2024-06-13,1,6480.0
RIQ-01159,Pro,Healthcare,Mumbai,Email Campaign,Annual,21,1960.0,23520.0,3.0,65.0,8,12600.0,2022-01-15,,0,0.0
RIQ-01160,Pro,E-commerce,Bengaluru,Paid Search,Annual,1,1830.0,21960.0,0.0,46.0,10,14300.0,2023-08-17,,0,0.0
RIQ-01161,Basic,E-commerce,Mumbai,Organic Search,Monthly,1,960.0,11520.0,1.0,61.0,4,4900.0,2022-01-06,2022-02-03,1,11520.0
RIQ-01162,Basic,Edtech,Hyderabad,Organic Search,Annual,1,880.0,10560.0,4.0,45.0,16,3300.0,2022-02-04,,0,0.0
RIQ-01163,Enterprise,E-commerce,Pune,Paid Search,Annual,7,8480.0,101760.0,1.0,64.0,25,42300.0,2022-04-11,,0,0.0
RIQ-01164,Pro,Edtech,Hyderabad,Organic Search,Annual,2,1510.0,18120.0,0.0,84.0,12,7200.0,2023-02-21,,0,0.0
RIQ-01165,Pro,Fintech,Delhi,Social Media,Monthly,12,2150.0,25800.0,0.0,50.0,14,12000.0,2022-04-03,,0,0.0
RIQ-01166,Basic,E-commerce,Chennai,Organic Search,Annual,9,730.0,8760.0,3.0,44.0,10,4200.0,2023-08-08,,0,0.0
RIQ-01167,Enterprise,Fintech,Chennai,Social Media,Annual,18,8860.0,106320.0,3.0,64.0,24,45100.0,2023-02-20,,0,0.0
RIQ-01168,Basic,Healthcare,Mumbai,Referral,Monthly,8,850.0,10200.0,0.0,57.0,1,4600.0,2022-01-02,,0,0.0
RIQ-01169,Enterprise,E-commerce,Mumbai,Social Media,Annual,39,6660.0,79920.0,0.0,75.0,20,47900.0,2022-02-03,,0,0.0
RIQ-01170,Basic,Healthcare,Hyderabad,Referral,Monthly,7,810.0,9720.0,5.0,63.0,3,2600.0,2023-08-13,2024-03-20,1,9720.0
RIQ-01171,Basic,Healthcare,Mumbai,Email Campaign,Monthly,8,670.0,8040.0,1.0,27.0,1,4800.0,2022-02-26,2022-10-25,1,8040.0
RIQ-01172,Enterprise,E-commerce,Hyderabad,Paid Search,Annual,30,5550.0,66600.0,0.0,96.0,25,34700.0,2023-01-10,,0,0.0
RIQ-01173,Pro,E-commerce,Mumbai,Social Media,Monthly,10,2150.0,25800.0,1.0,42.0,9,13000.0,2022-03-10,,0,0.0
RIQ-01174,Pro,Edtech,Hyderabad,Social Media,Monthly,11,1830.0,21960.0,1.0,39.0,17,12600.0,2023-07-07,2024-05-20,1,21960.0
RIQ-01175,Pro,Healthcare,Delhi,Organic Search,Annual,23,2370.0,28440.0,4.0,55.0,14,12800.0,2022-08-03,,0,0.0
RIQ-01176,Basic,Healthcare,Mumbai,Paid Search,Annual,12,950.0,11400.0,0.0,63.0,8,4000.0,2023-05-31,,0,0.0
RIQ-01177,Basic,Fintech,Mumbai,Paid Search,Monthly,1,670.0,8040.0,2.0,10.0,13,3500.0,2023-05-13,,0,0.0
RIQ-01178,Basic,Fintech,Bengaluru,Organic Search,Monthly,6,760.0,9120.0,1.0,59.0,9,2900.0,2023-06-30,2024-01-09,1,9120.0
RIQ-01179,Enterprise,Fintech,Pune,Email Campaign,Monthly,29,9730.0,116760.0,2.0,69.0,25,23500.0,2022-03-09,,0,0.0
RIQ-01180,Basic,E-commerce,Bengaluru,Referral,Monthly,35,690.0,8280.0,2.0,68.0,17,4900.0,2022-07-03,2025-05-12,1,8280.0
RIQ-01181,Basic,E-commerce,Hyderabad,Paid Search,Annual,19,560.0,6720.0,4.0,53.0,4,3500.0,2022-06-01,,0,0.0
RIQ-01182,Basic,Fintech,Mumbai,Organic Search,Annual,12,810.0,9720.0,2.0,43.0,10,3200.0,2022-10-28,,0,0.0
RIQ-01183,Enterprise,E-commerce,Chennai,Organic Search,Annual,3,7370.0,88440.0,1.0,98.0,21,31700.0,2023-03-07,,0,0.0
RIQ-01184,Enterprise,E-commerce,Pune,Paid Search,Annual,20,5310.0,63720.0,1.0,54.0,19,33400.0,2022-08-26,,0,0.0
RIQ-01185,Basic,Fintech,Bengaluru,Email Campaign,Monthly,9,790.0,9480.0,4.0,51.0,7,3900.0,2023-11-03,,0,0.0
RIQ-01186,Basic,E-commerce,Mumbai,Email Campaign,Monthly,12,850.0,10200.0,1.0,79.0,6,3300.0,2023-07-16,,0,0.0
RIQ-01187,Basic,E-commerce,Bengaluru,Referral,Monthly,2,890.0,10680.0,1.0,31.0,3,2800.0,2022-06-25,2022-09-03,1,10680.0
RIQ-01188,Basic,Fintech,Hyderabad,Organic Search,Annual,1,880.0,10560.0,1.0,66.0,13,2400.0,2022-02-18,,0,0.0
RIQ-01189,Basic,Edtech,Delhi,Organic Search,Monthly,2,810.0,9720.0,0.0,39.0,4,4100.0,2022-06-14,,0,0.0
RIQ-01190,Pro,Healthcare,Delhi,Social Media,Monthly,7,2340.0,28080.0,0.0,57.0,9,7500.0,2023-11-14,,0,0.0
RIQ-01191,Basic,Edtech,Delhi,Paid Search,Annual,1,1000.0,12000.0,3.0,56.0,10,3300.0,2023-08-12,2023-08-31,1,12000.0
RIQ-01192,Basic,Healthcare,Pune,Direct,Monthly,13,850.0,10200.0,7.0,47.0,8,4900.0,2023-11-13,2024-12-02,1,10200.0
RIQ-01193,Pro,Healthcare,Pune,Referral,Annual,8,2470.0,29640.0,0.0,66.0,11,14300.0,2023-07-01,,0,0.0
RIQ-01194,Enterprise,E-commerce,Pune,Organic Search,Monthly,2,7500.0,90000.0,1.0,77.0,27,20200.0,2022-05-29,2022-08-12,1,90000.0
RIQ-01195,Pro,Healthcare,Bengaluru,Social Media,Annual,26,2240.0,26880.0,1.0,89.0,19,12300.0,2023-06-04,,0,0.0
RIQ-01196,Enterprise,E-commerce,Chennai,Social Media,Annual,32,6450.0,77400.0,0.0,98.0,19,49100.0,2023-08-11,,0,0.0
RIQ-01197,Basic,E-commerce,Chennai,Email Campaign,Monthly,1,960.0,11520.0,4.0,21.0,11,2300.0,2022-12-13,2023-01-19,1,11520.0
RIQ-01198,Basic,Healthcare,Delhi,Social Media,Monthly,18,840.0,10080.0,4.0,53.0,5,2100.0,2022-04-30,2023-10-16,1,10080.0
RIQ-01199,Basic,E-commerce,Hyderabad,Email Campaign,Monthly,28,680.0,8160.0,2.0,55.0,4,3800.0,2022-12-01,2025-03-06,1,8160.0
RIQ-01200,Enterprise,Healthcare,Mumbai,Email Campaign,Annual,14,8910.0,106920.0,3.0,70.0,22,54000.0,2022-10-12,,0,0.0
RIQ-01201,Basic,E-commerce,Pune,Paid Search,Annual,4,840.0,10080.0,3.0,31.0,12,4900.0,2022-03-31,,0,0.0
RIQ-01202,Basic,Edtech,Hyderabad,Direct,Monthly,1,800.0,9600.0,1.0,63.0,5,4800.0,2023-06-08,,0,0.0
RIQ-01203,Pro,Healthcare,Hyderabad,Organic Search,Annual,5,1650.0,19800.0,,2.0,11,9400.0,2023-03-14,,0,0.0
RIQ-01204,Pro,Healthcare,Pune,Paid Search,Annual,11,1850.0,22200.0,0.0,31.0,9,6800.0,2023-04-02,,0,0.0
RIQ-01205,Basic,Healthcare,Mumbai,Social Media,Monthly,12,720.0,8640.0,1.0,54.0,4,3300.0,2023-03-02,2024-03-06,1,8640.0
RIQ-01206,Pro,E-commerce,Delhi,Social Media,Monthly,7,2400.0,28800.0,1.0,96.0,17,11400.0,2023-03-01,2023-09-16,1,28800.0
RIQ-01207,Pro,Healthcare,Delhi,Social Media,Annual,12,1800.0,21600.0,1.0,61.0,11,6600.0,2023-06-22,,0,0.0
RIQ-01208,Basic,Healthcare,Pune,Email Campaign,Monthly,5,880.0,10560.0,2.0,37.0,9,2000.0,2022-04-01,,0,0.0
RIQ-01209,Basic,E-commerce,Mumbai,Social Media,Annual,1,590.0,7080.0,3.0,30.0,6,4100.0,2023-04-19,,0,0.0
RIQ-01210,Pro,Fintech,Bengaluru,Email Campaign,Monthly,44,1690.0,20280.0,3.0,55.0,13,10400.0,2023-01-26,,0,0.0
RIQ-01211,Pro,Fintech,Hyderabad,Social Media,Annual,20,1800.0,21600.0,1.0,83.0,18,11000.0,2023-08-23,,0,0.0
RIQ-01212,Basic,Edtech,Pune,Social Media,Monthly,18,510.0,6120.0,1.0,43.0,9,2800.0,2022-01-03,2023-06-16,1,6120.0
RIQ-01213,Basic,Fintech,Mumbai,Email Campaign,Monthly,13,740.0,8880.0,1.0,23.0,7,4700.0,2023-11-01,2024-12-01,1,8880.0
RIQ-01214,Pro,Fintech,Bengaluru,Email Campaign,Annual,23,2190.0,26280.0,2.0,,17,12900.0,2022-09-08,,0,0.0
RIQ-01215,Basic,Edtech,Delhi,Referral,Monthly,6,980.0,11760.0,3.0,33.0,10,3100.0,2023-09-06,2024-03-12,1,11760.0
RIQ-01216,Basic,E-commerce,Bengaluru,Referral,Monthly,4,630.0,7560.0,2.0,35.0,7,4500.0,2023-05-03,2023-09-07,1,7560.0
RIQ-01217,Pro,Edtech,Pune,Social Media,Monthly,1,1520.0,18240.0,1.0,52.0,15,6500.0,2022-09-23,,0,0.0
RIQ-01218,Enterprise,Edtech,Pune,Organic Search,Annual,47,9390.0,112680.0,1.0,61.0,20,34400.0,2022-05-19,,0,0.0
RIQ-01219,Pro,Healthcare,Mumbai,Social Media,Monthly,14,2140.0,25680.0,2.0,30.0,13,8600.0,2022-12-31,,0,0.0
RIQ-01220,Basic,Fintech,Delhi,Social Media,Monthly,2,540.0,6480.0,3.0,30.0,6,3900.0,2022-07-18,2022-09-25,1,6480.0
RIQ-01221,Enterprise,Healthcare,Bengaluru,Social Media,Annual,60,5830.0,69960.0,2.0,83.0,18,47400.0,2022-11-27,,0,0.0
RIQ-01222,Basic,Healthcare,Pune,Paid Search,Monthly,18,650.0,7800.0,3.0,18.0,1,3600.0,2023-01-07,2024-06-18,1,7800.0
RIQ-01223,Enterprise,E-commerce,Mumbai,Social Media,Annual,22,5680.0,68160.0,1.0,100.0,23,56800.0,2022-10-16,2024-08-02,1,68160.0
RIQ-01224,Pro,Healthcare,Mumbai,Social Media,Monthly,42,1660.0,19920.0,0.0,68.0,13,13500.0,2022-08-12,2026-01-12,1,19920.0
RIQ-01225,Pro,Healthcare,Bengaluru,Social Media,Annual,29,2060.0,24720.0,1.0,61.0,12,12400.0,2023-06-23,,0,0.0
RIQ-01226,Enterprise,Healthcare,Bengaluru,Social Media,Annual,42,9010.0,108120.0,2.0,73.0,25,52800.0,2023-03-04,,0,0.0
RIQ-01227,Pro,E-commerce,Pune,Paid Search,Monthly,4,2420.0,29040.0,1.0,63.0,10,12200.0,2023-05-07,,0,0.0
RIQ-01228,Pro,Healthcare,Delhi,Social Media,Monthly,12,1940.0,23280.0,0.0,38.0,22,14700.0,2023-09-04,,0,0.0
RIQ-01229,Basic,Edtech,Delhi,Organic Search,Monthly,3,650.0,7800.0,1.0,45.0,1,2400.0,2022-05-02,2022-07-23,1,7800.0
RIQ-01230,Pro,Edtech,Bengaluru,Email Campaign,Monthly,9,1810.0,21720.0,1.0,,12,6700.0,2022-08-03,,0,0.0
RIQ-01231,Basic,Edtech,Delhi,Social Media,Annual,13,890.0,10680.0,4.0,54.0,8,4300.0,2022-03-21,2023-03-31,1,10680.0
RIQ-01232,Basic,Healthcare,Bengaluru,Referral,Monthly,8,550.0,6600.0,3.0,64.0,9,3500.0,2023-11-07,,0,0.0
RIQ-01233,Basic,E-commerce,Delhi,Organic Search,Monthly,5,630.0,7560.0,3.0,35.0,8,4000.0,2022-03-09,2022-07-31,1,7560.0
RIQ-01234,Basic,Healthcare,Bengaluru,Organic Search,Monthly,24,960.0,11520.0,3.0,46.0,2,4700.0,2022-07-30,2024-07-22,1,11520.0
RIQ-01235,Basic,E-commerce,Mumbai,Organic Search,Annual,2,540.0,6480.0,3.0,50.0,1,4800.0,2022-10-12,,0,0.0
RIQ-01236,Basic,E-commerce,Pune,Paid Search,Monthly,11,750.0,9000.0,5.0,48.0,5,3500.0,2023-09-20,2024-08-07,1,9000.0
RIQ-01237,Basic,E-commerce,Bengaluru,Social Media,Annual,4,880.0,10560.0,0.0,37.0,10,2700.0,2023-06-26,,0,0.0
RIQ-01238,Basic,E-commerce,Delhi,Organic Search,Monthly,51,950.0,11400.0,0.0,13.0,1,2000.0,2023-07-05,,0,0.0
RIQ-01239,Basic,Fintech,Delhi,Social Media,Monthly,11,960.0,11520.0,4.0,53.0,7,4100.0,2023-05-02,2024-03-23,1,11520.0
RIQ-01240,Pro,Edtech,Delhi,Social Media,Monthly,15,1610.0,19320.0,2.0,92.0,22,9800.0,2022-12-30,,0,0.0
RIQ-01241,Pro,E-commerce,Delhi,Direct,Annual,8,1910.0,22920.0,1.0,,16,7000.0,2022-11-18,,0,0.0
RIQ-01242,Enterprise,Fintech,Delhi,Social Media,Annual,40,8810.0,105720.0,1.0,77.0,20,33100.0,2022-10-23,,0,0.0
RIQ-01243,Pro,Fintech,Mumbai,Organic Search,Monthly,4,1610.0,19320.0,0.0,65.0,25,8800.0,2022-10-18,2023-02-14,1,19320.0
RIQ-01244,Basic,Healthcare,Bengaluru,Email Campaign,Annual,16,720.0,8640.0,2.0,24.0,9,2900.0,2023-07-22,2024-11-11,1,8640.0
RIQ-01245,Pro,E-commerce,Pune,Paid Search,Monthly,17,1570.0,18840.0,1.0,70.0,14,9300.0,2023-05-03,,0,0.0
RIQ-01246,Pro,Healthcare,Delhi,Social Media,Annual,33,2170.0,26040.0,1.0,86.0,17,9900.0,2023-11-20,,0,0.0
RIQ-01247,Basic,Edtech,Bengaluru,Email Campaign,Annual,12,540.0,6480.0,0.0,43.0,9,3200.0,2022-05-27,2023-05-19,1,6480.0
RIQ-01248,Pro,E-commerce,Bengaluru,Organic Search,Annual,3,2420.0,29040.0,0.0,55.0,13,7800.0,2022-06-22,2022-09-07,1,29040.0
RIQ-01249,Pro,E-commerce,Chennai,Direct,Monthly,5,2340.0,28080.0,1.0,62.0,17,13500.0,2023-02-18,,0,0.0
RIQ-01250,Basic,Edtech,Hyderabad,Social Media,Annual,4,640.0,7680.0,0.0,38.0,5,2800.0,2023-08-19,2023-12-20,1,7680.0
RIQ-01251,Pro,Edtech,Delhi,Referral,Annual,10,1900.0,22800.0,1.0,27.0,13,14600.0,2023-05-03,,0,0.0
RIQ-01252,Basic,Edtech,Mumbai,Organic Search,Monthly,7,750.0,9000.0,2.0,76.0,1,4300.0,2022-05-31,,0,0.0
RIQ-01253,Pro,Healthcare,Mumbai,Paid Search,Monthly,29,2000.0,24000.0,2.0,87.0,21,6300.0,2023-10-06,,0,0.0
RIQ-01254,Pro,E-commerce,Delhi,Referral,Monthly,11,2330.0,27960.0,1.0,55.0,15,14700.0,2023-05-26,,0,0.0
RIQ-01255,Basic,Healthcare,Hyderabad,Direct,Annual,10,840.0,10080.0,6.0,59.0,7,3900.0,2022-06-06,2023-03-27,1,10080.0
RIQ-01256,Basic,Fintech,Delhi,Referral,Monthly,3,870.0,10440.0,2.0,37.0,1,3400.0,2023-05-20,2023-08-28,1,10440.0
RIQ-01257,Basic,E-commerce,Bengaluru,Email Campaign,Annual,2,750.0,9000.0,0.0,30.0,10,3000.0,2023-07-10,,0,0.0
RIQ-01258,Basic,E-commerce,Bengaluru,Organic Search,Monthly,2,980.0,11760.0,2.0,51.0,1,4600.0,2022-02-02,2022-04-01,1,11760.0
RIQ-01259,Enterprise,E-commerce,Delhi,Paid Search,Annual,9,9260.0,111120.0,1.0,100.0,24,42300.0,2023-03-30,,0,0.0
RIQ-01260,Basic,Edtech,Delhi,Email Campaign,Monthly,12,930.0,11160.0,0.0,65.0,6,4100.0,2022-11-07,2023-11-15,1,11160.0
RIQ-01261,Basic,Healthcare,Mumbai,Paid Search,Annual,5,860.0,10320.0,4.0,63.0,4,2300.0,2023-05-15,2023-10-21,1,10320.0
RIQ-01262,Pro,Healthcare,Bengaluru,Organic Search,Annual,10,2180.0,26160.0,1.0,56.0,13,11100.0,2023-08-09,,0,0.0
RIQ-01263,Basic,Healthcare,Mumbai,Organic Search,Monthly,14,530.0,6360.0,2.0,45.0,3,3500.0,2022-09-27,,0,0.0
RIQ-01264,Pro,Healthcare,Pune,Organic Search,Annual,26,1850.0,22200.0,2.0,41.0,23,6300.0,2022-10-19,,0,0.0
RIQ-01265,Basic,Fintech,Delhi,Organic Search,Monthly,1,920.0,11040.0,3.0,0.0,4,4200.0,2022-12-24,2023-02-02,1,11040.0
RIQ-01266,Enterprise,Healthcare,Pune,Direct,Annual,17,6710.0,80520.0,2.0,80.0,24,36500.0,2022-04-10,,0,0.0
RIQ-01267,Pro,Fintech,Hyderabad,Paid Search,Annual,25,1560.0,18720.0,1.0,37.0,20,11800.0,2022-09-08,,0,0.0
RIQ-01268,Basic,Edtech,Hyderabad,Organic Search,Monthly,8,950.0,11400.0,2.0,51.0,4,2900.0,2022-03-09,2022-11-16,1,11400.0
RIQ-01269,Pro,Fintech,Pune,Referral,Monthly,1,1830.0,21960.0,1.0,98.0,17,9800.0,2023-04-17,,0,0.0
RIQ-01270,Basic,E-commerce,Chennai,Social Media,Monthly,10,710.0,8520.0,2.0,40.0,1,3400.0,2022-01-21,2022-11-24,1,8520.0
RIQ-01271,Basic,E-commerce,Mumbai,Referral,Annual,15,780.0,9360.0,2.0,84.0,5,3700.0,2022-11-27,,0,0.0
RIQ-01272,Pro,Fintech,Chennai,Social Media,Monthly,7,2170.0,26040.0,1.0,59.0,18,13300.0,2022-12-11,,0,0.0
RIQ-01273,Basic,Fintech,Hyderabad,Social Media,Monthly,1,580.0,6960.0,4.0,39.0,8,4900.0,2022-11-03,2022-11-29,1,6960.0
RIQ-01274,Enterprise,Fintech,Delhi,Paid Search,Annual,18,9870.0,118440.0,1.0,65.0,25,31500.0,2022-03-19,,0,0.0
RIQ-01275,Basic,Edtech,Pune,Social Media,Annual,10,520.0,6240.0,1.0,38.0,7,4400.0,2023-08-11,2024-06-03,1,6240.0
RIQ-01276,Pro,E-commerce,Delhi,Paid Search,Monthly,23,2220.0,26640.0,2.0,81.0,17,9000.0,2023-08-16,,0,0.0
RIQ-01277,Basic,Edtech,Delhi,Referral,Monthly,2,900.0,10800.0,4.0,37.0,8,3300.0,2023-05-02,,0,0.0
RIQ-01278,Pro,Fintech,Bengaluru,Organic Search,Annual,26,2320.0,27840.0,0.0,60.0,14,9900.0,2023-06-01,,0,0.0
RIQ-01279,Basic,Edtech,Bengaluru,Paid Search,Monthly,5,600.0,7200.0,2.0,45.0,7,3900.0,2023-02-16,2023-07-09,1,7200.0
RIQ-01280,Pro,E-commerce,Hyderabad,Social Media,Annual,3,1680.0,20160.0,1.0,77.0,11,10600.0,2022-01-20,,0,0.0
RIQ-01281,Pro,Fintech,Pune,Organic Search,Annual,24,2000.0,24000.0,1.0,46.0,14,12700.0,2023-11-08,,0,0.0
RIQ-01282,Enterprise,E-commerce,Bengaluru,Paid Search,Annual,27,9680.0,116160.0,3.0,,19,56300.0,2023-06-30,,0,0.0
RIQ-01283,Basic,Fintech,Delhi,Social Media,Monthly,14,970.0,11640.0,1.0,45.0,6,2200.0,2023-10-04,,0,0.0
RIQ-01284,Pro,Healthcare,Pune,Paid Search,Annual,11,1740.0,20880.0,0.0,79.0,11,9700.0,2022-11-04,,0,0.0
RIQ-01285,Basic,E-commerce,Mumbai,Paid Search,Monthly,5,950.0,11400.0,1.0,47.0,10,4500.0,2023-10-12,2024-03-01,1,11400.0
RIQ-01286,Pro,Edtech,Bengaluru,Organic Search,Monthly,18,1660.0,19920.0,,70.0,12,8100.0,2023-09-08,,0,0.0
RIQ-01287,Basic,Fintech,Delhi,Paid Search,Monthly,1,510.0,6120.0,4.0,9.0,5,3500.0,2022-11-14,2022-12-13,1,6120.0
RIQ-01288,Basic,Healthcare,Chennai,Email Campaign,Monthly,21,950.0,11400.0,2.0,34.0,8,2800.0,2022-07-26,2024-04-06,1,11400.0
RIQ-01289,Basic,Edtech,Mumbai,Social Media,Monthly,17,640.0,7680.0,2.0,49.0,1,3900.0,2023-07-18,2024-11-29,1,7680.0
RIQ-01290,pro,Fintech,Chennai,Social Media,Monthly,4,2280.0,27360.0,1.0,45.0,11,8800.0,2022-02-26,2022-07-08,1,27360.0
RIQ-01291,Basic,Fintech,Bengaluru,Referral,Annual,9,530.0,6360.0,0.0,32.0,4,4700.0,2023-02-21,,0,0.0
RIQ-01292,Basic,Edtech,Chennai,Social Media,Monthly,13,700.0,8400.0,1.0,57.0,10,2700.0,2022-05-24,,0,0.0
RIQ-01293,Pro,Fintech,Delhi,Paid Search,Annual,33,1620.0,19440.0,0.0,94.0,15,14500.0,2023-11-12,,0,0.0
RIQ-01294,Basic,Healthcare,Pune,Referral,Annual,5,620.0,7440.0,4.0,23.0,1,2700.0,2022-04-03,,0,0.0
RIQ-01295,Basic,E-commerce,Bengaluru,Organic Search,Annual,15,660.0,7920.0,3.0,27.0,2,4200.0,2023-08-22,,0,0.0
RIQ-01296,Pro,E-commerce,Mumbai,Organic Search,Monthly,5,2430.0,29160.0,1.0,45.0,17,7600.0,2022-08-12,,0,0.0
RIQ-01297,Basic,Edtech,Delhi,Organic Search,Monthly,6,720.0,8640.0,3.0,46.0,4,3800.0,2022-09-18,2023-03-29,1,8640.0
RIQ-01298,Pro,E-commerce,Pune,Direct,Monthly,27,2450.0,29400.0,0.0,76.0,14,10300.0,2022-11-21,,0,0.0
RIQ-01299,Basic,E-commerce,Hyderabad,Email Campaign,Monthly,13,640.0,7680.0,1.0,50.0,5,3100.0,2022-05-29,,0,0.0
RIQ-01300,Basic,E-commerce,Delhi,Social Media,Monthly,16,510.0,6120.0,3.0,40.0,2,4500.0,2023-09-13,2024-12-22,1,6120.0
RIQ-01301,Basic,Edtech,Mumbai,Social Media,Annual,7,840.0,10080.0,0.0,32.0,11,2700.0,2023-11-19,,0,0.0
RIQ-01302,Basic,Fintech,Mumbai,Direct,Annual,1,980.0,11760.0,3.0,58.0,8,4700.0,2023-01-07,,0,0.0
RIQ-01303,Basic,Edtech,Delhi,Email Campaign,Monthly,4,620.0,7440.0,2.0,49.0,8,2000.0,2023-03-30,2023-07-25,1,7440.0
RIQ-01304,Pro,E-commerce,Mumbai,Organic Search,Annual,10,2420.0,29040.0,1.0,75.0,13,13400.0,2022-11-05,,0,0.0
RIQ-01305,Basic,E-commerce,Mumbai,Organic Search,Monthly,3,600.0,7200.0,1.0,40.0,4,3300.0,2022-06-14,2022-09-26,1,7200.0
RIQ-01306,Pro,E-commerce,Delhi,Organic Search,Monthly,5,2140.0,25680.0,4.0,67.0,11,6700.0,2022-02-04,,0,0.0
RIQ-01307,Pro,Edtech,Delhi,Paid Search,Monthly,7,1990.0,23880.0,2.0,71.0,11,12500.0,2023-02-27,2023-10-09,1,23880.0
RIQ-01308,Basic,Healthcare,Mumbai,Organic Search,Monthly,6,910.0,10920.0,2.0,27.0,5,2800.0,2022-06-14,2022-12-18,1,10920.0
RIQ-01309,Enterprise,E-commerce,Mumbai,Organic Search,Annual,27,8650.0,103800.0,1.0,96.0,25,21100.0,2023-07-15,,0,0.0
RIQ-01310,Basic,E-commerce,Pune,Email Campaign,Monthly,7,530.0,6360.0,0.0,28.0,1,3900.0,2023-10-19,2024-05-06,1,6360.0
RIQ-01311,Basic,Fintech,Delhi,Social Media,Monthly,2,700.0,8400.0,6.0,41.0,7,2900.0,2023-10-06,2023-11-29,1,8400.0
RIQ-01312,Pro,Fintech,Pune,Organic Search,Annual,10,2020.0,24240.0,0.0,44.0,15,13600.0,2023-10-27,,0,0.0
RIQ-01313,Basic,Healthcare,Bengaluru,Organic Search,Monthly,6,900.0,10800.0,0.0,45.0,6,3400.0,2022-11-24,2023-05-22,1,10800.0
RIQ-01314,Basic,Fintech,Chennai,Email Campaign,Monthly,4,840.0,10080.0,1.0,53.0,14,4400.0,2022-12-02,,0,0.0
RIQ-01315,Basic,E-commerce,Mumbai,Paid Search,Monthly,1,590.0,7080.0,2.0,31.0,8,4500.0,2023-01-22,2023-03-08,1,7080.0
RIQ-01316,Basic,Healthcare,Mumbai,Social Media,Monthly,16,510.0,6120.0,2.0,57.0,7,3800.0,2023-07-26,2024-11-22,1,6120.0
RIQ-01317,Basic,E-commerce,Delhi,Paid Search,Annual,2,730.0,8760.0,0.0,33.0,2,4100.0,2022-09-26,,0,0.0
RIQ-01318,Pro,E-commerce,Pune,Social Media,Annual,5,1930.0,23160.0,3.0,57.0,13,9300.0,2022-09-24,2023-02-10,1,23160.0
RIQ-01319,Pro,Edtech,Delhi,Organic Search,Monthly,7,1620.0,19440.0,1.0,54.0,13,14400.0,2023-06-23,2024-01-17,1,19440.0
RIQ-01320,Basic,Healthcare,Bengaluru,Paid Search,Monthly,8,750.0,9000.0,1.0,16.0,7,2600.0,2022-08-18,2023-04-22,1,9000.0
RIQ-01321,Pro,Healthcare,Mumbai,Paid Search,Annual,7,1770.0,21240.0,0.0,72.0,16,9900.0,2023-05-22,,0,0.0
RIQ-01322,Basic,Fintech,Pune,Social Media,Annual,3,610.0,7320.0,2.0,2.0,5,4200.0,2022-10-17,,0,0.0
RIQ-01323,Basic,Healthcare,Bengaluru,Referral,Annual,16,900.0,10800.0,2.0,53.0,2,2900.0,2022-01-30,,0,0.0
RIQ-01324,Pro,Edtech,Delhi,Direct,Annual,7,2410.0,28920.0,2.0,69.0,13,11800.0,2023-01-14,,0,0.0
RIQ-01325,Basic,Fintech,Hyderabad,Referral,Monthly,19,730.0,8760.0,0.0,42.0,1,4900.0,2022-11-28,,0,0.0
RIQ-01326,Basic,E-commerce,Delhi,Social Media,Monthly,37,690.0,8280.0,1.0,79.0,5,4200.0,2023-03-10,,0,0.0
RIQ-01327,Pro,Edtech,Hyderabad,Referral,Annual,5,1560.0,18720.0,2.0,57.0,18,10200.0,2022-12-07,,0,0.0
RIQ-01328,Basic,Healthcare,Bengaluru,Social Media,Monthly,1,800.0,9600.0,1.0,38.0,9,4900.0,2023-11-18,,0,0.0
RIQ-01329,Basic,Fintech,Pune,Email Campaign,Monthly,6,520.0,6240.0,4.0,43.0,5,3900.0,2022-09-17,2023-03-17,1,6240.0
RIQ-01330,Basic,E-commerce,Hyderabad,Organic Search,Monthly,2,680.0,8160.0,0.0,43.0,5,2100.0,2023-07-27,,0,0.0
RIQ-01331,Pro,Healthcare,Mumbai,Paid Search,Monthly,2,1990.0,23880.0,1.0,33.0,15,7200.0,2022-12-14,,0,0.0
RIQ-01332,Pro,Healthcare,Bengaluru,Email Campaign,Monthly,17,2030.0,24360.0,1.0,91.0,17,8800.0,2022-05-26,,0,0.0
RIQ-01333,Enterprise,Edtech,Delhi,Social Media,Annual,54,7500.0,90000.0,1.0,68.0,22,31300.0,2022-10-15,,0,0.0
RIQ-01334,Basic,Fintech,Mumbai,Organic Search,Monthly,5,940.0,11280.0,1.0,21.0,1,4300.0,2023-09-20,2024-02-28,1,11280.0
RIQ-01335,Pro,E-commerce,Delhi,Social Media,Annual,13,2390.0,28680.0,1.0,59.0,17,10400.0,2022-11-20,,0,0.0
RIQ-01336,Enterprise,E-commerce,Mumbai,Social Media,Annual,16,7780.0,93360.0,2.0,50.0,21,27600.0,2023-11-05,,0,0.0
RIQ-01337,Basic,E-commerce,Pune,Referral,Monthly,4,530.0,6360.0,4.0,18.0,14,3400.0,2022-07-07,2022-10-21,1,6360.0
RIQ-01338,Basic,E-commerce,Bengaluru,Referral,Monthly,8,560.0,6720.0,3.0,44.0,7,3300.0,2023-05-22,2024-01-03,1,6720.0
RIQ-01339,Pro,Healthcare,Chennai,Direct,Annual,6,1960.0,23520.0,1.0,40.0,14,13800.0,2022-04-26,,0,0.0
RIQ-01340,Basic,E-commerce,Mumbai,Referral,Annual,3,550.0,6600.0,4.0,48.0,8,2500.0,2022-10-18,,0,0.0
RIQ-01341,Pro,E-commerce,Hyderabad,Email Campaign,Monthly,25,1770.0,21240.0,1.0,80.0,9,11300.0,2023-11-11,,0,0.0
RIQ-01342,Basic,Edtech,Bengaluru,Paid Search,Monthly,9,760.0,9120.0,,51.0,7,3200.0,2023-08-08,2024-04-24,1,9120.0
RIQ-01343,Basic,E-commerce,Chennai,Organic Search,Monthly,19,840.0,10080.0,0.0,38.0,7,2100.0,2022-12-03,,0,0.0
RIQ-01344,Basic,Fintech,Bengaluru,Organic Search,Monthly,22,700.0,8400.0,3.0,27.0,3,4900.0,2023-08-28,2025-07-02,1,8400.0
RIQ-01345,Basic,Fintech,Hyderabad,Organic Search,Annual,4,540.0,6480.0,1.0,36.0,12,3400.0,2023-11-07,,0,0.0
RIQ-01346,Pro,E-commerce,Pune,Direct,Annual,14,2160.0,25920.0,1.0,87.0,11,11900.0,2022-12-04,,0,0.0
RIQ-01347,Pro,E-commerce,Mumbai,Social Media,Annual,4,1820.0,21840.0,1.0,72.0,16,13800.0,2023-08-06,,0,0.0
RIQ-01348,Pro,Healthcare,Hyderabad,Organic Search,Annual,1,1780.0,21360.0,0.0,71.0,11,10900.0,2022-02-26,,0,0.0
RIQ-01349,Basic,E-commerce,Chennai,Social Media,Monthly,9,550.0,6600.0,2.0,66.0,1,2700.0,2022-09-19,2023-06-06,1,6600.0
RIQ-01350,Basic,Edtech,Delhi,Referral,Monthly,20,510.0,6120.0,0.0,31.0,3,3200.0,2022-08-02,2024-03-14,1,6120.0
RIQ-01351,Pro,E-commerce,Bengaluru,Email Campaign,Monthly,39,2450.0,29400.0,3.0,67.0,14,10400.0,2022-06-07,,0,0.0
RIQ-01352,Pro,Healthcare,Hyderabad,Direct,Monthly,7,2310.0,27720.0,0.0,22.0,17,11400.0,2022-11-14,,0,0.0
RIQ-01353,Pro,Fintech,Delhi,Social Media,Monthly,8,1600.0,19200.0,0.0,43.0,14,10400.0,2023-01-12,,0,0.0
RIQ-01354,Basic,Healthcare,Bengaluru,Direct,Monthly,1,740.0,8880.0,3.0,56.0,4,3300.0,2023-07-31,2023-09-03,1,8880.0
RIQ-01355,Basic,Fintech,Delhi,Social Media,Monthly,1,810.0,9720.0,3.0,43.0,1,3900.0,2023-03-21,,0,0.0
RIQ-01356,Basic,Fintech,Bengaluru,Social Media,Monthly,17,990.0,11880.0,1.0,23.0,11,3900.0,2023-11-24,2025-04-09,1,11880.0
RIQ-01357,Basic,Fintech,Mumbai,Social Media,Annual,6,760.0,9120.0,2.0,46.0,8,3600.0,2023-10-25,,0,0.0
RIQ-01358,Basic,Healthcare,Pune,Paid Search,Monthly,2,950.0,11400.0,3.0,62.0,8,2400.0,2023-05-05,2023-06-28,1,11400.0
RIQ-01359,Enterprise,Fintech,Hyderabad,Paid Search,Annual,32,9210.0,110520.0,0.0,89.0,18,42000.0,2023-06-20,,0,0.0
RIQ-01360,Basic,Fintech,Bengaluru,Social Media,Annual,3,960.0,11520.0,3.0,67.0,10,2300.0,2023-06-10,,0,0.0
RIQ-01361,Basic,Edtech,Delhi,Organic Search,Monthly,10,830.0,9960.0,0.0,65.0,4,2800.0,2023-08-06,2024-06-12,1,9960.0
RIQ-01362,Pro,E-commerce,Chennai,Referral,Annual,23,2000.0,24000.0,0.0,56.0,14,10200.0,2022-04-27,,0,0.0
RIQ-01363,Pro,E-commerce,Mumbai,Social Media,Monthly,3,2340.0,28080.0,1.0,76.0,6,12300.0,2022-02-16,2022-05-04,1,28080.0
RIQ-01364,Pro,E-commerce,Mumbai,Paid Search,Annual,9,2220.0,26640.0,1.0,26.0,9,13300.0,2023-11-18,,0,0.0
RIQ-01365,Basic,Healthcare,Delhi,Organic Search,Monthly,2,960.0,11520.0,1.0,42.0,2,2600.0,2022-07-11,2022-08-31,1,11520.0
RIQ-01366,Basic,Healthcare,Delhi,Referral,Monthly,8,930.0,11160.0,1.0,67.0,1,3600.0,2022-04-19,2022-12-13,1,11160.0
RIQ-01367,Basic,Healthcare,Bengaluru,Referral,Annual,6,580.0,6960.0,5.0,54.0,3,3400.0,2023-05-04,,0,0.0
RIQ-01368,Pro,Fintech,Bengaluru,Referral,Annual,2,2240.0,26880.0,3.0,56.0,9,13300.0,2023-05-14,,0,0.0
RIQ-01369,Basic,Fintech,Pune,Organic Search,Monthly,5,840.0,10080.0,5.0,28.0,5,4400.0,2023-11-23,2024-04-18,1,10080.0
RIQ-01370,Basic,Healthcare,Chennai,Paid Search,Monthly,9,590.0,7080.0,3.0,59.0,9,4100.0,2022-01-17,,0,0.0
RIQ-01371,Enterprise,Edtech,Bengaluru,Direct,Annual,10,7400.0,88800.0,0.0,66.0,23,45000.0,2022-05-29,,0,0.0
RIQ-01372,Pro,E-commerce,Bengaluru,Referral,Monthly,13,2290.0,27480.0,2.0,57.0,15,10200.0,2022-07-15,2023-07-27,1,27480.0
RIQ-01373,Basic,Edtech,Pune,Referral,Monthly,5,510.0,6120.0,1.0,53.0,1,4700.0,2022-06-20,,0,0.0
RIQ-01374,Basic,Fintech,Hyderabad,Direct,Monthly,2,740.0,8880.0,3.0,6.0,7,3300.0,2022-01-21,2022-04-03,1,8880.0
RIQ-01375,Basic,Fintech,Delhi,Organic Search,Annual,4,910.0,10920.0,0.0,46.0,8,2200.0,2023-02-06,,0,0.0
RIQ-01376,enterprise,Edtech,Bengaluru,Social Media,Annual,38,8560.0,102720.0,1.0,80.0,17,43800.0,2023-03-02,,0,0.0
RIQ-01377,Basic,Edtech,Pune,Organic Search,Annual,4,780.0,9360.0,3.0,27.0,1,2100.0,2022-10-25,,0,0.0
RIQ-01378,Basic,E-commerce,Delhi,Organic Search,Monthly,1,860.0,10320.0,4.0,22.0,8,4500.0,2023-11-26,2024-01-08,1,10320.0
RIQ-01379,Enterprise,Fintech,Delhi,Social Media,Monthly,11,7640.0,91680.0,3.0,47.0,26,30700.0,2023-03-09,,0,0.0
RIQ-01380,Enterprise,Fintech,Mumbai,Email Campaign,Annual,9,8240.0,98880.0,0.0,86.0,15,45800.0,2023-04-30,,0,0.0
RIQ-01381,Pro,Edtech,Pune,Organic Search,Annual,25,1950.0,23400.0,2.0,51.0,14,8600.0,2023-03-23,,0,0.0
RIQ-01382,Basic,Fintech,Hyderabad,Organic Search,Annual,21,670.0,8040.0,4.0,60.0,5,3500.0,2022-08-26,,0,0.0
RIQ-01383,Basic,E-commerce,Delhi,Social Media,Monthly,4,960.0,11520.0,3.0,89.0,10,2400.0,2023-11-04,2024-03-02,1,11520.0
RIQ-01384,Pro,Healthcare,Chennai,Social Media,Annual,13,2460.0,29520.0,2.0,63.0,14,9200.0,2023-11-21,,0,0.0
RIQ-01385,Basic,Healthcare,Mumbai,Email Campaign,Monthly,2,980.0,11760.0,2.0,80.0,4,2600.0,2022-06-15,2022-08-18,1,11760.0
RIQ-01386,Enterprise,Edtech,Bengaluru,Organic Search,Annual,60,7410.0,88920.0,0.0,100.0,22,24000.0,2022-06-27,,0,0.0
RIQ-01387,Basic,Fintech,Bengaluru,Email Campaign,Monthly,18,710.0,8520.0,3.0,57.0,7,2700.0,2023-05-21,2024-11-05,1,8520.0
RIQ-01388,Basic,Edtech,Mumbai,Social Media,Annual,6,680.0,8160.0,2.0,35.0,6,3100.0,2022-09-25,,0,0.0
RIQ-01389,Basic,E-commerce,Mumbai,Organic Search,Monthly,1,950.0,11400.0,7.0,48.0,4,2200.0,2022-02-02,2022-03-14,1,11400.0
RIQ-01390,Basic,Fintech,Mumbai,Paid Search,Monthly,1,560.0,6720.0,2.0,19.0,6,2800.0,2022-08-18,2022-09-17,1,6720.0
RIQ-01391,Basic,Fintech,Mumbai,Organic Search,Annual,7,520.0,6240.0,1.0,66.0,7,4700.0,2023-07-25,2024-02-13,1,6240.0
RIQ-01392,Pro,Fintech,Mumbai,Email Campaign,Annual,38,2100.0,25200.0,3.0,80.0,16,14300.0,2022-04-17,,0,0.0
RIQ-01393,Basic,Healthcare,Mumbai,Referral,Monthly,25,730.0,8760.0,3.0,35.0,9,4900.0,2022-04-24,,0,0.0
RIQ-01394,Basic,Edtech,Delhi,Referral,Annual,14,930.0,11160.0,1.0,67.0,10,3700.0,2022-04-15,2023-06-20,1,11160.0
RIQ-01395,Pro,Edtech,Hyderabad,Organic Search,Annual,10,1620.0,19440.0,0.0,62.0,7,7400.0,2022-07-30,,0,0.0
RIQ-01396,Pro,Edtech,Bengaluru,Direct,Annual,14,1940.0,23280.0,0.0,72.0,8,6900.0,2023-06-03,2024-07-27,1,23280.0
RIQ-01397,Pro,Fintech,Hyderabad,Organic Search,Monthly,8,1830.0,21960.0,2.0,58.0,9,7800.0,2022-05-22,,0,0.0
RIQ-01398,Enterprise,Edtech,Mumbai,Email Campaign,Annual,2,8850.0,106200.0,3.0,74.0,19,33700.0,2022-01-07,,0,0.0
RIQ-01399,Enterprise,Healthcare,Hyderabad,Organic Search,Annual,38,7520.0,90240.0,1.0,71.0,21,36600.0,2022-03-29,,0,0.0
RIQ-01400,Basic,E-commerce,Mumbai,Organic Search,Annual,5,810.0,9720.0,1.0,45.0,10,4300.0,2022-09-09,2023-01-26,1,9720.0
RIQ-01401,Basic,Edtech,Mumbai,Organic Search,Monthly,17,570.0,6840.0,1.0,51.0,5,3200.0,2023-03-16,,0,0.0
RIQ-01402,Enterprise,Healthcare,Bengaluru,Organic Search,Annual,7,9260.0,111120.0,4.0,93.0,23,25800.0,2023-11-30,,0,0.0
RIQ-01403,Basic,Fintech,Bengaluru,Paid Search,Annual,13,500.0,6000.0,2.0,22.0,8,2200.0,2023-06-14,2024-07-23,1,6000.0
RIQ-01404,Pro,Fintech,Delhi,Direct,Annual,31,2270.0,27240.0,0.0,72.0,12,12800.0,2023-03-21,,0,0.0
RIQ-01405,Basic,Edtech,Mumbai,Paid Search,Annual,4,820.0,9840.0,3.0,55.0,9,2200.0,2023-08-12,,0,0.0
RIQ-01406,Enterprise,Healthcare,Bengaluru,Social Media,Annual,60,8300.0,99600.0,3.0,68.0,19,55400.0,2023-06-17,,0,0.0
RIQ-01407,Basic,Fintech,Hyderabad,Paid Search,Annual,3,850.0,10200.0,1.0,33.0,10,4200.0,2022-11-08,,0,0.0
RIQ-01408,Pro,Edtech,Bengaluru,Social Media,Annual,7,2330.0,27960.0,2.0,63.0,15,7300.0,2023-06-25,,0,0.0
RIQ-01409,Basic,Fintech,Mumbai,Social Media,Monthly,7,820.0,9840.0,2.0,29.0,6,4400.0,2023-07-12,2024-02-11,1,9840.0
RIQ-01410,Basic,E-commerce,Bengaluru,Direct,Annual,11,940.0,11280.0,0.0,57.0,1,4300.0,2023-10-27,2024-09-18,1,11280.0
RIQ-01411,Pro,Fintech,Bengaluru,Direct,Monthly,23,2040.0,24480.0,1.0,100.0,17,12700.0,2023-02-04,,0,0.0
RIQ-01412,Basic,E-commerce,Delhi,Referral,Annual,20,990.0,11880.0,2.0,47.0,9,2600.0,2022-10-18,,0,0.0
RIQ-01413,Basic,Edtech,Chennai,Organic Search,Annual,10,670.0,8040.0,5.0,40.0,5,2500.0,2023-10-13,,0,0.0
RIQ-01414,Pro,Edtech,Mumbai,Email Campaign,Annual,21,2090.0,25080.0,4.0,77.0,13,8700.0,2022-09-05,,0,0.0
RIQ-01415,Basic,E-commerce,Bengaluru,Paid Search,Monthly,3,750.0,9000.0,1.0,43.0,11,3100.0,2022-03-03,2022-06-12,1,9000.0
RIQ-01416,Basic,Edtech,Pune,Email Campaign,Annual,3,520.0,6240.0,4.0,62.0,8,4800.0,2023-10-29,,0,0.0
RIQ-01417,Enterprise,Fintech,Hyderabad,Email Campaign,Annual,32,5030.0,60360.0,1.0,56.0,20,59600.0,2022-12-14,,0,0.0
RIQ-01418,Enterprise,Fintech,Pune,Paid Search,Annual,50,7830.0,93960.0,2.0,100.0,25,29400.0,2023-10-05,,0,0.0
RIQ-01419,Enterprise,Healthcare,Hyderabad,Direct,Monthly,51,6500.0,78000.0,0.0,47.0,20,46900.0,2023-11-14,,0,0.0
RIQ-01420,Basic,Fintech,Bengaluru,Paid Search,Monthly,12,860.0,10320.0,4.0,32.0,3,4200.0,2023-06-17,,0,0.0
RIQ-01421,Basic,E-commerce,Mumbai,Referral,Monthly,4,600.0,7200.0,1.0,29.0,5,2300.0,2023-01-05,2023-05-04,1,7200.0
RIQ-01422,Pro,Fintech,Hyderabad,Social Media,Annual,8,1580.0,18960.0,0.0,93.0,25,7200.0,2022-03-05,,0,0.0
RIQ-01423,Pro,Fintech,Mumbai,Referral,Monthly,2,1580.0,18960.0,1.0,33.0,18,11300.0,2023-11-25,,0,0.0
RIQ-01424,Enterprise,Fintech,Chennai,Organic Search,Annual,24,6970.0,83640.0,2.0,100.0,27,59900.0,2022-09-28,,0,0.0
RIQ-01425,Pro,Fintech,Mumbai,Social Media,Monthly,24,2190.0,26280.0,1.0,27.0,15,9800.0,2023-05-17,,0,0.0
RIQ-01426,Pro,E-commerce,Pune,Email Campaign,Monthly,54,2000.0,24000.0,0.0,35.0,21,7200.0,2023-05-12,,0,0.0
RIQ-01427,Pro,E-commerce,Chennai,Email Campaign,Annual,23,2360.0,28320.0,1.0,50.0,19,10100.0,2022-05-01,,0,0.0
RIQ-01428,Basic,Fintech,Delhi,Social Media,Annual,6,580.0,6960.0,3.0,52.0,1,4800.0,2023-07-27,2024-01-19,1,6960.0
RIQ-01429,Basic,Edtech,Delhi,Social Media,Monthly,13,550.0,6600.0,2.0,58.0,2,2900.0,2023-01-14,2024-02-11,1,6600.0
RIQ-01430,Pro,E-commerce,Pune,Social Media,Monthly,16,1800.0,21600.0,3.0,90.0,5,6300.0,2023-01-19,2024-05-07,1,21600.0
RIQ-01431,Pro,E-commerce,Mumbai,Email Campaign,Annual,1,2280.0,27360.0,0.0,,20,14000.0,2023-03-08,,0,0.0
RIQ-01432,Basic,Fintech,Bengaluru,Referral,Monthly,19,610.0,7320.0,2.0,38.0,6,2000.0,2023-05-16,,0,0.0
RIQ-01433,Basic,E-commerce,Pune,Paid Search,Monthly,11,520.0,6240.0,1.0,30.0,3,2900.0,2023-05-08,2024-04-05,1,6240.0
RIQ-01434,Pro,Fintech,Delhi,Social Media,Annual,18,1880.0,22560.0,1.0,46.0,15,7200.0,2023-09-13,,0,0.0
RIQ-01435,Pro,E-commerce,Delhi,Social Media,Annual,6,2260.0,27120.0,,71.0,18,13800.0,2023-11-15,,0,0.0
RIQ-01436,Enterprise,E-commerce,Pune,Direct,Monthly,37,9000.0,108000.0,2.0,63.0,17,56000.0,2023-11-12,,0,0.0
RIQ-01437,basic,Healthcare,Delhi,Social Media,Monthly,27,670.0,8040.0,2.0,45.0,1,4900.0,2022-02-16,,0,0.0
RIQ-01438,Pro,Edtech,Pune,Paid Search,Annual,23,2140.0,25680.0,3.0,61.0,14,11100.0,2022-06-19,,0,0.0
RIQ-01439,Enterprise,Fintech,Hyderabad,Organic Search,Annual,41,8540.0,102480.0,2.0,57.0,21,23400.0,2023-07-29,,0,0.0
RIQ-01440,Basic,E-commerce,Delhi,Organic Search,Monthly,21,980.0,11760.0,2.0,57.0,6,4300.0,2023-07-09,2025-04-02,1,11760.0
RIQ-01441,Enterprise,Edtech,Mumbai,Organic Search,Monthly,1,8750.0,105000.0,1.0,67.0,22,57400.0,2023-05-30,,0,0.0
RIQ-01442,Basic,Fintech,Bengaluru,Direct,Monthly,7,590.0,7080.0,2.0,38.0,5,4400.0,2022-01-20,2022-08-11,1,7080.0
RIQ-01443,Basic,Edtech,Chennai,Organic Search,Annual,7,940.0,11280.0,0.0,50.0,1,2300.0,2023-03-31,,0,0.0
RIQ-01444,Basic,Edtech,Mumbai,Paid Search,Monthly,8,790.0,9480.0,0.0,86.0,3,4800.0,2023-05-19,2024-01-26,1,9480.0
RIQ-01445,Enterprise,Edtech,Pune,Paid Search,Annual,19,5120.0,61440.0,1.0,74.0,21,24600.0,2023-06-25,,0,0.0
RIQ-01446,Basic,Fintech,Pune,Referral,Annual,2,550.0,6600.0,2.0,66.0,6,2900.0,2022-06-22,,0,0.0
RIQ-01447,Basic,Healthcare,Mumbai,Paid Search,Annual,6,580.0,6960.0,3.0,30.0,2,2500.0,2023-02-22,2023-08-27,1,6960.0
RIQ-01448,Pro,Fintech,Bengaluru,Referral,Annual,4,1530.0,18360.0,1.0,49.0,13,6900.0,2022-03-01,,0,0.0
RIQ-01449,Enterprise,Fintech,Bengaluru,Direct,Monthly,19,9460.0,113520.0,1.0,95.0,20,24800.0,2022-09-22,,0,0.0
RIQ-01450,Pro,Healthcare,Pune,Social Media,Annual,17,1700.0,20400.0,1.0,67.0,5,10400.0,2023-09-04,,0,0.0
RIQ-01451,Enterprise,Edtech,Hyderabad,Email Campaign,Annual,20,6920.0,83040.0,2.0,70.0,18,42100.0,2022-04-28,,0,0.0
RIQ-01452,Basic,Edtech,Mumbai,Referral,Monthly,26,530.0,6360.0,3.0,57.0,12,3200.0,2022-01-30,,0,0.0
RIQ-01453,Pro,Fintech,Chennai,Direct,Monthly,14,1770.0,21240.0,0.0,88.0,13,12900.0,2023-08-24,2024-10-23,1,21240.0
RIQ-01454,Basic,Fintech,Bengaluru,Paid Search,Monthly,1,560.0,6720.0,2.0,58.0,13,3300.0,2023-08-05,2023-09-02,1,6720.0
RIQ-01455,Basic,Fintech,Delhi,Organic Search,Monthly,13,890.0,10680.0,1.0,32.0,10,3600.0,2022-05-26,2023-06-16,1,10680.0
RIQ-01456,Basic,E-commerce,Delhi,Organic Search,Monthly,6,980.0,11760.0,2.0,68.0,3,2100.0,2023-07-23,2024-01-18,1,11760.0
RIQ-01457,Basic,Edtech,Bengaluru,Direct,Annual,1,810.0,9720.0,0.0,54.0,6,4900.0,2023-10-31,,0,0.0
RIQ-01458,Basic,Fintech,Bengaluru,Referral,Monthly,17,740.0,8880.0,3.0,9.0,1,4500.0,2023-09-05,2025-01-20,1,8880.0
RIQ-01459,Basic,Healthcare,Delhi,Social Media,Monthly,4,820.0,9840.0,0.0,48.0,4,4500.0,2023-08-23,,0,0.0
RIQ-01460,Basic,E-commerce,Bengaluru,Email Campaign,Monthly,2,770.0,9240.0,1.0,44.0,9,2900.0,2022-03-13,,0,0.0
RIQ-01461,Enterprise,Fintech,Mumbai,Social Media,Annual,22,5700.0,68400.0,1.0,63.0,23,28400.0,2023-07-24,,0,0.0
RIQ-01462,Pro,E-commerce,Hyderabad,Paid Search,Monthly,12,2000.0,24000.0,2.0,69.0,14,14500.0,2022-11-22,,0,0.0
RIQ-01463,Pro,Fintech,Delhi,Paid Search,Monthly,38,2480.0,29760.0,0.0,64.0,11,12000.0,2023-04-09,,0,0.0
RIQ-01464,Pro,Healthcare,Pune,Organic Search,Annual,8,1710.0,20520.0,1.0,73.0,15,14200.0,2023-09-06,,0,0.0
RIQ-01465,Basic,Edtech,Delhi,Paid Search,Annual,8,960.0,11520.0,2.0,53.0,8,2000.0,2023-09-16,2024-05-13,1,11520.0
RIQ-01466,Basic,Edtech,Bengaluru,Social Media,Monthly,8,780.0,9360.0,1.0,30.0,13,3200.0,2023-05-16,2024-01-20,1,9360.0
RIQ-01467,Basic,Edtech,Delhi,Organic Search,Annual,9,820.0,9840.0,2.0,39.0,2,4700.0,2023-07-06,2024-03-17,1,9840.0
RIQ-01468,Pro,Edtech,Mumbai,Paid Search,Annual,21,1620.0,19440.0,1.0,69.0,9,9200.0,2023-01-21,,0,0.0
RIQ-01469,Pro,E-commerce,Delhi,Organic Search,Monthly,24,2270.0,27240.0,1.0,77.0,16,9300.0,2022-01-09,,0,0.0
RIQ-01470,Enterprise,Fintech,Pune,Organic Search,Monthly,13,5050.0,60600.0,1.0,41.0,29,48400.0,2022-01-21,,0,0.0
RIQ-01471,Basic,E-commerce,Hyderabad,Paid Search,Monthly,3,590.0,7080.0,3.0,83.0,1,2900.0,2023-09-21,2023-12-25,1,7080.0
RIQ-01472,Enterprise,Healthcare,Delhi,Paid Search,Annual,60,7470.0,89640.0,1.0,56.0,25,48200.0,2023-01-07,,0,0.0
RIQ-01473,Basic,E-commerce,Delhi,Referral,Monthly,2,800.0,9600.0,3.0,34.0,8,5000.0,2022-01-08,2022-02-28,1,9600.0
RIQ-01474,Basic,Fintech,Mumbai,Organic Search,Monthly,4,640.0,7680.0,2.0,44.0,4,2500.0,2023-05-28,2023-09-25,1,7680.0
RIQ-01475,Basic,Edtech,Pune,Referral,Annual,16,840.0,10080.0,0.0,43.0,6,3700.0,2023-09-10,,0,0.0
RIQ-01476,Basic,Edtech,Delhi,Email Campaign,Annual,11,530.0,6360.0,3.0,45.0,6,4800.0,2022-09-23,,0,0.0
RIQ-01477,Basic,Healthcare,Mumbai,Paid Search,Monthly,2,860.0,10320.0,1.0,40.0,4,4500.0,2022-10-08,2022-11-28,1,10320.0
RIQ-01478,Basic,Healthcare,Chennai,Paid Search,Monthly,11,840.0,10080.0,2.0,0.0,4,4000.0,2023-09-22,2024-08-10,1,10080.0
RIQ-01479,Basic,Fintech,Mumbai,Social Media,Monthly,4,710.0,8520.0,3.0,51.0,6,4000.0,2023-11-21,2024-04-04,1,8520.0
RIQ-01480,Pro,E-commerce,Pune,Social Media,Monthly,8,2340.0,28080.0,0.0,76.0,13,12100.0,2023-02-21,,0,0.0
RIQ-01481,Enterprise,Edtech,Bengaluru,Social Media,Annual,18,6810.0,81720.0,0.0,75.0,21,31100.0,2022-02-14,,0,0.0
RIQ-01482,Basic,Edtech,Pune,Paid Search,Monthly,18,710.0,8520.0,0.0,46.0,8,2000.0,2023-04-05,2024-09-21,1,8520.0
RIQ-01483,Pro,E-commerce,Mumbai,Social Media,Annual,31,2070.0,24840.0,2.0,73.0,18,8000.0,2022-01-26,,0,0.0
RIQ-01484,Pro,Fintech,Delhi,Referral,Monthly,14,2460.0,29520.0,1.0,88.0,6,9000.0,2022-09-13,,0,0.0
RIQ-01485,Pro,Edtech,Mumbai,Paid Search,Monthly,35,2120.0,25440.0,1.0,61.0,13,13300.0,2022-01-29,,0,0.0
RIQ-01486,Pro,Healthcare,Delhi,Social Media,Annual,3,2130.0,25560.0,0.0,51.0,14,8200.0,2022-12-09,,0,0.0
RIQ-01487,Basic,Edtech,Mumbai,Social Media,Annual,13,980.0,11760.0,1.0,30.0,8,4500.0,2022-02-25,,0,0.0
RIQ-01488,Basic,Healthcare,Hyderabad,Organic Search,Monthly,3,540.0,6480.0,,75.0,7,3900.0,2023-09-07,,0,0.0
RIQ-01489,Pro,Fintech,Pune,Referral,Monthly,9,2080.0,24960.0,1.0,55.0,16,14300.0,2022-03-29,,0,0.0
RIQ-01490,Pro,E-commerce,Hyderabad,Direct,Annual,28,2390.0,28680.0,1.0,63.0,18,6600.0,2022-03-08,,0,0.0
RIQ-01491,Basic,Edtech,Delhi,Referral,Annual,26,530.0,6360.0,5.0,87.0,6,3900.0,2023-09-18,,0,0.0
RIQ-01492,Pro,Healthcare,Bengaluru,Referral,Monthly,22,2060.0,24720.0,1.0,59.0,18,9600.0,2022-10-29,,0,0.0
RIQ-01493,Pro,Healthcare,Mumbai,Organic Search,Annual,44,1910.0,22920.0,0.0,70.0,15,11600.0,2023-09-06,,0,0.0
RIQ-01494,Pro,Healthcare,Bengaluru,Social Media,Annual,10,1960.0,23520.0,0.0,48.0,16,11600.0,2023-03-15,,0,0.0
RIQ-01495,Enterprise,Healthcare,Chennai,Email Campaign,Annual,57,9690.0,116280.0,0.0,81.0,26,27700.0,2022-01-27,,0,0.0
RIQ-01496,Pro,Edtech,Bengaluru,Referral,Monthly,39,1600.0,19200.0,2.0,50.0,8,11300.0,2023-09-02,,0,0.0
RIQ-01497,Pro,E-commerce,Delhi,Social Media,Monthly,13,2400.0,28800.0,0.0,42.0,14,8300.0,2022-05-10,,0,0.0
RIQ-01498,Pro,E-commerce,Delhi,Social Media,Monthly,3,2220.0,26640.0,1.0,62.0,11,13200.0,2023-04-01,2023-06-20,1,26640.0
RIQ-01499,Basic,Healthcare,Hyderabad,Email Campaign,Monthly,17,650.0,7800.0,4.0,76.0,4,4900.0,2023-03-23,2024-08-15,1,7800.0
RIQ-01500,Basic,Edtech,Delhi,Referral,Monthly,17,940.0,11280.0,3.0,64.0,2,3400.0,2022-05-30,2023-10-11,1,11280.0
RIQ-01501,Basic,Fintech,Delhi,Referral,Annual,9,980.0,11760.0,3.0,32.0,1,4000.0,2023-06-15,2024-03-14,1,11760.0
RIQ-01502,Basic,Fintech,Hyderabad,Referral,Monthly,14,910.0,10920.0,4.0,33.0,2,4600.0,2023-07-27,,0,0.0
RIQ-01503,Basic,E-commerce,Pune,Direct,Monthly,3,600.0,7200.0,2.0,33.0,4,2200.0,2022-07-26,2022-11-03,1,7200.0
RIQ-01504,Basic,Healthcare,Delhi,Referral,Monthly,3,840.0,10080.0,2.0,58.0,9,4100.0,2023-04-24,2023-07-27,1,10080.0
RIQ-01505,Enterprise,Fintech,Chennai,Email Campaign,Annual,2,6680.0,80160.0,0.0,100.0,24,38200.0,2022-11-03,,0,0.0
RIQ-01506,Basic,E-commerce,Mumbai,Social Media,Monthly,10,890.0,10680.0,2.0,50.0,3,2700.0,2022-02-13,2022-12-10,1,10680.0
RIQ-01507,Pro,Healthcare,Mumbai,Social Media,Annual,22,1730.0,20760.0,2.0,68.0,8,10300.0,2023-10-01,,0,0.0
RIQ-01508,Basic,Fintech,Delhi,Organic Search,Monthly,2,910.0,10920.0,2.0,62.0,1,3200.0,2023-01-20,2023-03-12,1,10920.0
RIQ-01509,Basic,E-commerce,Mumbai,Organic Search,Annual,9,500.0,6000.0,2.0,37.0,2,3700.0,2023-01-02,2023-09-14,1,6000.0
RIQ-01510,Basic,Edtech,Mumbai,Direct,Monthly,7,810.0,9720.0,3.0,26.0,7,4900.0,2023-01-04,2023-07-19,1,9720.0
RIQ-01511,Pro,Fintech,Hyderabad,Organic Search,Annual,7,1720.0,20640.0,0.0,54.0,13,9100.0,2022-09-26,,0,0.0
RIQ-01512,Pro,E-commerce,Chennai,Email Campaign,Annual,3,1680.0,20160.0,2.0,84.0,13,14200.0,2022-01-23,2022-04-13,1,20160.0
RIQ-01513,Enterprise,E-commerce,Hyderabad,Referral,Annual,6,8390.0,100680.0,0.0,70.0,26,33500.0,2023-01-24,,0,0.0
RIQ-01514,Pro,Edtech,Delhi,Paid Search,Monthly,32,1710.0,20520.0,1.0,46.0,15,13300.0,2023-04-13,,0,0.0
RIQ-01515,Pro,E-commerce,Delhi,Paid Search,Annual,15,2440.0,29280.0,0.0,67.0,11,13900.0,2023-10-01,,0,0.0
RIQ-01516,basic,Edtech,Delhi,Direct,Monthly,12,570.0,6840.0,1.0,84.0,9,4400.0,2022-05-14,,0,0.0
RIQ-01517,Pro,Edtech,Pune,Email Campaign,Annual,25,1870.0,22440.0,1.0,71.0,12,11700.0,2023-09-06,,0,0.0
RIQ-01518,Basic,Fintech,Mumbai,Social Media,Monthly,2,880.0,10560.0,0.0,30.0,4,4600.0,2023-08-25,2023-10-15,1,10560.0
RIQ-01519,Enterprise,Edtech,Delhi,Email Campaign,Annual,30,6230.0,74760.0,3.0,100.0,25,54100.0,2023-10-07,,0,0.0
RIQ-01520,Basic,Healthcare,Bengaluru,Paid Search,Monthly,12,980.0,11760.0,1.0,61.0,9,2600.0,2023-05-16,,0,0.0
RIQ-01521,Basic,Edtech,Mumbai,Referral,Annual,4,830.0,9960.0,2.0,50.0,11,2500.0,2022-03-08,,0,0.0
RIQ-01522,Basic,E-commerce,Pune,Email Campaign,Annual,4,870.0,10440.0,7.0,54.0,9,3500.0,2023-01-19,,0,0.0
RIQ-01523,Basic,Fintech,Hyderabad,Paid Search,Monthly,5,690.0,8280.0,2.0,58.0,9,4900.0,2023-05-10,2023-10-14,1,8280.0
RIQ-01524,Pro,Edtech,Pune,Social Media,Monthly,3,2140.0,25680.0,1.0,48.0,15,7900.0,2023-08-21,,0,0.0
RIQ-01525,Basic,Edtech,Mumbai,Social Media,Monthly,9,730.0,8760.0,,41.0,7,2700.0,2022-08-29,2023-05-23,1,8760.0
RIQ-01526,Basic,Edtech,Mumbai,Email Campaign,Monthly,8,580.0,6960.0,1.0,50.0,11,3700.0,2023-01-19,2023-09-09,1,6960.0
RIQ-01527,Basic,Edtech,Pune,Social Media,Monthly,5,720.0,8640.0,3.0,68.0,13,2700.0,2022-12-27,,0,0.0
RIQ-01528,Enterprise,Fintech,Bengaluru,Social Media,Annual,6,6680.0,80160.0,0.0,70.0,28,52200.0,2023-04-07,,0,0.0
RIQ-01529,Basic,Fintech,Bengaluru,Email Campaign,Annual,37,660.0,7920.0,0.0,26.0,11,2100.0,2023-01-27,,0,0.0
RIQ-01530,Pro,Fintech,Bengaluru,Social Media,Annual,2,1570.0,18840.0,1.0,78.0,13,10500.0,2022-03-26,,0,0.0
RIQ-01531,Basic,Fintech,Delhi,Paid Search,Annual,4,540.0,6480.0,0.0,36.0,1,2700.0,2022-10-11,2023-02-22,1,6480.0
RIQ-01532,Enterprise,E-commerce,Mumbai,Social Media,Annual,32,7730.0,92760.0,0.0,70.0,16,32100.0,2022-12-08,,0,0.0
RIQ-01533,Basic,E-commerce,Pune,Paid Search,Monthly,11,910.0,10920.0,4.0,37.0,13,4500.0,2023-12-01,,0,0.0
RIQ-01534,Basic,Healthcare,Pune,Social Media,Annual,6,570.0,6840.0,2.0,75.0,9,4700.0,2023-07-11,,0,0.0
RIQ-01535,Pro,E-commerce,Delhi,Organic Search,Monthly,35,2320.0,27840.0,3.0,54.0,10,13400.0,2023-02-18,,0,0.0
RIQ-01536,Basic,Fintech,Hyderabad,Social Media,Annual,2,500.0,6000.0,1.0,33.0,7,3500.0,2023-11-01,,0,0.0
RIQ-01537,Basic,Fintech,Hyderabad,Referral,Annual,2,700.0,8400.0,1.0,66.0,3,4200.0,2022-08-21,,0,0.0
RIQ-01538,Basic,E-commerce,Hyderabad,Paid Search,Monthly,4,790.0,9480.0,1.0,20.0,10,3400.0,2023-07-20,2023-11-26,1,9480.0
RIQ-01539,Basic,Healthcare,Bengaluru,Direct,Monthly,2,540.0,6480.0,3.0,60.0,5,4300.0,2022-07-12,2022-09-08,1,6480.0
RIQ-01540,Pro,Fintech,Bengaluru,Social Media,Monthly,52,1950.0,23400.0,1.0,69.0,14,7300.0,2023-07-26,,0,0.0
RIQ-01541,Pro,E-commerce,Bengaluru,Referral,Annual,11,1800.0,21600.0,4.0,82.0,12,11900.0,2022-01-10,,0,0.0
RIQ-01542,Basic,E-commerce,Hyderabad,Paid Search,Monthly,3,610.0,7320.0,7.0,57.0,1,4300.0,2023-03-12,2023-06-16,1,7320.0
RIQ-01543,Pro,Healthcare,Chennai,Direct,Annual,7,1800.0,21600.0,3.0,71.0,14,13100.0,2023-08-25,,0,0.0
RIQ-01544,Pro,E-commerce,Hyderabad,Referral,Monthly,2,1650.0,19800.0,0.0,67.0,11,13200.0,2022-12-05,,0,0.0
RIQ-01545,Basic,Fintech,Hyderabad,Referral,Monthly,6,790.0,9480.0,,60.0,2,2600.0,2023-02-05,2023-08-01,1,9480.0
RIQ-01546,Basic,Fintech,Mumbai,Social Media,Monthly,4,590.0,7080.0,7.0,50.0,13,3700.0,2022-04-22,2022-08-15,1,7080.0
RIQ-01547,Enterprise,Healthcare,Pune,Direct,Annual,46,5470.0,65640.0,0.0,72.0,21,53100.0,2022-04-17,,0,0.0
RIQ-01548,Pro,Fintech,Chennai,Social Media,Annual,36,2100.0,25200.0,1.0,58.0,16,6600.0,2022-01-28,,0,0.0
RIQ-01549,Pro,Healthcare,Mumbai,Email Campaign,Monthly,1,1780.0,21360.0,0.0,71.0,11,10700.0,2022-08-27,,0,0.0
RIQ-01550,Basic,E-commerce,Pune,Paid Search,Annual,3,680.0,8160.0,2.0,11.0,2,2500.0,2022-01-12,,0,0.0
RIQ-01551,Pro,Edtech,Hyderabad,Email Campaign,Monthly,15,1660.0,19920.0,2.0,81.0,10,9800.0,2022-04-24,,0,0.0
RIQ-01552,Pro,Healthcare,Bengaluru,Organic Search,Annual,2,1890.0,22680.0,3.0,97.0,8,7900.0,2022-07-31,,0,0.0
RIQ-01553,Enterprise,E-commerce,Bengaluru,Referral,Annual,60,8550.0,102600.0,3.0,42.0,15,32400.0,2023-05-02,,0,0.0
RIQ-01554,Enterprise,E-commerce,Mumbai,Email Campaign,Monthly,28,6010.0,72120.0,1.0,74.0,18,25700.0,2023-04-15,,0,0.0
RIQ-01555,Basic,E-commerce,Mumbai,Direct,Monthly,3,530.0,6360.0,4.0,59.0,7,4400.0,2023-02-13,2023-05-18,1,6360.0
RIQ-01556,Enterprise,Edtech,Chennai,Organic Search,Annual,15,9400.0,112800.0,1.0,77.0,25,23600.0,2023-04-17,,0,0.0
RIQ-01557,Pro,Fintech,Chennai,Referral,Monthly,60,2150.0,25800.0,0.0,59.0,9,13600.0,2023-04-13,,0,0.0
RIQ-01558,Basic,Healthcare,Delhi,Social Media,Monthly,3,690.0,8280.0,1.0,53.0,3,2700.0,2022-06-29,2022-09-25,1,8280.0
RIQ-01559,Pro,E-commerce,Bengaluru,Organic Search,Monthly,7,1960.0,23520.0,1.0,52.0,13,11100.0,2023-11-06,,0,0.0
RIQ-01560,Pro,Edtech,Pune,Referral,Annual,7,2440.0,29280.0,2.0,55.0,6,7400.0,2022-09-03,,0,0.0
RIQ-01561,Basic,Fintech,Hyderabad,Social Media,Monthly,1,770.0,9240.0,2.0,44.0,9,2200.0,2023-11-14,2023-12-28,1,9240.0
RIQ-01562,Pro,Fintech,Bengaluru,Paid Search,Monthly,11,2410.0,28920.0,2.0,60.0,21,11000.0,2023-02-26,,0,0.0
RIQ-01563,Basic,Healthcare,Bengaluru,Organic Search,Annual,10,540.0,6480.0,0.0,31.0,1,3500.0,2022-04-18,,0,0.0
RIQ-01564,Basic,Fintech,Delhi,Direct,Monthly,6,580.0,6960.0,2.0,54.0,7,2100.0,2022-08-01,2023-01-29,1,6960.0
RIQ-01565,Pro,E-commerce,Delhi,Direct,Annual,10,2170.0,26040.0,1.0,72.0,20,12700.0,2023-04-18,,0,0.0
RIQ-01566,Basic,Healthcare,Hyderabad,Paid Search,Monthly,19,700.0,8400.0,3.0,27.0,7,2300.0,2022-01-11,2023-07-28,1,8400.0
RIQ-01567,Basic,E-commerce,Mumbai,Paid Search,Monthly,7,870.0,10440.0,2.0,65.0,10,3400.0,2023-05-12,,0,0.0
RIQ-01568,Pro,Fintech,Delhi,Organic Search,Annual,33,2210.0,26520.0,1.0,88.0,9,13400.0,2023-03-25,,0,0.0
RIQ-01569,Basic,Edtech,Mumbai,Social Media,Monthly,1,580.0,6960.0,3.0,31.0,2,2300.0,2022-01-19,2022-02-22,1,6960.0
RIQ-01570,Basic,E-commerce,Mumbai,Organic Search,Annual,12,690.0,8280.0,3.0,52.0,3,4000.0,2022-03-21,,0,0.0
RIQ-01571,Basic,E-commerce,Delhi,Organic Search,Monthly,3,720.0,8640.0,1.0,57.0,6,4100.0,2022-07-02,2022-09-21,1,8640.0
RIQ-01572,Basic,Fintech,Mumbai,Organic Search,Monthly,22,720.0,8640.0,3.0,73.0,2,4500.0,2022-02-18,,0,0.0
RIQ-01573,Basic,Fintech,Delhi,Organic Search,Monthly,6,860.0,10320.0,1.0,37.0,1,4100.0,2022-04-16,2022-10-10,1,10320.0
RIQ-01574,Basic,E-commerce,Chennai,Direct,Annual,6,520.0,6240.0,2.0,63.0,7,4300.0,2023-01-22,,0,0.0
RIQ-01575,Basic,E-commerce,Mumbai,Organic Search,Monthly,5,620.0,7440.0,0.0,41.0,1,3300.0,2022-04-04,2022-08-17,1,7440.0
RIQ-01576,Basic,Fintech,Chennai,Organic Search,Annual,1,600.0,7200.0,3.0,30.0,7,2200.0,2023-11-17,,0,0.0
RIQ-01577,Pro,E-commerce,Pune,Organic Search,Monthly,5,2330.0,27960.0,1.0,81.0,20,7500.0,2023-11-12,,0,0.0
RIQ-01578,Enterprise,E-commerce,Bengaluru,Paid Search,Annual,18,5540.0,66480.0,0.0,70.0,21,45000.0,2022-12-01,,0,0.0
RIQ-01579,Basic,Edtech,Bengaluru,Social Media,Annual,4,970.0,11640.0,1.0,49.0,1,3300.0,2023-02-09,2023-06-24,1,11640.0
RIQ-01580,Basic,E-commerce,Chennai,Email Campaign,Monthly,8,660.0,7920.0,3.0,57.0,1,4000.0,2022-01-16,2022-09-10,1,7920.0
RIQ-01581,Basic,Fintech,Delhi,Organic Search,Annual,20,610.0,7320.0,5.0,34.0,2,2800.0,2023-11-05,2025-07-08,1,7320.0
RIQ-01582,Enterprise,Edtech,Hyderabad,Organic Search,Monthly,9,9430.0,113160.0,1.0,58.0,19,59300.0,2023-02-25,,0,0.0
RIQ-01583,Pro,Edtech,Bengaluru,Organic Search,Annual,26,1600.0,19200.0,1.0,50.0,13,14300.0,2023-07-04,,0,0.0
RIQ-01584,Enterprise,E-commerce,Bengaluru,Organic Search,Annual,13,6260.0,75120.0,1.0,81.0,29,47900.0,2022-04-08,,0,0.0
RIQ-01585,Enterprise,Healthcare,Chennai,Email Campaign,Annual,47,8390.0,100680.0,1.0,96.0,25,55400.0,2022-05-17,,0,0.0
RIQ-01586,Basic,Fintech,Chennai,Organic Search,Annual,4,660.0,7920.0,1.0,72.0,4,3400.0,2023-11-14,,0,0.0
RIQ-01587,Basic,Healthcare,Mumbai,Referral,Monthly,9,790.0,9480.0,1.0,68.0,1,3900.0,2023-01-27,2023-10-25,1,9480.0
RIQ-01588,Enterprise,Fintech,Chennai,Paid Search,Annual,6,9940.0,119280.0,1.0,84.0,18,25000.0,2022-08-27,,0,0.0
RIQ-01589,Basic,Fintech,Hyderabad,Social Media,Monthly,6,620.0,7440.0,1.0,48.0,7,2700.0,2023-03-15,2023-09-20,1,7440.0
RIQ-01590,Pro,Healthcare,Chennai,Email Campaign,Monthly,2,2000.0,24000.0,3.0,54.0,6,11800.0,2022-07-26,2022-09-13,1,24000.0
RIQ-01591,Pro,E-commerce,Mumbai,Organic Search,Annual,9,2220.0,26640.0,1.0,75.0,18,9000.0,2023-03-31,,0,0.0
RIQ-01592,Enterprise,E-commerce,Delhi,Social Media,Annual,17,8220.0,98640.0,2.0,46.0,15,45900.0,2022-02-10,,0,0.0
RIQ-01593,Pro,Fintech,Pune,Referral,Monthly,5,1790.0,21480.0,5.0,100.0,13,12600.0,2022-01-25,,0,0.0
RIQ-01594,Pro,Fintech,Chennai,Paid Search,Annual,22,1700.0,20400.0,1.0,83.0,15,12000.0,2022-02-25,,0,0.0
RIQ-01595,Basic,Edtech,Chennai,Organic Search,Monthly,34,840.0,10080.0,5.0,45.0,4,4600.0,2022-08-16,2025-06-05,1,10080.0
RIQ-01596,Basic,Healthcare,Bengaluru,Direct,Annual,10,810.0,9720.0,4.0,52.0,9,4600.0,2022-03-08,,0,0.0
RIQ-01597,Basic,Fintech,Mumbai,Social Media,Annual,10,820.0,9840.0,1.0,66.0,4,4800.0,2022-05-25,,0,0.0
RIQ-01598,Enterprise,Edtech,Mumbai,Organic Search,Monthly,54,7740.0,92880.0,2.0,83.0,21,49000.0,2022-07-29,,0,0.0
RIQ-01599,Basic,E-commerce,Hyderabad,Paid Search,Monthly,11,650.0,7800.0,4.0,55.0,12,2700.0,2022-07-22,,0,0.0
RIQ-01600,Basic,Healthcare,Pune,Social Media,Annual,6,640.0,7680.0,3.0,50.0,2,4900.0,2023-04-05,,0,0.0
RIQ-01601,Pro,Fintech,Delhi,Paid Search,Monthly,21,1980.0,23760.0,1.0,79.0,16,10200.0,2023-01-04,2024-09-22,1,23760.0
RIQ-01602,Basic,Edtech,Delhi,Social Media,Annual,1,800.0,9600.0,2.0,15.0,3,2500.0,2023-03-20,2023-04-28,1,9600.0
RIQ-01603,Pro,Healthcare,Bengaluru,Email Campaign,Monthly,3,2260.0,27120.0,1.0,61.0,13,12800.0,2023-03-14,,0,0.0
RIQ-01604,Enterprise,E-commerce,Delhi,Social Media,Annual,18,7970.0,95640.0,1.0,75.0,26,35200.0,2022-06-06,,0,0.0
RIQ-01605,Basic,E-commerce,Bengaluru,Direct,Monthly,6,650.0,7800.0,1.0,72.0,1,3700.0,2022-10-18,2023-04-13,1,7800.0
RIQ-01606,Pro,E-commerce,Mumbai,Organic Search,Annual,5,2210.0,26520.0,0.0,82.0,11,7700.0,2022-07-20,,0,0.0
RIQ-01607,Pro,E-commerce,Pune,Social Media,Monthly,9,2000.0,24000.0,1.0,38.0,9,9700.0,2023-01-19,2023-10-16,1,24000.0
RIQ-01608,Basic,E-commerce,Pune,Paid Search,Annual,2,870.0,10440.0,3.0,15.0,6,3500.0,2023-01-29,,0,0.0
RIQ-01609,Pro,Edtech,Delhi,Paid Search,Annual,36,1910.0,22920.0,2.0,57.0,9,7100.0,2022-02-09,,0,0.0
RIQ-01610,Basic,E-commerce,Pune,Email Campaign,Annual,28,580.0,6960.0,2.0,65.0,10,2800.0,2023-03-23,2025-07-25,1,6960.0
RIQ-01611,Basic,Fintech,Pune,Referral,Monthly,5,750.0,9000.0,3.0,52.0,5,3900.0,2023-05-16,,0,0.0
RIQ-01612,Basic,Edtech,Pune,Organic Search,Monthly,6,690.0,8280.0,2.0,28.0,6,4200.0,2023-03-11,,0,0.0
RIQ-01613,Basic,Fintech,Bengaluru,Email Campaign,Annual,12,910.0,10920.0,1.0,42.0,10,4100.0,2023-10-09,,0,0.0
RIQ-01614,Pro,E-commerce,Hyderabad,Paid Search,Monthly,7,1650.0,19800.0,0.0,56.0,12,12100.0,2023-09-12,,0,0.0
RIQ-01615,Basic,Fintech,Mumbai,Social Media,Monthly,6,800.0,9600.0,4.0,31.0,6,2500.0,2023-11-10,2024-05-19,1,9600.0
RIQ-01616,Pro,Edtech,Hyderabad,Social Media,Monthly,2,2210.0,26520.0,3.0,76.0,17,14800.0,2023-01-29,2023-03-27,1,26520.0
RIQ-01617,Basic,Edtech,Bengaluru,Direct,Annual,5,950.0,11400.0,2.0,46.0,3,2500.0,2023-03-10,,0,0.0
RIQ-01618,Basic,Healthcare,Delhi,Referral,Monthly,8,750.0,9000.0,0.0,69.0,3,4000.0,2023-06-30,,0,0.0
RIQ-01619,Basic,Fintech,Pune,Email Campaign,Monthly,6,700.0,8400.0,2.0,29.0,3,3900.0,2022-04-02,2022-09-17,1,8400.0
RIQ-01620,Pro,Edtech,Mumbai,Direct,Monthly,12,1640.0,19680.0,1.0,56.0,12,9600.0,2022-08-03,,0,0.0
RIQ-01621,Basic,Healthcare,Bengaluru,Social Media,Monthly,10,990.0,11880.0,1.0,50.0,10,2300.0,2023-05-19,2024-02-28,1,11880.0
RIQ-01622,Basic,Fintech,Delhi,Social Media,Monthly,10,710.0,8520.0,5.0,74.0,11,3300.0,2022-10-23,2023-08-27,1,8520.0
RIQ-01623,Basic,Healthcare,Pune,Referral,Monthly,9,570.0,6840.0,1.0,76.0,3,3500.0,2023-05-14,2024-01-29,1,6840.0
RIQ-01624,Enterprise,Healthcare,Delhi,Referral,Annual,60,6060.0,72720.0,0.0,18.0,22,50400.0,2022-07-25,,0,0.0
RIQ-01625,Basic,E-commerce,Mumbai,Organic Search,Monthly,5,630.0,7560.0,2.0,25.0,9,3900.0,2023-02-23,2023-07-22,1,7560.0
RIQ-01626,Basic,Edtech,Bengaluru,Direct,Monthly,5,580.0,6960.0,2.0,10.0,8,3100.0,2022-10-28,2023-03-14,1,6960.0
RIQ-01627,Basic,Edtech,Mumbai,Organic Search,Monthly,14,790.0,9480.0,2.0,44.0,1,4000.0,2023-05-05,2024-06-28,1,9480.0
RIQ-01628,Pro,E-commerce,Mumbai,Email Campaign,Monthly,18,2250.0,27000.0,1.0,10.0,13,13100.0,2022-01-08,,0,0.0
RIQ-01629,Basic,Fintech,Hyderabad,Paid Search,Annual,5,600.0,7200.0,2.0,50.0,8,3100.0,2022-01-08,,0,0.0
RIQ-01630,Enterprise,Fintech,Chennai,Organic Search,Annual,2,6330.0,75960.0,2.0,76.0,16,37200.0,2023-05-13,,0,0.0
RIQ-01631,Pro,Healthcare,Pune,Paid Search,Monthly,7,1870.0,22440.0,1.0,66.0,12,13400.0,2022-12-18,,0,0.0
RIQ-01632,Enterprise,E-commerce,Chennai,Referral,Monthly,21,8320.0,99840.0,1.0,94.0,15,54900.0,2023-01-23,,0,0.0
RIQ-01633,Basic,E-commerce,Bengaluru,Social Media,Monthly,5,900.0,10800.0,0.0,49.0,9,4600.0,2022-01-04,2022-06-02,1,10800.0
RIQ-01634,Basic,E-commerce,Bengaluru,Email Campaign,Monthly,12,960.0,11520.0,2.0,90.0,4,3800.0,2022-01-27,,0,0.0
RIQ-01635,Pro,E-commerce,Bengaluru,Social Media,Annual,4,2200.0,26400.0,2.0,27.0,15,11600.0,2022-09-12,,0,0.0
RIQ-01636,Basic,Healthcare,Bengaluru,Social Media,Monthly,23,740.0,8880.0,3.0,53.0,5,4000.0,2023-02-28,,0,0.0
RIQ-01637,Basic,Edtech,Chennai,Paid Search,Annual,2,970.0,11640.0,2.0,71.0,7,2000.0,2022-11-26,,0,0.0
RIQ-01638,Basic,E-commerce,Mumbai,Organic Search,Monthly,3,900.0,10800.0,1.0,45.0,3,3300.0,2022-11-30,2023-03-06,1,10800.0
RIQ-01639,Basic,Healthcare,Chennai,Referral,Monthly,11,810.0,9720.0,4.0,57.0,1,3300.0,2022-03-25,2023-02-14,1,9720.0
RIQ-01640,Pro,E-commerce,Delhi,Social Media,Annual,5,2490.0,29880.0,0.0,55.0,10,11500.0,2022-04-13,2022-09-18,1,29880.0
RIQ-01641,Enterprise,Fintech,Hyderabad,Organic Search,Monthly,26,9350.0,112200.0,3.0,71.0,22,21300.0,2023-08-09,,0,0.0
RIQ-01642,Basic,E-commerce,Hyderabad,Paid Search,Annual,8,750.0,9000.0,2.0,12.0,3,2900.0,2022-03-31,,0,0.0
RIQ-01643,Pro,Edtech,Mumbai,Referral,Monthly,8,2370.0,28440.0,0.0,53.0,17,14600.0,2022-06-22,,0,0.0
RIQ-01644,Enterprise,Edtech,Delhi,Social Media,Annual,38,7700.0,92400.0,0.0,84.0,22,46400.0,2022-09-07,,0,0.0
RIQ-01645,Enterprise,E-commerce,Hyderabad,Paid Search,Annual,38,5450.0,65400.0,1.0,90.0,24,57200.0,2023-03-22,,0,0.0
RIQ-01646,Basic,Fintech,Chennai,Email Campaign,Monthly,5,660.0,7920.0,2.0,0.0,1,4300.0,2023-01-28,,0,0.0
RIQ-01647,Pro,Fintech,Mumbai,Direct,Monthly,24,1980.0,23760.0,1.0,100.0,15,7200.0,2023-11-18,,0,0.0
RIQ-01648,Enterprise,E-commerce,Mumbai,Referral,Annual,9,8630.0,103560.0,2.0,78.0,27,29000.0,2022-04-03,,0,0.0
RIQ-01649,Pro,E-commerce,Delhi,Organic Search,Annual,10,2070.0,24840.0,2.0,40.0,8,9100.0,2023-09-08,,0,0.0
RIQ-01650,Pro,E-commerce,Chennai,Social Media,Annual,23,2240.0,26880.0,0.0,78.0,13,11100.0,2023-01-26,2024-12-21,1,26880.0
RIQ-01651,Basic,Edtech,Mumbai,Referral,Monthly,2,900.0,10800.0,2.0,51.0,3,2300.0,2022-08-17,2022-10-09,1,10800.0
RIQ-01652,Basic,E-commerce,Delhi,Paid Search,Monthly,19,870.0,10440.0,3.0,23.0,1,4800.0,2022-07-12,2024-02-10,1,10440.0
RIQ-01653,Basic,Edtech,Mumbai,Organic Search,Annual,2,660.0,7920.0,0.0,39.0,6,3700.0,2023-01-25,,0,0.0
RIQ-01654,Basic,Healthcare,Bengaluru,Paid Search,Annual,19,770.0,9240.0,0.0,56.0,2,4900.0,2023-02-02,,0,0.0
RIQ-01655,Basic,Healthcare,Delhi,Organic Search,Monthly,6,840.0,10080.0,1.0,52.0,11,3600.0,2022-05-10,,0,0.0
RIQ-01656,Enterprise,E-commerce,Mumbai,Direct,Annual,31,6980.0,83760.0,1.0,89.0,24,52600.0,2023-07-06,,0,0.0
RIQ-01657,Basic,Fintech,Delhi,Social Media,Monthly,5,650.0,7800.0,1.0,62.0,8,4000.0,2022-08-13,2023-01-10,1,7800.0
RIQ-01658,Basic,Fintech,Delhi,Referral,Monthly,6,870.0,10440.0,2.0,18.0,6,3000.0,2022-02-05,2022-08-08,1,10440.0
RIQ-01659,Basic,Fintech,Hyderabad,Referral,Monthly,5,640.0,7680.0,3.0,25.0,1,3900.0,2023-08-11,2024-01-08,1,7680.0
RIQ-01660,Enterprise,Healthcare,Hyderabad,Social Media,Annual,60,9830.0,117960.0,2.0,100.0,27,53100.0,2022-03-02,,0,0.0
RIQ-01661,Basic,Edtech,Hyderabad,Direct,Monthly,27,600.0,7200.0,2.0,37.0,6,4100.0,2022-08-19,,0,0.0
RIQ-01662,Basic,E-commerce,Pune,Paid Search,Annual,1,590.0,7080.0,0.0,32.0,3,3200.0,2023-05-15,2023-06-22,1,7080.0
RIQ-01663,Pro,E-commerce,Bengaluru,Referral,Monthly,17,2350.0,28200.0,2.0,80.0,13,9800.0,2022-01-23,2023-06-19,1,28200.0
RIQ-01664,Basic,Fintech,Delhi,Organic Search,Monthly,5,670.0,8040.0,2.0,55.0,6,3200.0,2023-02-05,,0,0.0
RIQ-01665,Basic,E-commerce,Bengaluru,Email Campaign,Annual,5,850.0,10200.0,2.0,27.0,4,4600.0,2022-07-19,2022-12-23,1,10200.0
RIQ-01666,Basic,E-commerce,Chennai,Referral,Annual,20,880.0,10560.0,2.0,34.0,3,4400.0,2023-08-18,2025-04-21,1,10560.0
RIQ-01667,Basic,Fintech,Hyderabad,Referral,Monthly,4,730.0,8760.0,2.0,42.0,3,2400.0,2022-06-17,2022-10-18,1,8760.0
RIQ-01668,Pro,E-commerce,Pune,Referral,Annual,15,1640.0,19680.0,0.0,48.0,9,7800.0,2022-08-12,,0,0.0
RIQ-01669,Pro,Edtech,Pune,Direct,Monthly,5,1860.0,22320.0,3.0,35.0,12,13100.0,2023-08-13,,0,0.0
RIQ-01670,Enterprise,Fintech,Delhi,Email Campaign,Annual,42,6880.0,82560.0,0.0,56.0,18,22300.0,2023-03-14,,0,0.0
RIQ-01671,Pro,Fintech,Delhi,Social Media,Annual,5,1850.0,22200.0,1.0,54.0,18,6500.0,2023-05-01,,0,0.0
RIQ-01672,Basic,Fintech,Mumbai,Direct,Monthly,7,820.0,9840.0,5.0,49.0,2,4900.0,2023-08-31,2024-03-26,1,9840.0
RIQ-01673,Basic,Edtech,Pune,Social Media,Monthly,48,520.0,6240.0,2.0,61.0,4,3500.0,2022-09-04,2026-08-11,1,6240.0
RIQ-01674,Enterprise,Fintech,Delhi,Paid Search,Annual,56,8260.0,99120.0,1.0,96.0,20,46800.0,2023-01-20,,0,0.0
RIQ-01675,Basic,Healthcare,Delhi,Organic Search,Monthly,10,540.0,6480.0,2.0,36.0,9,4500.0,2023-04-20,2024-02-26,1,6480.0
RIQ-01676,Pro,Fintech,Delhi,Paid Search,Annual,13,1940.0,23280.0,1.0,46.0,10,6700.0,2022-01-12,,0,0.0
RIQ-01677,Basic,Fintech,Hyderabad,Organic Search,Monthly,34,830.0,9960.0,2.0,40.0,7,2100.0,2023-06-06,2026-03-14,1,9960.0
RIQ-01678,Pro,Fintech,Bengaluru,Paid Search,Annual,17,1770.0,21240.0,1.0,51.0,18,9500.0,2022-04-07,2023-09-09,1,21240.0
RIQ-01679,Pro,Healthcare,Chennai,Paid Search,Monthly,10,2200.0,26400.0,0.0,65.0,18,8900.0,2022-11-02,2023-09-01,1,26400.0
RIQ-01680,Enterprise,Edtech,Delhi,Paid Search,Annual,9,9310.0,111720.0,3.0,69.0,26,20800.0,2023-07-05,,0,0.0
RIQ-01681,Basic,Edtech,Chennai,Organic Search,Monthly,12,780.0,9360.0,2.0,29.0,4,4400.0,2023-07-04,2024-07-08,1,9360.0
RIQ-01682,Basic,Edtech,Bengaluru,Social Media,Monthly,16,790.0,9480.0,3.0,28.0,1,4300.0,2023-10-30,2025-02-09,1,9480.0
RIQ-01683,Enterprise,Fintech,Chennai,Organic Search,Monthly,12,5590.0,67080.0,0.0,87.0,20,37900.0,2023-09-06,,0,0.0
RIQ-01684,Basic,Edtech,Pune,Referral,Monthly,11,660.0,7920.0,3.0,59.0,5,2400.0,2022-02-10,,0,0.0
RIQ-01685,Basic,E-commerce,Hyderabad,Referral,Monthly,6,780.0,9360.0,1.0,39.0,8,2300.0,2022-02-05,,0,0.0
RIQ-01686,Pro,Edtech,Chennai,Social Media,Annual,12,2470.0,29640.0,0.0,58.0,17,14500.0,2022-06-25,,0,0.0
RIQ-01687,Pro,Fintech,Delhi,Email Campaign,Monthly,3,1800.0,21600.0,0.0,50.0,10,8600.0,2023-06-16,,0,0.0
RIQ-01688,Basic,Fintech,Mumbai,Organic Search,Monthly,6,570.0,6840.0,6.0,47.0,1,2900.0,2023-05-18,2023-11-21,1,6840.0
RIQ-01689,Basic,E-commerce,Delhi,Organic Search,Monthly,32,800.0,9600.0,0.0,53.0,4,4100.0,2023-06-07,2026-01-13,1,9600.0
RIQ-01690,Basic,E-commerce,Mumbai,Organic Search,Monthly,5,520.0,6240.0,3.0,62.0,4,4600.0,2022-05-26,2022-10-17,1,6240.0
RIQ-01691,Basic,Healthcare,Delhi,Paid Search,Annual,12,780.0,9360.0,3.0,47.0,3,3100.0,2023-08-29,,0,0.0
RIQ-01692,Basic,E-commerce,Bengaluru,Paid Search,Annual,5,540.0,6480.0,1.0,0.0,3,2800.0,2022-09-19,,0,0.0
RIQ-01693,Basic,E-commerce,Delhi,Organic Search,Annual,9,730.0,8760.0,4.0,11.0,5,3300.0,2022-09-18,2023-06-21,1,8760.0
RIQ-01694,Pro,Healthcare,Mumbai,Direct,Monthly,60,1570.0,18840.0,2.0,31.0,20,12300.0,2022-10-03,,0,0.0
RIQ-01695,Pro,E-commerce,Delhi,Organic Search,Annual,23,1870.0,22440.0,1.0,87.0,15,11400.0,2023-11-05,2025-09-30,1,22440.0
RIQ-01696,Enterprise,Healthcare,Bengaluru,Social Media,Annual,2,5770.0,69240.0,1.0,66.0,27,29900.0,2023-03-21,,0,0.0
RIQ-01697,Basic,E-commerce,Mumbai,Social Media,Annual,13,630.0,7560.0,3.0,,1,4100.0,2023-06-29,2024-07-11,1,7560.0
RIQ-01698,Basic,Fintech,Chennai,Referral,Monthly,13,540.0,6480.0,4.0,24.0,3,4300.0,2022-12-08,,0,0.0
RIQ-01699,Basic,Edtech,Pune,Social Media,Monthly,7,640.0,7680.0,3.0,38.0,1,3100.0,2022-04-11,,0,0.0
RIQ-01700,Enterprise,Healthcare,Delhi,Direct,Annual,33,5520.0,66240.0,1.0,83.0,26,32300.0,2022-05-07,,0,0.0
RIQ-01701,Enterprise,Fintech,Delhi,Organic Search,Annual,10,9110.0,109320.0,2.0,93.0,21,42900.0,2023-05-17,,0,0.0
RIQ-01702,Basic,E-commerce,Chennai,Direct,Monthly,24,640.0,7680.0,5.0,51.0,5,3800.0,2022-10-05,,0,0.0
RIQ-01703,Basic,Edtech,Delhi,Organic Search,Monthly,2,970.0,11640.0,2.0,61.0,12,3000.0,2023-02-03,2023-03-25,1,11640.0
RIQ-01704,Basic,Fintech,Pune,Organic Search,Monthly,6,760.0,9120.0,1.0,49.0,12,4500.0,2023-09-01,2024-03-12,1,9120.0
RIQ-01705,Enterprise,Healthcare,Pune,Social Media,Annual,28,5050.0,60600.0,1.0,100.0,15,25700.0,2023-06-10,,0,0.0
RIQ-01706,Basic,Edtech,Mumbai,Social Media,Monthly,1,780.0,9360.0,1.0,94.0,1,4800.0,2022-10-01,2022-10-17,1,9360.0
RIQ-01707,Basic,Edtech,Pune,Social Media,Monthly,4,890.0,10680.0,5.0,60.0,7,3300.0,2023-11-26,2024-03-29,1,10680.0
RIQ-01708,Enterprise,Fintech,Chennai,Email Campaign,Annual,17,6770.0,81240.0,2.0,67.0,15,37100.0,2023-04-25,,0,0.0
RIQ-01709,Pro,E-commerce,Delhi,Email Campaign,Annual,11,2440.0,29280.0,1.0,47.0,17,13700.0,2022-08-23,,0,0.0
RIQ-01710,Enterprise,Edtech,Bengaluru,Social Media,Annual,12,7030.0,84360.0,1.0,82.0,20,23100.0,2022-11-17,,0,0.0
RIQ-01711,Enterprise,Fintech,Chennai,Paid Search,Annual,6,6200.0,74400.0,1.0,77.0,25,49700.0,2022-04-06,,0,0.0
RIQ-01712,Basic,E-commerce,Bengaluru,Direct,Monthly,15,780.0,9360.0,2.0,74.0,5,4600.0,2023-05-20,2024-08-22,1,9360.0
RIQ-01713,Enterprise,Healthcare,Hyderabad,Organic Search,Annual,5,7540.0,90480.0,0.0,58.0,23,59900.0,2022-05-20,,0,0.0
RIQ-01714,Basic,Edtech,Hyderabad,Direct,Monthly,18,940.0,11280.0,0.0,54.0,3,2000.0,2022-05-08,2023-10-27,1,11280.0
RIQ-01715,Basic,Fintech,Mumbai,Email Campaign,Monthly,1,500.0,6000.0,3.0,,1,3600.0,2023-03-12,2023-04-18,1,6000.0
RIQ-01716,Enterprise,E-commerce,Delhi,Social Media,Annual,6,8300.0,99600.0,2.0,71.0,27,58600.0,2023-06-25,2023-12-28,1,99600.0
RIQ-01717,Basic,E-commerce,Hyderabad,Social Media,Monthly,3,840.0,10080.0,1.0,45.0,10,2700.0,2023-06-21,2023-10-02,1,10080.0
RIQ-01718,Enterprise,E-commerce,Bengaluru,Direct,Annual,60,7570.0,90840.0,3.0,44.0,18,34900.0,2022-02-22,,0,0.0
RIQ-01719,Pro,E-commerce,Pune,Paid Search,Monthly,60,1610.0,19320.0,3.0,34.0,14,10900.0,2023-11-27,,0,0.0
RIQ-01720,Basic,Healthcare,Chennai,Social Media,Annual,6,560.0,6720.0,3.0,7.0,1,2900.0,2022-11-03,2023-05-02,1,6720.0
RIQ-01721,Basic,Healthcare,Pune,Email Campaign,Monthly,6,780.0,9360.0,2.0,41.0,6,4800.0,2022-08-11,,0,0.0
RIQ-01722,Basic,Healthcare,Delhi,Paid Search,Annual,8,760.0,9120.0,3.0,40.0,9,4800.0,2022-02-06,,0,0.0
RIQ-01723,Basic,Healthcare,Delhi,Paid Search,Annual,14,530.0,6360.0,0.0,45.0,1,3400.0,2022-01-07,2023-03-07,1,6360.0
RIQ-01724,Basic,Fintech,Pune,Direct,Monthly,13,670.0,8040.0,2.0,88.0,5,3200.0,2022-07-10,,0,0.0
RIQ-01725,Pro,E-commerce,Chennai,Referral,Monthly,5,1700.0,20400.0,0.0,53.0,13,7400.0,2023-06-26,,0,0.0
RIQ-01726,Pro,Fintech,Hyderabad,Referral,Monthly,1,1990.0,23880.0,0.0,43.0,12,8300.0,2022-06-09,,0,0.0
RIQ-01727,Pro,Fintech,Pune,Referral,Annual,22,1870.0,22440.0,0.0,49.0,10,7600.0,2023-01-09,,0,0.0
RIQ-01728,Pro,Fintech,Bengaluru,Direct,Monthly,20,1610.0,19320.0,1.0,78.0,12,10000.0,2023-03-26,,0,0.0
RIQ-01729,Basic,Healthcare,Delhi,Referral,Monthly,6,870.0,10440.0,4.0,40.0,8,4700.0,2022-01-06,2022-07-01,1,10440.0
RIQ-01730,Enterprise,E-commerce,Delhi,Direct,Monthly,46,6420.0,77040.0,0.0,78.0,22,56000.0,2022-05-17,,0,0.0
RIQ-01731,Basic,Fintech,Bengaluru,Referral,Annual,1,580.0,6960.0,1.0,23.0,5,3400.0,2022-07-23,2022-09-06,1,6960.0
RIQ-01732,Basic,Edtech,Pune,Social Media,Annual,13,710.0,8520.0,0.0,49.0,1,4400.0,2023-07-18,2024-08-11,1,8520.0
RIQ-01733,Basic,E-commerce,Hyderabad,Social Media,Monthly,14,880.0,10560.0,0.0,33.0,2,4200.0,2023-02-14,2024-04-10,1,10560.0
RIQ-01734,Basic,Healthcare,Delhi,Referral,Monthly,6,560.0,6720.0,3.0,17.0,8,2100.0,2022-04-21,2022-10-28,1,6720.0
RIQ-01735,Pro,E-commerce,Mumbai,Paid Search,Annual,4,2270.0,27240.0,1.0,48.0,17,13500.0,2022-08-31,,0,0.0
RIQ-01736,Enterprise,Healthcare,Pune,Email Campaign,Annual,14,7980.0,95760.0,2.0,48.0,22,39400.0,2022-01-09,,0,0.0
RIQ-01737,Pro,Fintech,Chennai,Social Media,Monthly,30,2260.0,27120.0,0.0,40.0,3,12600.0,2022-09-11,,0,0.0
RIQ-01738,Pro,Fintech,Hyderabad,Paid Search,Monthly,7,1780.0,21360.0,1.0,60.0,13,12300.0,2022-04-28,2022-12-06,1,21360.0
RIQ-01739,Pro,E-commerce,Bengaluru,Direct,Monthly,26,1930.0,23160.0,0.0,58.0,16,13300.0,2023-05-01,,0,0.0
RIQ-01740,Pro,Edtech,Hyderabad,Referral,Monthly,4,2000.0,24000.0,0.0,77.0,13,13700.0,2022-07-05,,0,0.0
RIQ-01741,Basic,Edtech,Hyderabad,Referral,Monthly,1,570.0,6840.0,2.0,51.0,2,3200.0,2022-05-04,2022-05-23,1,6840.0
RIQ-01742,Basic,Healthcare,Mumbai,Referral,Annual,1,570.0,6840.0,,40.0,1,2600.0,2022-01-19,2022-02-22,1,6840.0
RIQ-01743,Pro,Edtech,Delhi,Social Media,Annual,26,2020.0,24240.0,2.0,50.0,16,8000.0,2023-10-11,,0,0.0
RIQ-01744,Basic,Edtech,Hyderabad,Referral,Monthly,2,530.0,6360.0,2.0,79.0,11,2200.0,2023-03-14,2023-05-18,1,6360.0
RIQ-01745,Pro,Healthcare,Delhi,Referral,Annual,43,2440.0,29280.0,2.0,100.0,19,14100.0,2023-03-05,,0,0.0
RIQ-01746,Basic,E-commerce,Mumbai,Referral,Monthly,2,500.0,6000.0,2.0,52.0,4,4200.0,2023-11-08,,0,0.0
RIQ-01747,Pro,E-commerce,Mumbai,Direct,Monthly,21,2410.0,28920.0,0.0,49.0,20,8300.0,2022-04-14,,0,0.0
RIQ-01748,Pro,E-commerce,Delhi,Paid Search,Monthly,3,1830.0,21960.0,1.0,69.0,13,12100.0,2022-04-25,2022-07-12,1,21960.0
RIQ-01749,Basic,Fintech,Pune,Organic Search,Annual,17,560.0,6720.0,2.0,46.0,4,4200.0,2023-01-05,,0,0.0
RIQ-01750,Basic,E-commerce,Hyderabad,Referral,Annual,2,760.0,9120.0,0.0,73.0,1,2700.0,2023-01-16,,0,0.0
RIQ-01751,Pro,E-commerce,Hyderabad,Direct,Annual,38,1590.0,19080.0,1.0,73.0,15,12700.0,2022-04-19,,0,0.0
RIQ-01752,Enterprise,Edtech,Mumbai,Organic Search,Annual,30,7930.0,95160.0,1.0,89.0,24,37800.0,2023-11-02,,0,0.0
RIQ-01753,Pro,E-commerce,Delhi,Social Media,Annual,29,1600.0,19200.0,1.0,61.0,5,8700.0,2023-07-14,,0,0.0
RIQ-01754,Basic,E-commerce,Mumbai,Email Campaign,Monthly,1,880.0,10560.0,0.0,15.0,6,2500.0,2023-07-01,2023-08-08,1,10560.0
RIQ-01755,Basic,Edtech,Chennai,Organic Search,Monthly,4,850.0,10200.0,4.0,42.0,18,4700.0,2023-07-28,2023-11-21,1,10200.0
RIQ-01756,Pro,Fintech,Mumbai,Social Media,Annual,15,2410.0,28920.0,0.0,49.0,10,10700.0,2022-03-11,,0,0.0
RIQ-01757,Pro,E-commerce,Chennai,Referral,Monthly,9,2290.0,27480.0,0.0,42.0,9,12300.0,2022-06-20,,0,0.0
RIQ-01758,Basic,Edtech,Delhi,Social Media,Monthly,5,520.0,6240.0,4.0,,6,2200.0,2023-08-03,,0,0.0
RIQ-01759,Pro,Fintech,Pune,Direct,Monthly,16,2310.0,27720.0,2.0,71.0,11,13800.0,2023-05-22,,0,0.0
RIQ-01760,Basic,Edtech,Chennai,Referral,Monthly,7,580.0,6960.0,5.0,57.0,1,3700.0,2023-06-06,2023-12-30,1,6960.0
RIQ-01761,Pro,E-commerce,Mumbai,Social Media,Annual,4,1710.0,20520.0,1.0,31.0,16,8000.0,2022-01-04,,0,0.0
RIQ-01762,Enterprise,Healthcare,Bengaluru,Organic Search,Annual,33,9390.0,112680.0,1.0,63.0,20,41000.0,2023-06-10,,0,0.0
RIQ-01763,Basic,Healthcare,Bengaluru,Paid Search,Annual,4,650.0,7800.0,1.0,55.0,1,2900.0,2022-08-14,,0,0.0
RIQ-01764,Basic,Edtech,Pune,Organic Search,Annual,1,610.0,7320.0,2.0,58.0,11,2900.0,2023-07-01,2023-07-23,1,7320.0
RIQ-01765,Pro,E-commerce,Bengaluru,Social Media,Annual,8,1780.0,21360.0,1.0,34.0,14,6500.0,2022-05-17,2023-01-05,1,21360.0
RIQ-01766,Pro,Healthcare,Pune,Organic Search,Annual,16,2490.0,29880.0,0.0,70.0,16,6000.0,2022-08-04,,0,0.0
RIQ-01767,Basic,Edtech,Delhi,Direct,Monthly,16,800.0,9600.0,4.0,61.0,9,2200.0,2023-01-13,2024-05-02,1,9600.0
RIQ-01768,Basic,Healthcare,Mumbai,Social Media,Annual,13,860.0,10320.0,1.0,25.0,7,4700.0,2023-02-23,,0,0.0
RIQ-01769,Basic,Fintech,Delhi,Direct,Annual,17,810.0,9720.0,2.0,50.0,1,4500.0,2022-01-11,,0,0.0
RIQ-01770,Basic,Edtech,Mumbai,Referral,Annual,6,590.0,7080.0,2.0,61.0,4,4000.0,2022-01-17,2022-07-18,1,7080.0
RIQ-01771,Pro,Fintech,Mumbai,Organic Search,Annual,17,2080.0,24960.0,2.0,83.0,16,8300.0,2023-01-27,,0,0.0
RIQ-01772,Enterprise,E-commerce,Delhi,Referral,Annual,16,8020.0,96240.0,0.0,78.0,19,30800.0,2022-07-31,,0,0.0
RIQ-01773,Basic,Edtech,Delhi,Organic Search,Annual,3,790.0,9480.0,1.0,49.0,4,2500.0,2023-02-09,,0,0.0
RIQ-01774,Pro,E-commerce,Hyderabad,Organic Search,Monthly,18,1870.0,22440.0,4.0,67.0,13,7600.0,2023-05-06,,0,0.0
RIQ-01775,Basic,E-commerce,Pune,Organic Search,Annual,15,930.0,11160.0,3.0,35.0,5,3500.0,2022-07-13,2023-10-09,1,11160.0
RIQ-01776,Basic,Fintech,Bengaluru,Organic Search,Monthly,2,510.0,6120.0,0.0,48.0,2,2500.0,2022-06-16,2022-08-28,1,6120.0
RIQ-01777,Pro,E-commerce,Pune,Social Media,Monthly,3,1570.0,18840.0,0.0,64.0,18,10100.0,2022-03-15,,0,0.0
RIQ-01778,Pro,Fintech,Bengaluru,Email Campaign,Monthly,3,1900.0,22800.0,4.0,73.0,21,12800.0,2023-06-24,,0,0.0
RIQ-01779,Basic,Edtech,Delhi,Organic Search,Monthly,4,550.0,6600.0,3.0,27.0,5,2300.0,2023-01-29,2023-05-14,1,6600.0
RIQ-01780,Pro,E-commerce,Bengaluru,Email Campaign,Annual,4,2430.0,29160.0,0.0,53.0,14,6800.0,2022-05-16,,0,0.0
RIQ-01781,Basic,Edtech,Bengaluru,Organic Search,Monthly,22,810.0,9720.0,1.0,25.0,6,4400.0,2022-01-14,,0,0.0
RIQ-01782,Pro,Fintech,Mumbai,Referral,Annual,1,2040.0,24480.0,1.0,75.0,15,6800.0,2022-12-13,,0,0.0
RIQ-01783,Enterprise,Fintech,Chennai,Email Campaign,Annual,37,8800.0,105600.0,0.0,99.0,21,39200.0,2023-03-31,,0,0.0
RIQ-01784,Pro,Healthcare,Mumbai,Email Campaign,Monthly,26,1740.0,20880.0,0.0,54.0,13,11600.0,2023-07-11,,0,0.0
RIQ-01785,Basic,E-commerce,Pune,Social Media,Annual,9,910.0,10920.0,2.0,60.0,6,3600.0,2022-04-16,,0,0.0
RIQ-01786,Pro,E-commerce,Delhi,Organic Search,Annual,1,1910.0,22920.0,0.0,56.0,15,6200.0,2022-01-02,,0,0.0
RIQ-01787,Basic,Edtech,Mumbai,Direct,Monthly,16,570.0,6840.0,0.0,45.0,6,2900.0,2023-11-03,,0,0.0
RIQ-01788,Pro,E-commerce,Hyderabad,Organic Search,Monthly,11,2190.0,26280.0,0.0,53.0,10,14900.0,2022-04-26,,0,0.0
RIQ-01789,Basic,Healthcare,Chennai,Referral,Monthly,2,980.0,11760.0,2.0,56.0,13,3100.0,2022-10-16,,0,0.0
RIQ-01790,Basic,Edtech,Pune,Organic Search,Monthly,10,960.0,11520.0,2.0,35.0,1,4700.0,2022-03-28,,0,0.0
RIQ-01791,Pro,E-commerce,Chennai,Referral,Annual,6,2030.0,24360.0,,62.0,15,9800.0,2023-09-07,,0,0.0
RIQ-01792,Pro,E-commerce,Chennai,Direct,Annual,8,2190.0,26280.0,3.0,81.0,13,9100.0,2023-10-02,,0,0.0
RIQ-01793,Pro,E-commerce,Pune,Paid Search,Monthly,6,2420.0,29040.0,1.0,100.0,19,13300.0,2023-11-09,2024-05-03,1,29040.0
RIQ-01794,Pro,Edtech,Bengaluru,Referral,Annual,39,1580.0,18960.0,1.0,70.0,13,14800.0,2022-01-03,,0,0.0
RIQ-01795,Basic,Fintech,Delhi,Organic Search,Annual,1,570.0,6840.0,1.0,12.0,7,3300.0,2022-06-01,2022-06-28,1,6840.0
RIQ-01796,Basic,E-commerce,Delhi,Organic Search,Monthly,7,910.0,10920.0,2.0,52.0,5,3300.0,2022-04-26,2022-11-25,1,10920.0
RIQ-01797,Basic,Fintech,Chennai,Direct,Monthly,12,660.0,7920.0,2.0,40.0,5,2500.0,2022-05-11,,0,0.0
RIQ-01798,Basic,E-commerce,Mumbai,Paid Search,Monthly,21,710.0,8520.0,5.0,33.0,12,4400.0,2023-02-28,2024-11-23,1,8520.0
RIQ-01799,Basic,Healthcare,Chennai,Social Media,Monthly,1,830.0,9960.0,4.0,63.0,5,3300.0,2022-09-09,2022-10-06,1,9960.0
RIQ-01800,Basic,Edtech,Mumbai,Paid Search,Monthly,1,770.0,9240.0,1.0,46.0,4,2300.0,2022-08-24,2022-09-20,1,9240.0
RIQ-01801,Pro,Healthcare,Chennai,Organic Search,Monthly,26,2280.0,27360.0,0.0,59.0,12,8100.0,2022-08-13,,0,0.0
RIQ-01802,Pro,Fintech,Delhi,Paid Search,Annual,6,2490.0,29880.0,0.0,31.0,8,10300.0,2022-01-18,,0,0.0
RIQ-01803,Pro,Edtech,Delhi,Email Campaign,Monthly,31,1610.0,19320.0,1.0,62.0,11,13800.0,2022-12-24,2025-07-07,1,19320.0
RIQ-01804,Pro,Edtech,Hyderabad,Email Campaign,Annual,3,1790.0,21480.0,2.0,82.0,20,11000.0,2022-05-28,,0,0.0
RIQ-01805,Basic,Healthcare,Bengaluru,Organic Search,Monthly,6,710.0,8520.0,1.0,39.0,13,2700.0,2022-08-04,2023-02-11,1,8520.0
RIQ-01806,Basic,Fintech,Pune,Direct,Annual,2,850.0,10200.0,4.0,79.0,2,3100.0,2022-05-27,,0,0.0
RIQ-01807,Basic,Healthcare,Mumbai,Direct,Monthly,16,680.0,8160.0,2.0,46.0,2,4000.0,2022-04-19,,0,0.0
RIQ-01808,Basic,Fintech,Hyderabad,Paid Search,Annual,3,930.0,11160.0,3.0,35.0,13,2400.0,2022-01-31,,0,0.0
RIQ-01809,Pro,Edtech,Mumbai,Email Campaign,Monthly,10,1510.0,18120.0,0.0,44.0,18,7600.0,2023-03-03,,0,0.0
RIQ-01810,Basic,E-commerce,Hyderabad,Email Campaign,Annual,1,870.0,10440.0,2.0,29.0,5,3400.0,2022-11-03,,0,0.0
RIQ-01811,Basic,Healthcare,Pune,Paid Search,Monthly,10,820.0,9840.0,0.0,46.0,8,2900.0,2022-01-14,,0,0.0
RIQ-01812,Pro,Healthcare,Bengaluru,Direct,Annual,14,1530.0,18360.0,0.0,66.0,16,6100.0,2022-06-27,,0,0.0
RIQ-01813,Basic,Edtech,Delhi,Referral,Annual,14,840.0,10080.0,5.0,51.0,6,3700.0,2023-04-11,,0,0.0
RIQ-01814,Enterprise,E-commerce,Delhi,Direct,Annual,5,7510.0,90120.0,0.0,100.0,15,58900.0,2022-08-21,,0,0.0
RIQ-01815,Enterprise,Healthcare,Delhi,Social Media,Annual,34,7610.0,91320.0,1.0,42.0,17,22200.0,2022-05-09,,0,0.0
RIQ-01816,Pro,Fintech,Pune,Paid Search,Annual,24,1890.0,22680.0,0.0,88.0,13,6700.0,2023-07-27,,0,0.0
RIQ-01817,Pro,Healthcare,Bengaluru,Email Campaign,Annual,60,1980.0,23760.0,2.0,80.0,6,13400.0,2023-10-31,,0,0.0
RIQ-01818,Enterprise,E-commerce,Hyderabad,Social Media,Annual,19,9020.0,108240.0,1.0,75.0,18,24200.0,2023-10-25,,0,0.0
RIQ-01819,Enterprise,E-commerce,Bengaluru,Referral,Annual,60,6810.0,81720.0,2.0,68.0,17,41700.0,2022-12-10,,0,0.0
RIQ-01820,Pro,Fintech,Bengaluru,Referral,Annual,3,1560.0,18720.0,0.0,58.0,7,14200.0,2023-09-04,,0,0.0
RIQ-01821,Basic,E-commerce,Chennai,Social Media,Monthly,8,600.0,7200.0,2.0,65.0,9,2800.0,2022-02-03,2022-09-23,1,7200.0
RIQ-01822,Pro,Healthcare,Mumbai,Paid Search,Monthly,32,2060.0,24720.0,0.0,46.0,7,8800.0,2023-05-11,,0,0.0
RIQ-01823,Basic,Healthcare,Bengaluru,Social Media,Monthly,4,500.0,6000.0,2.0,44.0,9,2800.0,2023-01-01,2023-05-10,1,6000.0
RIQ-01824,Pro,Edtech,Delhi,Email Campaign,Monthly,15,2250.0,27000.0,1.0,44.0,18,12300.0,2022-12-31,,0,0.0
RIQ-01825,Basic,Fintech,Mumbai,Paid Search,Monthly,1,700.0,8400.0,2.0,56.0,5,3500.0,2023-05-31,2023-06-18,1,8400.0
RIQ-01826,Enterprise,Healthcare,Pune,Paid Search,Annual,60,8980.0,107760.0,2.0,72.0,22,31600.0,2023-05-04,,0,0.0
RIQ-01827,Basic,Edtech,Pune,Organic Search,Monthly,5,570.0,6840.0,1.0,26.0,3,4700.0,2023-04-20,2023-09-04,1,6840.0
RIQ-01828,Enterprise,Edtech,Delhi,Organic Search,Annual,50,9420.0,113040.0,1.0,88.0,15,26400.0,2023-11-29,,0,0.0
RIQ-01829,Pro,Fintech,Chennai,Organic Search,Annual,60,2460.0,29520.0,1.0,52.0,24,11500.0,2023-06-13,,0,0.0
RIQ-01830,Basic,Edtech,Bengaluru,Paid Search,Monthly,22,880.0,10560.0,1.0,47.0,1,2400.0,2023-04-04,2025-02-02,1,10560.0
RIQ-01831,Basic,E-commerce,Pune,Referral,Annual,4,970.0,11640.0,0.0,42.0,6,4700.0,2022-02-10,,0,0.0
RIQ-01832,Basic,Fintech,Pune,Paid Search,Monthly,5,600.0,7200.0,3.0,34.0,3,2200.0,2023-09-18,2024-02-19,1,7200.0
RIQ-01833,Pro,E-commerce,Delhi,Referral,Monthly,6,2000.0,24000.0,0.0,70.0,17,13800.0,2022-01-16,,0,0.0
RIQ-01834,Basic,Fintech,Bengaluru,Social Media,Monthly,4,980.0,11760.0,1.0,60.0,2,2300.0,2022-03-31,2022-07-29,1,11760.0
RIQ-01835,Basic,Fintech,Pune,Paid Search,Monthly,6,580.0,6960.0,0.0,12.0,1,3100.0,2022-10-14,2023-04-15,1,6960.0
RIQ-01836,Basic,Fintech,Pune,Direct,Annual,13,880.0,10560.0,2.0,48.0,7,4900.0,2022-09-22,2023-10-17,1,10560.0
RIQ-01837,Pro,Healthcare,Pune,Organic Search,Monthly,45,2420.0,29040.0,0.0,89.0,17,9300.0,2022-05-07,2026-01-19,1,29040.0
RIQ-01838,Pro,Edtech,Mumbai,Email Campaign,Annual,31,1910.0,22920.0,1.0,98.0,16,7200.0,2023-09-27,,0,0.0
RIQ-01839,Basic,Healthcare,Bengaluru,Referral,Monthly,22,920.0,11040.0,4.0,69.0,1,3100.0,2022-11-18,,0,0.0
RIQ-01840,Basic,Healthcare,Pune,Email Campaign,Monthly,11,630.0,7560.0,2.0,44.0,10,3900.0,2023-11-30,2024-10-11,1,7560.0
RIQ-01841,Basic,Fintech,Hyderabad,Paid Search,Monthly,16,620.0,7440.0,2.0,31.0,11,2000.0,2023-07-29,,0,0.0
RIQ-01842,Basic,Healthcare,Hyderabad,Social Media,Monthly,8,580.0,6960.0,0.0,51.0,6,4600.0,2023-02-13,,0,0.0
RIQ-01843,Basic,Fintech,Mumbai,Social Media,Monthly,32,830.0,9960.0,1.0,74.0,13,3400.0,2022-12-24,,0,0.0
RIQ-01844,Basic,Healthcare,Pune,Organic Search,Monthly,5,730.0,8760.0,4.0,20.0,1,4200.0,2022-03-29,2022-08-16,1,8760.0
RIQ-01845,Basic,E-commerce,Mumbai,Social Media,Monthly,3,880.0,10560.0,1.0,49.0,7,3000.0,2022-07-24,2022-10-19,1,10560.0
RIQ-01846,Basic,Healthcare,Delhi,Social Media,Annual,13,740.0,8880.0,4.0,34.0,6,2300.0,2023-05-03,,0,0.0
RIQ-01847,Pro,Healthcare,Pune,Organic Search,Annual,5,2450.0,29400.0,2.0,39.0,13,8900.0,2022-05-30,,0,0.0
RIQ-01848,Basic,Fintech,Delhi,Direct,Monthly,1,800.0,9600.0,0.0,0.0,11,4800.0,2023-01-25,2023-02-10,1,9600.0
RIQ-01849,Basic,Healthcare,Mumbai,Direct,Monthly,8,740.0,8880.0,1.0,16.0,6,4600.0,2022-02-25,2022-10-14,1,8880.0
RIQ-01850,Pro,Fintech,Mumbai,Social Media,Annual,26,1770.0,21240.0,0.0,65.0,17,7300.0,2023-10-13,,0,0.0
RIQ-01851,Enterprise,Fintech,Bengaluru,Social Media,Annual,1,5410.0,64920.0,2.0,100.0,27,46800.0,2023-04-08,,0,0.0
RIQ-01852,Basic,Edtech,Mumbai,Paid Search,Annual,1,630.0,7560.0,5.0,18.0,4,2300.0,2022-02-25,,0,0.0
RIQ-01853,Basic,E-commerce,Hyderabad,Direct,Annual,12,880.0,10560.0,1.0,63.0,4,2600.0,2022-06-18,,0,0.0
RIQ-01854,Basic,Healthcare,Hyderabad,Direct,Monthly,7,770.0,9240.0,4.0,67.0,1,4100.0,2022-06-14,2023-01-25,1,9240.0
RIQ-01855,Pro,Fintech,Pune,Paid Search,Monthly,5,1890.0,22680.0,1.0,72.0,10,14000.0,2022-01-11,,0,0.0
RIQ-01856,Basic,Fintech,Hyderabad,Direct,Annual,10,860.0,10320.0,4.0,36.0,12,3800.0,2023-08-16,,0,0.0
RIQ-01857,Enterprise,Healthcare,Delhi,Social Media,Annual,4,9690.0,116280.0,0.0,69.0,25,57400.0,2022-11-21,,0,0.0
RIQ-01858,Pro,E-commerce,Delhi,Social Media,Monthly,8,2000.0,24000.0,3.0,82.0,11,14700.0,2022-11-21,,0,0.0
RIQ-01859,Basic,E-commerce,Delhi,Social Media,Monthly,12,760.0,9120.0,0.0,67.0,9,5000.0,2022-01-04,,0,0.0
RIQ-01860,Basic,Fintech,Chennai,Referral,Monthly,8,820.0,9840.0,4.0,39.0,7,4900.0,2023-10-17,,0,0.0
RIQ-01861,Pro,Healthcare,Chennai,Social Media,Annual,18,2480.0,29760.0,1.0,90.0,12,13000.0,2023-03-07,,0,0.0
RIQ-01862,Pro,E-commerce,Hyderabad,Social Media,Monthly,10,1720.0,20640.0,3.0,90.0,15,12100.0,2022-08-03,2023-06-14,1,20640.0
RIQ-01863,Basic,Edtech,Delhi,Direct,Monthly,7,680.0,8160.0,2.0,67.0,1,2900.0,2023-01-08,2023-07-22,1,8160.0
RIQ-01864,Pro,Fintech,Mumbai,Email Campaign,Annual,14,1620.0,19440.0,1.0,36.0,12,10100.0,2023-05-27,,0,0.0
RIQ-01865,Enterprise,Edtech,Mumbai,Social Media,Annual,2,6760.0,81120.0,3.0,91.0,19,33400.0,2023-07-10,,0,0.0
RIQ-01866,Pro,Healthcare,Bengaluru,Paid Search,Annual,12,2430.0,29160.0,2.0,33.0,14,7600.0,2023-04-15,,0,0.0
RIQ-01867,Pro,E-commerce,Delhi,Direct,Annual,5,2040.0,24480.0,0.0,62.0,10,11900.0,2023-01-26,,0,0.0
RIQ-01868,Pro,E-commerce,Pune,Email Campaign,Monthly,60,2130.0,25560.0,1.0,88.0,11,14200.0,2023-09-28,,0,0.0
RIQ-01869,Basic,Edtech,Bengaluru,Paid Search,Monthly,1,540.0,6480.0,1.0,31.0,13,3900.0,2022-04-17,2022-05-04,1,6480.0
RIQ-01870,Basic,Healthcare,Hyderabad,Organic Search,Monthly,2,750.0,9000.0,1.0,50.0,5,3600.0,2023-10-01,2023-12-14,1,9000.0
RIQ-01871,Pro,Healthcare,Mumbai,Email Campaign,Annual,35,2300.0,27600.0,0.0,65.0,13,9800.0,2023-11-15,,0,0.0
RIQ-01872,Pro,Edtech,Bengaluru,Paid Search,Monthly,6,1950.0,23400.0,3.0,52.0,16,13700.0,2023-01-26,,0,0.0
RIQ-01873,Basic,E-commerce,Mumbai,Social Media,Annual,12,670.0,8040.0,5.0,42.0,8,4700.0,2023-04-21,2024-04-13,1,8040.0
RIQ-01874,Pro,Fintech,Chennai,Email Campaign,Monthly,8,1890.0,22680.0,1.0,50.0,10,10600.0,2023-01-19,,0,0.0
RIQ-01875,Enterprise,Healthcare,Mumbai,Organic Search,Annual,8,8290.0,99480.0,0.0,71.0,18,36600.0,2022-11-11,,0,0.0
RIQ-01876,Basic,Edtech,Hyderabad,Email Campaign,Monthly,4,620.0,7440.0,0.0,31.0,4,2000.0,2023-03-01,2023-06-15,1,7440.0
RIQ-01877,Basic,E-commerce,Hyderabad,Organic Search,Monthly,7,910.0,10920.0,1.0,51.0,9,3000.0,2023-09-07,,0,0.0
RIQ-01878,Pro,Edtech,Delhi,Email Campaign,Annual,5,1930.0,23160.0,1.0,64.0,14,7700.0,2023-07-24,,0,0.0
RIQ-01879,Enterprise,Fintech,Hyderabad,Direct,Monthly,1,9140.0,109680.0,4.0,76.0,24,59100.0,2023-08-15,2023-09-12,1,109680.0
RIQ-01880,Basic,Edtech,Bengaluru,Social Media,Monthly,20,590.0,7080.0,4.0,59.0,9,2500.0,2022-11-22,2024-07-15,1,7080.0
RIQ-01881,Basic,E-commerce,Delhi,Paid Search,Annual,9,560.0,6720.0,6.0,40.0,5,3700.0,2022-05-02,2023-02-01,1,6720.0
RIQ-01882,Basic,Healthcare,Bengaluru,Referral,Monthly,20,960.0,11520.0,2.0,62.0,3,4800.0,2023-07-21,2025-03-02,1,11520.0
RIQ-01883,Basic,Edtech,Bengaluru,Referral,Annual,6,720.0,8640.0,1.0,59.0,12,3800.0,2023-10-06,2024-04-12,1,8640.0
RIQ-01884,Enterprise,Fintech,Pune,Paid Search,Monthly,38,9600.0,115200.0,1.0,100.0,17,49400.0,2022-03-22,,0,0.0
RIQ-01885,Basic,E-commerce,Hyderabad,Organic Search,Monthly,29,990.0,11880.0,4.0,38.0,7,3900.0,2023-10-12,,0,0.0
RIQ-01886,Pro,E-commerce,Delhi,Referral,Annual,8,2400.0,28800.0,2.0,68.0,10,13600.0,2022-11-01,,0,0.0
RIQ-01887,Basic,Edtech,Mumbai,Social Media,Monthly,12,900.0,10800.0,2.0,81.0,1,2800.0,2023-01-23,2024-01-27,1,10800.0
RIQ-01888,Pro,Fintech,Mumbai,Referral,Monthly,21,1640.0,19680.0,3.0,71.0,19,11200.0,2022-01-24,,0,0.0
RIQ-01889,Pro,Fintech,Mumbai,Referral,Monthly,6,1960.0,23520.0,1.0,41.0,18,7300.0,2023-09-03,,0,0.0
RIQ-01890,Basic,Fintech,Chennai,Direct,Annual,3,590.0,7080.0,4.0,14.0,2,4500.0,2022-03-21,2022-06-19,1,7080.0
RIQ-01891,Pro,Fintech,Chennai,Direct,Monthly,9,1600.0,19200.0,3.0,42.0,9,14600.0,2022-01-23,2022-10-18,1,19200.0
RIQ-01892,Basic,Fintech,Bengaluru,Referral,Monthly,1,840.0,10080.0,4.0,39.0,6,2900.0,2023-01-20,2023-03-04,1,10080.0
RIQ-01893,Pro,Edtech,Hyderabad,Paid Search,Monthly,32,1680.0,20160.0,1.0,78.0,12,11900.0,2022-01-11,,0,0.0
RIQ-01894,Pro,Edtech,Delhi,Social Media,Monthly,4,2350.0,28200.0,0.0,59.0,12,14900.0,2022-05-01,,0,0.0
RIQ-01895,Pro,Fintech,Mumbai,Organic Search,Annual,27,2110.0,25320.0,1.0,79.0,4,10700.0,2023-07-14,,0,0.0
RIQ-01896,Pro,Fintech,Chennai,Email Campaign,Monthly,6,1620.0,19440.0,3.0,64.0,13,10700.0,2023-09-13,2024-02-25,1,19440.0
RIQ-01897,Basic,Healthcare,Mumbai,Referral,Annual,1,610.0,7320.0,0.0,33.0,5,2300.0,2023-01-09,,0,0.0
RIQ-01898,Pro,E-commerce,Bengaluru,Organic Search,Monthly,6,1720.0,20640.0,2.0,69.0,13,10300.0,2022-05-10,,0,0.0
RIQ-01899,Enterprise,Edtech,Delhi,Email Campaign,Annual,5,6740.0,80880.0,0.0,69.0,27,52400.0,2023-07-19,,0,0.0
RIQ-01900,Pro,E-commerce,Delhi,Paid Search,Monthly,8,1940.0,23280.0,2.0,48.0,10,8300.0,2023-02-14,,0,0.0
RIQ-01901,Basic,Fintech,Pune,Social Media,Monthly,1,920.0,11040.0,3.0,47.0,10,3200.0,2022-10-15,2022-11-29,1,11040.0
RIQ-01902,Basic,Edtech,Chennai,Referral,Monthly,3,650.0,7800.0,2.0,58.0,4,4200.0,2022-07-30,2022-11-12,1,7800.0
RIQ-01903,Basic,Edtech,Bengaluru,Paid Search,Monthly,8,800.0,9600.0,0.0,47.0,1,4400.0,2022-10-06,,0,0.0
RIQ-01904,Basic,Fintech,Delhi,Social Media,Monthly,12,710.0,8520.0,3.0,55.0,11,3100.0,2023-08-04,,0,0.0
RIQ-01905,Enterprise,Edtech,Bengaluru,Organic Search,Monthly,13,7250.0,87000.0,1.0,100.0,22,36400.0,2022-02-04,,0,0.0
RIQ-01906,Enterprise,E-commerce,Mumbai,Social Media,Annual,35,8020.0,96240.0,1.0,53.0,25,35900.0,2023-10-23,,0,0.0
RIQ-01907,Basic,Fintech,Pune,Email Campaign,Annual,11,560.0,6720.0,1.0,,4,3300.0,2022-11-27,,0,0.0
RIQ-01908,Basic,Edtech,Hyderabad,Referral,Monthly,9,610.0,7320.0,2.0,32.0,4,2400.0,2023-01-16,2023-10-09,1,7320.0
RIQ-01909,Enterprise,Healthcare,Delhi,Organic Search,Annual,7,8440.0,101280.0,2.0,68.0,26,32900.0,2022-12-03,,0,0.0
RIQ-01910,Basic,Edtech,Pune,Email Campaign,Annual,7,620.0,7440.0,1.0,46.0,7,3200.0,2022-03-09,,0,0.0
RIQ-01911,Basic,Edtech,Hyderabad,Email Campaign,Annual,6,550.0,6600.0,2.0,41.0,7,4100.0,2022-10-12,,0,0.0
RIQ-01912,Pro,Healthcare,Hyderabad,Email Campaign,Annual,3,2170.0,26040.0,2.0,77.0,16,9800.0,2023-08-11,,0,0.0
RIQ-01913,Pro,Edtech,Hyderabad,Social Media,Monthly,15,1820.0,21840.0,1.0,80.0,15,13200.0,2022-11-24,2024-02-08,1,21840.0
RIQ-01914,Basic,Fintech,Mumbai,Paid Search,Monthly,3,990.0,11880.0,1.0,68.0,2,2400.0,2023-03-08,2023-05-25,1,11880.0
RIQ-01915,Pro,Edtech,Chennai,Paid Search,Annual,21,1880.0,22560.0,1.0,61.0,17,6200.0,2023-08-14,,0,0.0
RIQ-01916,Basic,Fintech,Delhi,Social Media,Monthly,4,790.0,9480.0,2.0,27.0,13,3400.0,2022-01-05,2022-05-19,1,9480.0
RIQ-01917,Basic,E-commerce,Chennai,Social Media,Monthly,1,520.0,6240.0,1.0,22.0,7,3600.0,2023-07-01,2023-08-14,1,6240.0
RIQ-01918,Pro,Edtech,Bengaluru,Referral,Annual,10,1970.0,23640.0,2.0,71.0,14,8500.0,2023-03-02,,0,0.0
RIQ-01919,Basic,Edtech,Chennai,Paid Search,Monthly,28,700.0,8400.0,0.0,42.0,9,4300.0,2023-07-24,,0,0.0
RIQ-01920,Basic,E-commerce,Mumbai,Referral,Annual,31,650.0,7800.0,0.0,21.0,5,3500.0,2023-04-11,,0,0.0
RIQ-01921,Basic,E-commerce,Bengaluru,Email Campaign,Monthly,6,920.0,11040.0,0.0,69.0,7,2100.0,2023-09-25,2024-03-11,1,11040.0
RIQ-01922,Basic,Fintech,Bengaluru,Social Media,Monthly,3,550.0,6600.0,2.0,48.0,9,4100.0,2022-11-27,2023-03-09,1,6600.0
RIQ-01923,Enterprise,Edtech,Pune,Paid Search,Annual,24,5950.0,71400.0,3.0,66.0,20,20200.0,2023-01-13,,0,0.0
RIQ-01924,Enterprise,Fintech,Bengaluru,Direct,Monthly,5,8440.0,101280.0,1.0,76.0,21,24400.0,2022-02-23,,0,0.0
RIQ-01925,Basic,Healthcare,Hyderabad,Referral,Monthly,7,970.0,11640.0,2.0,52.0,2,3000.0,2022-03-18,2022-10-07,1,11640.0
RIQ-01926,Pro,Fintech,Hyderabad,Social Media,Annual,9,1770.0,21240.0,2.0,84.0,12,11300.0,2022-06-24,,0,0.0
RIQ-01927,Basic,Fintech,Chennai,Email Campaign,Monthly,13,660.0,7920.0,1.0,31.0,1,3800.0,2022-06-01,2023-07-05,1,7920.0
RIQ-01928,Pro,Edtech,Delhi,Organic Search,Monthly,36,2140.0,25680.0,0.0,34.0,15,8200.0,2023-11-16,2026-10-19,1,25680.0
RIQ-01929,Pro,E-commerce,Chennai,Organic Search,Annual,20,1990.0,23880.0,0.0,47.0,14,12600.0,2022-10-15,,0,0.0
RIQ-01930,Basic,Healthcare,Bengaluru,Direct,Annual,20,630.0,7560.0,1.0,16.0,5,4100.0,2022-10-31,,0,0.0
RIQ-01931,Pro,Healthcare,Pune,Paid Search,Annual,9,1740.0,20880.0,1.0,58.0,9,7900.0,2023-10-25,,0,0.0
RIQ-01932,Pro,Edtech,Delhi,Referral,Monthly,26,2470.0,29640.0,0.0,44.0,15,12000.0,2022-03-03,,0,0.0
RIQ-01933,Enterprise,Fintech,Hyderabad,Email Campaign,Annual,60,6920.0,83040.0,1.0,61.0,21,43600.0,2023-05-15,,0,0.0
RIQ-01934,Pro,Healthcare,Mumbai,Social Media,Annual,2,2030.0,24360.0,0.0,61.0,17,12400.0,2022-11-17,2023-01-25,1,24360.0
RIQ-01935,Basic,Fintech,Mumbai,Paid Search,Monthly,1,920.0,11040.0,7.0,67.0,4,2400.0,2022-04-19,2022-06-02,1,11040.0
RIQ-01936,Enterprise,E-commerce,Chennai,Referral,Annual,12,7260.0,87120.0,2.0,87.0,24,27500.0,2023-09-28,,0,0.0
RIQ-01937,Basic,E-commerce,Mumbai,Referral,Monthly,4,640.0,7680.0,2.0,60.0,7,2900.0,2022-06-18,2022-10-22,1,7680.0
RIQ-01938,Pro,Edtech,Mumbai,Social Media,Annual,25,1650.0,19800.0,0.0,93.0,20,8200.0,2022-04-20,,0,0.0
RIQ-01939,Basic,Edtech,Delhi,Referral,Annual,9,590.0,7080.0,5.0,50.0,13,3400.0,2022-01-30,,0,0.0
RIQ-01940,Pro,Healthcare,Hyderabad,Email Campaign,Monthly,2,1620.0,19440.0,0.0,25.0,17,7900.0,2023-07-18,2023-09-03,1,19440.0
RIQ-01941,Basic,E-commerce,Mumbai,Social Media,Annual,8,710.0,8520.0,2.0,65.0,5,3300.0,2022-12-08,2023-07-22,1,8520.0
RIQ-01942,Basic,Edtech,Bengaluru,Social Media,Annual,4,690.0,8280.0,1.0,31.0,2,2900.0,2023-03-09,2023-06-28,1,8280.0
RIQ-01943,Pro,Healthcare,Hyderabad,Paid Search,Monthly,51,2030.0,24360.0,2.0,83.0,13,7000.0,2023-05-21,,0,0.0
RIQ-01944,Basic,E-commerce,Hyderabad,Social Media,Monthly,3,620.0,7440.0,3.0,58.0,5,2300.0,2022-04-24,2022-07-15,1,7440.0
RIQ-01945,Enterprise,Edtech,Hyderabad,Paid Search,Annual,9,6190.0,74280.0,2.0,64.0,16,44800.0,2023-06-29,,0,0.0
RIQ-01946,Basic,Healthcare,Hyderabad,Social Media,Annual,8,860.0,10320.0,0.0,58.0,5,3200.0,2023-02-06,,0,0.0
RIQ-01947,Basic,Fintech,Delhi,Organic Search,Monthly,6,840.0,10080.0,1.0,44.0,5,2500.0,2023-05-23,2023-11-10,1,10080.0
RIQ-01948,Basic,E-commerce,Pune,Organic Search,Monthly,6,850.0,10200.0,4.0,68.0,11,2000.0,2022-10-22,2023-04-28,1,10200.0
RIQ-01949,Enterprise,E-commerce,Bengaluru,Social Media,Annual,47,8110.0,97320.0,2.0,71.0,19,26800.0,2022-11-09,,0,0.0
RIQ-01950,Enterprise,Edtech,Hyderabad,Social Media,Annual,5,8410.0,100920.0,1.0,72.0,23,25700.0,2022-06-20,,0,0.0
RIQ-01951,Basic,E-commerce,Mumbai,Social Media,Annual,1,510.0,6120.0,4.0,12.0,5,3000.0,2023-05-01,2023-05-29,1,6120.0
RIQ-01952,Basic,Fintech,Bengaluru,Email Campaign,Annual,3,540.0,6480.0,3.0,46.0,7,4300.0,2023-11-27,,0,0.0
RIQ-01953,Basic,E-commerce,Hyderabad,Social Media,Monthly,13,740.0,8880.0,4.0,64.0,5,3500.0,2022-01-02,,0,0.0
RIQ-01954,Enterprise,Fintech,Delhi,Paid Search,Annual,10,9090.0,109080.0,0.0,62.0,21,29100.0,2023-08-04,,0,0.0
RIQ-01955,Basic,Edtech,Chennai,Referral,Annual,6,750.0,9000.0,3.0,37.0,9,2300.0,2022-05-31,2022-12-06,1,9000.0
RIQ-01956,Enterprise,Healthcare,Mumbai,Direct,Annual,3,7260.0,87120.0,0.0,77.0,21,39500.0,2022-12-26,,0,0.0
RIQ-01957,Pro,Healthcare,Pune,Paid Search,Monthly,6,1860.0,22320.0,0.0,42.0,15,8700.0,2022-01-14,,0,0.0
RIQ-01958,Basic,Fintech,Delhi,Organic Search,Annual,4,760.0,9120.0,2.0,68.0,3,4600.0,2023-11-11,,0,0.0
RIQ-01959,Enterprise,Fintech,Delhi,Email Campaign,Monthly,20,5560.0,66720.0,0.0,56.0,19,59100.0,2023-06-16,,0,0.0
RIQ-01960,Basic,Healthcare,Chennai,Social Media,Monthly,15,930.0,11160.0,2.0,41.0,5,3100.0,2023-11-07,2025-01-19,1,11160.0
RIQ-01961,Basic,E-commerce,Chennai,Paid Search,Monthly,3,850.0,10200.0,4.0,34.0,1,2600.0,2023-03-18,2023-06-12,1,10200.0
RIQ-01962,Pro,E-commerce,Hyderabad,Paid Search,Monthly,10,1880.0,22560.0,2.0,71.0,17,13900.0,2022-04-21,,0,0.0
RIQ-01963,Pro,Edtech,Mumbai,Social Media,Annual,3,2400.0,28800.0,1.0,46.0,16,13900.0,2023-04-06,,0,0.0
RIQ-01964,Basic,Fintech,Hyderabad,Paid Search,Monthly,4,950.0,11400.0,2.0,55.0,12,3000.0,2022-12-24,2023-05-06,1,11400.0
RIQ-01965,Basic,Edtech,Bengaluru,Social Media,Annual,12,640.0,7680.0,2.0,64.0,1,3700.0,2022-07-15,2023-06-26,1,7680.0
RIQ-01966,Pro,Healthcare,Pune,Organic Search,Monthly,29,1620.0,19440.0,4.0,60.0,11,13100.0,2023-04-11,,0,0.0
RIQ-01967,Pro,Edtech,Hyderabad,Email Campaign,Monthly,9,1610.0,19320.0,1.0,67.0,15,12200.0,2022-01-09,,0,0.0
RIQ-01968,Basic,Healthcare,Pune,Paid Search,Monthly,8,570.0,6840.0,1.0,60.0,11,3900.0,2022-10-24,,0,0.0
RIQ-01969,Basic,E-commerce,Bengaluru,Organic Search,Monthly,3,640.0,7680.0,3.0,54.0,12,3400.0,2022-10-29,2023-01-12,1,7680.0
RIQ-01970,Pro,Fintech,Bengaluru,Referral,Monthly,8,1620.0,19440.0,1.0,56.0,17,9900.0,2023-05-16,,0,0.0
RIQ-01971,Basic,Healthcare,Bengaluru,Referral,Monthly,3,500.0,6000.0,1.0,74.0,10,2400.0,2022-09-15,,0,0.0
RIQ-01972,Pro,Healthcare,Mumbai,Organic Search,Annual,6,2000.0,24000.0,0.0,97.0,24,6800.0,2023-07-29,,0,0.0
RIQ-01973,Enterprise,Healthcare,Mumbai,Paid Search,Annual,9,9980.0,119760.0,0.0,100.0,29,31600.0,2022-07-21,,0,0.0
RIQ-01974,Pro,E-commerce,Delhi,Email Campaign,Monthly,12,1530.0,18360.0,0.0,46.0,10,12100.0,2022-12-30,,0,0.0
RIQ-01975,Basic,E-commerce,Mumbai,Email Campaign,Annual,1,700.0,8400.0,2.0,27.0,2,4700.0,2022-04-11,,0,0.0
RIQ-01976,Basic,E-commerce,Mumbai,Email Campaign,Monthly,7,590.0,7080.0,6.0,65.0,21,4600.0,2023-03-23,2023-10-25,1,7080.0
RIQ-01977,Pro,Edtech,Hyderabad,Paid Search,Monthly,10,2270.0,27240.0,0.0,61.0,18,7800.0,2022-09-14,2023-06-30,1,27240.0
RIQ-01978,pro,E-commerce,Chennai,Social Media,Annual,6,1800.0,21600.0,1.0,52.0,17,7700.0,2023-10-06,,0,0.0
RIQ-01979,Pro,E-commerce,Delhi,Referral,Annual,18,2330.0,27960.0,0.0,38.0,10,10000.0,2022-04-09,,0,0.0
RIQ-01980,Basic,E-commerce,Delhi,Organic Search,Monthly,27,970.0,11640.0,2.0,21.0,3,3400.0,2023-01-02,,0,0.0
RIQ-01981,Basic,E-commerce,Chennai,Direct,Annual,5,700.0,8400.0,2.0,43.0,2,3700.0,2022-01-29,2022-07-12,1,8400.0
RIQ-01982,Pro,Healthcare,Mumbai,Organic Search,Monthly,24,2250.0,27000.0,0.0,53.0,9,13100.0,2023-09-22,,0,0.0
RIQ-01983,Pro,Edtech,Bengaluru,Direct,Monthly,2,1870.0,22440.0,0.0,56.0,12,13900.0,2023-09-28,2023-11-29,1,22440.0
RIQ-01984,Pro,E-commerce,Mumbai,Social Media,Monthly,51,2340.0,28080.0,1.0,62.0,14,6100.0,2022-05-09,,0,0.0
RIQ-01985,Basic,Edtech,Bengaluru,Paid Search,Monthly,2,940.0,11280.0,2.0,32.0,6,2200.0,2023-04-17,2023-06-27,1,11280.0
RIQ-01986,Pro,Fintech,Hyderabad,Referral,Annual,2,2150.0,25800.0,1.0,,13,13400.0,2022-12-08,,0,0.0
RIQ-01987,Basic,Edtech,Mumbai,Referral,Annual,1,840.0,10080.0,1.0,32.0,8,4200.0,2022-03-04,2022-03-22,1,10080.0
RIQ-01988,Basic,Edtech,Chennai,Organic Search,Monthly,1,530.0,6360.0,3.0,14.0,4,2400.0,2022-07-29,2022-08-29,1,6360.0
RIQ-01989,Pro,Edtech,Chennai,Paid Search,Annual,5,1720.0,20640.0,2.0,33.0,19,7400.0,2023-11-23,,0,0.0
RIQ-01990,Pro,E-commerce,Hyderabad,Referral,Annual,5,2220.0,26640.0,2.0,49.0,11,11600.0,2022-01-07,,0,0.0
RIQ-01991,Pro,Edtech,Hyderabad,Referral,Monthly,15,1570.0,18840.0,0.0,43.0,21,7100.0,2022-06-06,,0,0.0
RIQ-01992,Enterprise,Edtech,Chennai,Organic Search,Annual,37,6020.0,72240.0,0.0,84.0,15,35600.0,2023-05-01,,0,0.0
RIQ-01993,Pro,Fintech,Chennai,Social Media,Monthly,5,2430.0,29160.0,0.0,90.0,11,7700.0,2022-11-04,2023-03-31,1,29160.0
RIQ-01994,Basic,Fintech,Delhi,Organic Search,Annual,8,920.0,11040.0,3.0,41.0,8,4500.0,2022-09-24,,0,0.0
RIQ-01995,Pro,E-commerce,Bengaluru,Organic Search,Annual,37,2120.0,25440.0,3.0,18.0,15,6200.0,2023-03-19,,0,0.0
RIQ-01996,Enterprise,Fintech,Pune,Email Campaign,Monthly,21,8720.0,104640.0,0.0,60.0,30,41900.0,2022-09-04,,0,0.0
RIQ-01997,Enterprise,E-commerce,Hyderabad,Email Campaign,Annual,30,7380.0,88560.0,2.0,100.0,18,43600.0,2022-10-24,,0,0.0
RIQ-01998,Enterprise,Fintech,Mumbai,Direct,Monthly,38,6840.0,82080.0,1.0,77.0,18,24300.0,2022-10-09,,0,0.0
RIQ-01999,Pro,Healthcare,Hyderabad,Paid Search,Annual,36,1920.0,23040.0,1.0,66.0,13,8600.0,2023-03-12,,0,0.0
RIQ-02000,Enterprise,Edtech,Pune,Social Media,Monthly,6,6950.0,83400.0,2.0,54.0,20,55700.0,2023-08-18,,0,0.0
RIQ-02001,Enterprise,Fintech,Delhi,Direct,Annual,30,8100.0,97200.0,1.0,49.0,20,25600.0,2022-02-13,,0,0.0
RIQ-02002,Basic,Fintech,Delhi,Referral,Monthly,7,940.0,11280.0,,47.0,2,2000.0,2023-04-15,2023-11-04,1,11280.0
RIQ-02003,Pro,Healthcare,Bengaluru,Direct,Monthly,15,2360.0,28320.0,0.0,72.0,10,12400.0,2022-08-04,,0,0.0
RIQ-02004,Basic,Edtech,Hyderabad,Social Media,Monthly,2,530.0,6360.0,1.0,47.0,3,3100.0,2023-11-03,2023-12-22,1,6360.0
RIQ-02005,Basic,Edtech,Delhi,Social Media,Monthly,4,860.0,10320.0,2.0,47.0,15,4400.0,2022-05-24,2022-09-14,1,10320.0
RIQ-02006,Pro,Edtech,Hyderabad,Email Campaign,Monthly,58,1570.0,18840.0,2.0,35.0,14,14700.0,2023-10-23,,0,0.0
RIQ-02007,Pro,Edtech,Hyderabad,Social Media,Annual,10,1680.0,20160.0,,34.0,9,8300.0,2023-06-04,2024-04-08,1,20160.0
RIQ-02008,Basic,Fintech,Bengaluru,Social Media,Monthly,2,790.0,9480.0,4.0,24.0,9,3800.0,2023-08-18,2023-10-13,1,9480.0
RIQ-02009,Pro,Fintech,Bengaluru,Referral,Monthly,5,1530.0,18360.0,1.0,83.0,16,12000.0,2022-06-12,,0,0.0
RIQ-02010,Basic,Fintech,Bengaluru,Direct,Annual,2,840.0,10080.0,2.0,38.0,4,4300.0,2022-11-28,,0,0.0
RIQ-02011,Basic,Fintech,Bengaluru,Email Campaign,Monthly,11,870.0,10440.0,2.0,65.0,7,4700.0,2022-08-31,2023-07-15,1,10440.0
RIQ-02012,Pro,Healthcare,Hyderabad,Social Media,Annual,5,2250.0,27000.0,0.0,43.0,17,6600.0,2023-03-07,,0,0.0
RIQ-02013,Basic,Fintech,Pune,Referral,Monthly,23,520.0,6240.0,5.0,41.0,1,3300.0,2022-03-16,,0,0.0
RIQ-02014,Pro,E-commerce,Delhi,Email Campaign,Annual,26,1530.0,18360.0,4.0,47.0,18,12300.0,2022-06-28,,0,0.0
RIQ-02015,Pro,E-commerce,Bengaluru,Social Media,Annual,46,2490.0,29880.0,0.0,77.0,16,7800.0,2023-08-11,,0,0.0
RIQ-02016,Basic,Healthcare,Hyderabad,Paid Search,Monthly,8,840.0,10080.0,1.0,12.0,7,4200.0,2022-08-19,2023-04-07,1,10080.0
RIQ-02017,Pro,E-commerce,Delhi,Paid Search,Annual,1,2290.0,27480.0,0.0,57.0,12,11700.0,2022-03-30,,0,0.0
RIQ-02018,Basic,E-commerce,Delhi,Email Campaign,Monthly,4,600.0,7200.0,1.0,36.0,6,2000.0,2022-05-24,2022-10-04,1,7200.0
RIQ-02019,Basic,Fintech,Hyderabad,Referral,Monthly,4,930.0,11160.0,3.0,49.0,3,4000.0,2022-12-15,2023-04-04,1,11160.0
RIQ-02020,Pro,Healthcare,Mumbai,Direct,Monthly,10,2030.0,24360.0,2.0,75.0,13,11100.0,2022-07-14,,0,0.0
RIQ-02021,Basic,Healthcare,Chennai,Paid Search,Monthly,16,680.0,8160.0,3.0,55.0,3,4700.0,2023-09-26,,0,0.0
RIQ-02022,Pro,Fintech,Mumbai,Email Campaign,Monthly,18,1940.0,23280.0,2.0,66.0,18,6600.0,2023-10-03,,0,0.0
RIQ-02023,Basic,E-commerce,Bengaluru,Paid Search,Monthly,6,890.0,10680.0,8.0,65.0,5,2400.0,2022-11-02,2023-04-19,1,10680.0
RIQ-02024,Basic,E-commerce,Bengaluru,Referral,Annual,2,660.0,7920.0,3.0,23.0,10,4800.0,2022-08-18,2022-10-28,1,7920.0
RIQ-02025,Pro,Healthcare,Mumbai,Organic Search,Monthly,24,2200.0,26400.0,1.0,51.0,13,7400.0,2022-03-11,,0,0.0
RIQ-02026,Pro,Edtech,Bengaluru,Email Campaign,Monthly,6,2030.0,24360.0,2.0,59.0,13,14400.0,2022-09-05,,0,0.0
RIQ-02027,Pro,Healthcare,Delhi,Email Campaign,Monthly,2,1900.0,22800.0,0.0,49.0,14,14000.0,2022-02-28,,0,0.0
RIQ-02028,Basic,Fintech,Delhi,Organic Search,Annual,7,970.0,11640.0,5.0,45.0,12,4000.0,2022-09-27,,0,0.0
RIQ-02029,Basic,Fintech,Bengaluru,Social Media,Monthly,17,600.0,7200.0,3.0,56.0,6,2600.0,2022-03-02,2023-07-14,1,7200.0
RIQ-02030,Basic,Fintech,Hyderabad,Social Media,Monthly,2,880.0,10560.0,0.0,30.0,1,3500.0,2022-03-05,2022-04-26,1,10560.0
RIQ-02031,Basic,Healthcare,Mumbai,Organic Search,Monthly,6,800.0,9600.0,2.0,58.0,5,4900.0,2022-02-06,2022-08-01,1,9600.0
RIQ-02032,Basic,Edtech,Mumbai,Social Media,Monthly,15,810.0,9720.0,1.0,35.0,2,3700.0,2022-03-24,2023-06-30,1,9720.0
RIQ-02033,Pro,Fintech,Mumbai,Referral,Annual,2,1540.0,18480.0,0.0,54.0,12,8000.0,2022-02-06,,0,0.0
RIQ-02034,Basic,Healthcare,Bengaluru,Organic Search,Monthly,2,740.0,8880.0,5.0,79.0,6,4800.0,2022-08-22,2022-10-06,1,8880.0
RIQ-02035,Basic,Edtech,Bengaluru,Referral,Annual,3,600.0,7200.0,3.0,30.0,10,4600.0,2023-09-15,,0,0.0
RIQ-02036,Basic,E-commerce,Delhi,Social Media,Monthly,16,780.0,9360.0,3.0,34.0,4,4300.0,2022-02-23,2023-06-15,1,9360.0
RIQ-02037,Pro,Fintech,Pune,Organic Search,Annual,25,1930.0,23160.0,4.0,78.0,17,7100.0,2022-05-22,,0,0.0
RIQ-02038,Basic,E-commerce,Bengaluru,Paid Search,Monthly,4,950.0,11400.0,0.0,66.0,4,3000.0,2022-12-27,2023-04-17,1,11400.0
RIQ-02039,Basic,E-commerce,Bengaluru,Social Media,Annual,22,540.0,6480.0,0.0,60.0,7,3200.0,2022-01-11,2023-10-25,1,6480.0
RIQ-02040,Basic,E-commerce,Bengaluru,Organic Search,Annual,15,770.0,9240.0,,97.0,13,5000.0,2022-02-16,,0,0.0
RIQ-02041,Basic,E-commerce,Mumbai,Email Campaign,Annual,10,910.0,10920.0,,57.0,11,2200.0,2022-03-20,,0,0.0
RIQ-02042,Basic,Edtech,Mumbai,Referral,Monthly,10,660.0,7920.0,1.0,32.0,1,4700.0,2023-09-09,2024-07-10,1,7920.0
RIQ-02043,Pro,Healthcare,Mumbai,Referral,Monthly,7,1900.0,22800.0,1.0,62.0,13,6700.0,2023-11-05,2024-05-21,1,22800.0
RIQ-02044,Pro,Fintech,Bengaluru,Referral,Monthly,13,1700.0,20400.0,2.0,50.0,10,13700.0,2023-01-01,,0,0.0
RIQ-02045,Pro,Edtech,Mumbai,Paid Search,Annual,4,1800.0,21600.0,1.0,50.0,20,8600.0,2023-01-11,,0,0.0
RIQ-02046,Pro,Healthcare,Bengaluru,Direct,Annual,29,2030.0,24360.0,3.0,47.0,8,10900.0,2022-10-01,,0,0.0
RIQ-02047,Pro,Edtech,Delhi,Email Campaign,Monthly,31,1850.0,22200.0,1.0,17.0,11,10400.0,2023-02-25,2025-09-19,1,22200.0
RIQ-02048,Basic,Edtech,Hyderabad,Paid Search,Monthly,5,960.0,11520.0,0.0,45.0,6,2900.0,2023-06-18,2023-11-07,1,11520.0
RIQ-02049,Pro,Fintech,Hyderabad,Organic Search,Annual,18,2220.0,26640.0,3.0,71.0,12,12300.0,2022-05-26,2023-11-03,1,26640.0
RIQ-02050,Basic,Healthcare,Mumbai,Organic Search,Monthly,3,730.0,8760.0,4.0,57.0,3,3500.0,2022-04-27,2022-07-11,1,8760.0
RIQ-02051,Pro,E-commerce,Bengaluru,Social Media,Annual,22,1880.0,22560.0,0.0,72.0,7,13700.0,2022-03-28,,0,0.0
RIQ-02052,Enterprise,Fintech,Pune,Organic Search,Monthly,11,5090.0,61080.0,0.0,77.0,21,28200.0,2023-01-27,,0,0.0
RIQ-02053,Basic,Fintech,Mumbai,Organic Search,Annual,4,590.0,7080.0,1.0,46.0,7,3600.0,2023-03-18,,0,0.0
RIQ-02054,Basic,Fintech,Mumbai,Social Media,Monthly,7,880.0,10560.0,1.0,37.0,6,4700.0,2022-01-27,,0,0.0
RIQ-02055,Pro,Healthcare,Delhi,Social Media,Annual,5,2330.0,27960.0,1.0,60.0,21,11300.0,2022-09-26,,0,0.0
RIQ-02056,Pro,Edtech,Chennai,Social Media,Annual,2,1840.0,22080.0,1.0,28.0,15,9800.0,2023-09-29,,0,0.0
RIQ-02057,Basic,Fintech,Hyderabad,Paid Search,Annual,4,870.0,10440.0,4.0,47.0,1,2300.0,2022-02-28,2022-07-08,1,10440.0
RIQ-02058,Enterprise,E-commerce,Chennai,Organic Search,Annual,60,8390.0,100680.0,0.0,73.0,14,42700.0,2023-07-02,,0,0.0
RIQ-02059,Enterprise,Fintech,Hyderabad,Organic Search,Annual,28,7590.0,91080.0,2.0,55.0,24,59700.0,2022-06-16,,0,0.0
RIQ-02060,Basic,E-commerce,Mumbai,Email Campaign,Monthly,1,620.0,7440.0,1.0,46.0,3,4400.0,2022-01-16,2022-02-08,1,7440.0
RIQ-02061,Pro,E-commerce,Hyderabad,Social Media,Annual,7,1750.0,21000.0,2.0,35.0,14,11100.0,2023-07-10,,0,0.0
RIQ-02062,Basic,Edtech,Hyderabad,Direct,Annual,9,640.0,7680.0,1.0,47.0,3,4000.0,2022-10-03,,0,0.0
RIQ-02063,Basic,E-commerce,Delhi,Paid Search,Annual,1,800.0,9600.0,3.0,47.0,3,3700.0,2022-05-08,2022-06-01,1,9600.0
RIQ-02064,Pro,Healthcare,Mumbai,Paid Search,Annual,18,1680.0,20160.0,1.0,36.0,5,10200.0,2023-04-19,2024-09-25,1,20160.0
RIQ-02065,Basic,Edtech,Hyderabad,Referral,Annual,23,740.0,8880.0,2.0,78.0,4,2700.0,2023-07-24,,0,0.0
RIQ-02066,Pro,Edtech,Mumbai,Organic Search,Annual,3,1780.0,21360.0,0.0,31.0,9,14600.0,2023-09-17,,0,0.0
RIQ-02067,Pro,Edtech,Delhi,Direct,Monthly,2,1760.0,21120.0,1.0,44.0,14,10500.0,2022-10-10,,0,0.0
RIQ-02068,Pro,E-commerce,Bengaluru,Paid Search,Monthly,8,1670.0,20040.0,3.0,72.0,11,8100.0,2023-09-25,,0,0.0
RIQ-02069,Basic,Edtech,Hyderabad,Direct,Monthly,30,590.0,7080.0,5.0,57.0,14,4600.0,2023-06-03,,0,0.0
RIQ-02070,Basic,E-commerce,Bengaluru,Paid Search,Monthly,6,860.0,10320.0,3.0,,9,4100.0,2022-03-04,2022-09-15,1,10320.0
RIQ-02071,Enterprise,E-commerce,Bengaluru,Direct,Monthly,1,8390.0,100680.0,1.0,97.0,16,29400.0,2022-12-28,,0,0.0
RIQ-02072,Basic,Edtech,Bengaluru,Paid Search,Monthly,3,550.0,6600.0,6.0,35.0,4,3300.0,2023-06-04,,0,0.0
RIQ-02073,Pro,Fintech,Mumbai,Organic Search,Annual,10,1820.0,21840.0,1.0,87.0,20,9700.0,2023-01-16,2023-11-23,1,21840.0
RIQ-02074,Basic,E-commerce,Chennai,Organic Search,Monthly,1,940.0,11280.0,4.0,47.0,7,2100.0,2022-05-27,,0,0.0
RIQ-02075,Pro,Edtech,Hyderabad,Social Media,Monthly,2,2470.0,29640.0,3.0,40.0,10,14800.0,2023-10-30,2023-12-25,1,29640.0
RIQ-02076,Pro,Healthcare,Chennai,Email Campaign,Monthly,11,1660.0,19920.0,2.0,60.0,19,7400.0,2022-02-15,,0,0.0
RIQ-02077,Pro,Fintech,Delhi,Social Media,Monthly,39,1610.0,19320.0,1.0,72.0,9,12400.0,2022-08-05,2025-10-28,1,19320.0
RIQ-02078,Basic,Healthcare,Pune,Social Media,Monthly,6,890.0,10680.0,1.0,39.0,6,2600.0,2022-12-19,2023-07-02,1,10680.0
RIQ-02079,Pro,Fintech,Delhi,Organic Search,Annual,5,2230.0,26760.0,1.0,67.0,10,11800.0,2023-01-26,,0,0.0
RIQ-02080,Basic,Healthcare,Chennai,Paid Search,Monthly,14,980.0,11760.0,5.0,33.0,9,3500.0,2022-08-18,2023-10-15,1,11760.0
RIQ-02081,Enterprise,Edtech,Hyderabad,Referral,Annual,4,7090.0,85080.0,1.0,59.0,21,22100.0,2022-05-05,,0,0.0
RIQ-02082,Basic,E-commerce,Delhi,Email Campaign,Annual,27,740.0,8880.0,2.0,48.0,8,3300.0,2023-06-22,2025-09-10,1,8880.0
RIQ-02083,Pro,Edtech,Delhi,Paid Search,Monthly,14,1790.0,21480.0,1.0,39.0,15,13200.0,2022-09-07,,0,0.0
RIQ-02084,Basic,Edtech,Delhi,Referral,Monthly,6,610.0,7320.0,3.0,98.0,7,4900.0,2022-11-19,2023-05-26,1,7320.0
RIQ-02085,Basic,E-commerce,Mumbai,Referral,Monthly,12,980.0,11760.0,1.0,54.0,11,2200.0,2023-02-24,2024-02-15,1,11760.0
RIQ-02086,Pro,E-commerce,Delhi,Referral,Annual,14,1860.0,22320.0,2.0,49.0,15,10000.0,2023-05-11,,0,0.0
RIQ-02087,Basic,Fintech,Pune,Organic Search,Monthly,10,780.0,9360.0,2.0,38.0,3,3600.0,2022-05-09,2023-03-19,1,9360.0
RIQ-02088,Basic,E-commerce,Bengaluru,Social Media,Annual,7,790.0,9480.0,1.0,35.0,5,2800.0,2022-05-22,2022-12-22,1,9480.0
RIQ-02089,Enterprise,Edtech,Bengaluru,Email Campaign,Annual,35,5410.0,64920.0,2.0,66.0,26,39800.0,2023-03-08,,0,0.0
RIQ-02090,Basic,Fintech,Mumbai,Paid Search,Monthly,3,940.0,11280.0,5.0,47.0,2,2500.0,2022-07-22,2022-11-02,1,11280.0
RIQ-02091,Basic,Fintech,Delhi,Email Campaign,Monthly,11,710.0,8520.0,4.0,69.0,7,4800.0,2023-07-22,2024-06-23,1,8520.0
RIQ-02092,Basic,Healthcare,Pune,Email Campaign,Monthly,10,520.0,6240.0,,39.0,10,4100.0,2023-03-18,2023-12-28,1,6240.0
RIQ-02093,Basic,Fintech,Bengaluru,Referral,Monthly,16,930.0,11160.0,1.0,54.0,5,4700.0,2023-02-02,,0,0.0
RIQ-02094,Pro,Edtech,Chennai,Email Campaign,Monthly,12,2060.0,24720.0,1.0,81.0,18,14100.0,2022-10-28,,0,0.0
RIQ-02095,Enterprise,Edtech,Hyderabad,Organic Search,Annual,15,7960.0,95520.0,1.0,51.0,23,23000.0,2023-09-24,,0,0.0
RIQ-02096,Pro,Healthcare,Chennai,Direct,Monthly,37,2420.0,29040.0,0.0,83.0,7,10000.0,2023-04-05,2026-05-03,1,29040.0
RIQ-02097,Basic,Edtech,Hyderabad,Paid Search,Monthly,2,640.0,7680.0,1.0,32.0,15,2400.0,2023-05-04,2023-07-10,1,7680.0
RIQ-02098,Basic,Healthcare,Delhi,Email Campaign,Monthly,10,960.0,11520.0,0.0,29.0,12,2500.0,2023-06-06,2024-03-19,1,11520.0
RIQ-02099,Basic,Healthcare,Pune,Organic Search,Annual,13,840.0,10080.0,1.0,13.0,1,3100.0,2023-04-10,,0,0.0
RIQ-02100,Basic,Fintech,Pune,Email Campaign,Monthly,2,790.0,9480.0,3.0,37.0,9,2900.0,2022-04-10,2022-06-01,1,9480.0
RIQ-02101,Basic,E-commerce,Hyderabad,Paid Search,Monthly,22,950.0,11400.0,2.0,36.0,13,3500.0,2023-08-17,,0,0.0
RIQ-02102,basic,E-commerce,Bengaluru,Referral,Annual,3,690.0,8280.0,5.0,13.0,8,2400.0,2022-07-02,2022-10-15,1,8280.0
RIQ-02103,Basic,Healthcare,Bengaluru,Paid Search,Monthly,8,990.0,11880.0,2.0,46.0,8,3300.0,2022-08-04,,0,0.0
RIQ-02104,Basic,E-commerce,Mumbai,Social Media,Monthly,16,660.0,7920.0,0.0,50.0,5,2900.0,2022-12-22,,0,0.0
RIQ-02105,Basic,Fintech,Delhi,Organic Search,Monthly,7,720.0,8640.0,4.0,70.0,10,2900.0,2022-06-23,,0,0.0
RIQ-02106,Basic,E-commerce,Delhi,Direct,Monthly,12,880.0,10560.0,2.0,48.0,5,2800.0,2022-08-26,2023-08-27,1,10560.0
RIQ-02107,Pro,Fintech,Pune,Organic Search,Monthly,7,2010.0,24120.0,0.0,62.0,5,14100.0,2022-06-22,,0,0.0
RIQ-02108,Basic,Fintech,Bengaluru,Referral,Monthly,2,770.0,9240.0,1.0,39.0,3,3500.0,2022-07-19,2022-09-02,1,9240.0
RIQ-02109,Enterprise,E-commerce,Pune,Organic Search,Annual,32,6410.0,76920.0,2.0,64.0,20,25000.0,2023-08-08,,0,0.0
RIQ-02110,Pro,Fintech,Bengaluru,Email Campaign,Monthly,10,1950.0,23400.0,0.0,52.0,17,13600.0,2022-04-23,2023-02-24,1,23400.0
RIQ-02111,Pro,Fintech,Delhi,Referral,Annual,24,1930.0,23160.0,3.0,46.0,9,14900.0,2022-09-27,2024-09-03,1,23160.0
RIQ-02112,Basic,Edtech,Mumbai,Organic Search,Annual,5,560.0,6720.0,4.0,38.0,4,2200.0,2022-12-29,2023-06-07,1,6720.0
RIQ-02113,Pro,Fintech,Mumbai,Social Media,Annual,10,1830.0,21960.0,1.0,54.0,7,10100.0,2023-06-04,,0,0.0
RIQ-02114,Enterprise,Healthcare,Mumbai,Email Campaign,Annual,19,8360.0,100320.0,1.0,89.0,23,57000.0,2022-03-17,,0,0.0
RIQ-02115,Basic,E-commerce,Delhi,Organic Search,Monthly,14,720.0,8640.0,3.0,0.0,1,2600.0,2023-06-18,2024-08-06,1,8640.0
RIQ-02116,Basic,Fintech,Bengaluru,Email Campaign,Monthly,14,810.0,9720.0,1.0,15.0,4,2000.0,2023-10-12,2024-12-10,1,9720.0
RIQ-02117,Basic,Edtech,Hyderabad,Paid Search,Monthly,1,970.0,11640.0,4.0,29.0,3,2800.0,2023-11-21,2023-12-12,1,11640.0
RIQ-02118,Pro,Fintech,Hyderabad,Organic Search,Monthly,26,2230.0,26760.0,1.0,100.0,17,11700.0,2022-10-17,,0,0.0
RIQ-02119,Basic,Edtech,Mumbai,Organic Search,Annual,2,760.0,9120.0,2.0,14.0,2,3300.0,2022-08-08,2022-09-22,1,9120.0
RIQ-02120,Basic,E-commerce,Chennai,Social Media,Monthly,2,850.0,10200.0,1.0,49.0,4,4100.0,2022-02-09,2022-04-08,1,10200.0
RIQ-02121,Basic,Fintech,Delhi,Paid Search,Monthly,9,620.0,7440.0,1.0,66.0,1,3600.0,2022-12-24,2023-09-20,1,7440.0
RIQ-02122,Pro,Healthcare,Mumbai,Email Campaign,Monthly,14,2340.0,28080.0,1.0,68.0,17,10400.0,2022-10-27,,0,0.0
RIQ-02123,Pro,Fintech,Delhi,Social Media,Monthly,29,2100.0,25200.0,0.0,33.0,9,6900.0,2023-07-11,,0,0.0
RIQ-02124,Basic,Fintech,Pune,Organic Search,Monthly,15,940.0,11280.0,2.0,,9,3300.0,2022-10-22,,0,0.0
RIQ-02125,Basic,Healthcare,Mumbai,Social Media,Monthly,14,710.0,8520.0,2.0,70.0,1,4900.0,2022-06-30,2023-08-23,1,8520.0
RIQ-02126,Pro,Edtech,Mumbai,Email Campaign,Monthly,27,1900.0,22800.0,1.0,,21,10400.0,2022-05-12,,0,0.0
RIQ-02127,Basic,Fintech,Pune,Referral,Annual,18,740.0,8880.0,1.0,39.0,10,2700.0,2023-02-26,2024-08-25,1,8880.0
RIQ-02128,Pro,Edtech,Delhi,Social Media,Monthly,20,2390.0,28680.0,0.0,73.0,22,12900.0,2023-02-23,,0,0.0
RIQ-02129,Basic,E-commerce,Bengaluru,Referral,Monthly,22,660.0,7920.0,1.0,77.0,4,4400.0,2023-02-05,,0,0.0
RIQ-02130,Basic,Healthcare,Mumbai,Social Media,Monthly,12,530.0,6360.0,1.0,43.0,1,2700.0,2023-05-13,2024-05-15,1,6360.0
RIQ-02131,Basic,Edtech,Bengaluru,Social Media,Monthly,20,720.0,8640.0,2.0,33.0,4,4600.0,2022-08-15,2024-04-09,1,8640.0
RIQ-02132,Pro,Healthcare,Delhi,Social Media,Annual,60,1610.0,19320.0,2.0,49.0,18,7200.0,2023-09-21,,0,0.0
RIQ-02133,Pro,Fintech,Hyderabad,Organic Search,Monthly,10,2450.0,29400.0,1.0,48.0,12,6800.0,2022-01-22,,0,0.0
RIQ-02134,Basic,Edtech,Hyderabad,Organic Search,Monthly,19,960.0,11520.0,2.0,37.0,2,2200.0,2023-07-21,,0,0.0
RIQ-02135,Basic,Fintech,Mumbai,Email Campaign,Monthly,13,770.0,9240.0,1.0,26.0,7,4500.0,2022-06-10,,0,0.0
RIQ-02136,Enterprise,Healthcare,Bengaluru,Social Media,Monthly,60,6450.0,77400.0,1.0,71.0,23,28600.0,2022-06-15,,0,0.0
RIQ-02137,Basic,Edtech,Bengaluru,Social Media,Annual,39,870.0,10440.0,,50.0,2,2100.0,2022-01-14,,0,0.0
RIQ-02138,Basic,Fintech,Bengaluru,Organic Search,Monthly,5,550.0,6600.0,7.0,74.0,4,3500.0,2023-02-12,2023-07-22,1,6600.0
RIQ-02139,Basic,Edtech,Delhi,Paid Search,Monthly,6,610.0,7320.0,5.0,46.0,5,2100.0,2022-09-11,,0,0.0
RIQ-02140,Basic,Healthcare,Delhi,Paid Search,Annual,8,690.0,8280.0,5.0,23.0,4,2400.0,2023-02-15,,0,0.0
RIQ-02141,Pro,E-commerce,Delhi,Direct,Monthly,2,1580.0,18960.0,1.0,83.0,12,12300.0,2022-03-17,,0,0.0
RIQ-02142,Enterprise,Fintech,Hyderabad,Email Campaign,Annual,2,5100.0,61200.0,0.0,33.0,21,49400.0,2023-07-09,,0,0.0
RIQ-02143,Basic,Fintech,Mumbai,Organic Search,Monthly,5,900.0,10800.0,1.0,79.0,8,3800.0,2022-07-18,2022-12-26,1,10800.0
RIQ-02144,Enterprise,Edtech,Mumbai,Referral,Annual,26,7560.0,90720.0,0.0,67.0,19,24000.0,2022-01-24,,0,0.0
RIQ-02145,Enterprise,Fintech,Pune,Social Media,Annual,3,9850.0,118200.0,2.0,70.0,19,23700.0,2023-08-14,,0,0.0
RIQ-02146,Basic,E-commerce,Hyderabad,Social Media,Monthly,9,980.0,11760.0,2.0,37.0,6,3500.0,2023-07-29,2024-04-17,1,11760.0
RIQ-02147,Basic,E-commerce,Mumbai,Organic Search,Annual,4,620.0,7440.0,3.0,52.0,6,5000.0,2022-01-18,,0,0.0
RIQ-02148,Enterprise,E-commerce,Bengaluru,Email Campaign,Annual,28,8810.0,105720.0,1.0,81.0,21,21000.0,2022-04-21,,0,0.0
RIQ-02149,Basic,Fintech,Chennai,Social Media,Monthly,1,880.0,10560.0,0.0,50.0,8,3400.0,2023-04-03,2023-04-29,1,10560.0
RIQ-02150,Pro,Healthcare,Mumbai,Paid Search,Annual,25,1640.0,19680.0,2.0,64.0,22,6900.0,2023-10-08,,0,0.0
RIQ-02151,Basic,Edtech,Pune,Social Media,Annual,4,930.0,11160.0,1.0,72.0,9,3800.0,2023-05-17,,0,0.0
RIQ-02152,Basic,Fintech,Mumbai,Organic Search,Monthly,2,920.0,11040.0,1.0,61.0,1,4500.0,2023-06-20,2023-08-27,1,11040.0
RIQ-02153,Basic,E-commerce,Mumbai,Paid Search,Monthly,1,750.0,9000.0,3.0,35.0,8,4200.0,2023-02-26,2023-03-22,1,9000.0
RIQ-02154,Pro,Fintech,Hyderabad,Organic Search,Monthly,9,2190.0,26280.0,0.0,71.0,15,8400.0,2023-09-06,2024-05-31,1,26280.0
RIQ-02155,Basic,E-commerce,Delhi,Social Media,Monthly,30,780.0,9360.0,1.0,38.0,4,3600.0,2023-05-16,,0,0.0
RIQ-02156,Basic,Healthcare,Bengaluru,Social Media,Monthly,4,660.0,7920.0,2.0,50.0,5,3700.0,2023-05-10,2023-09-08,1,7920.0
RIQ-02157,Basic,E-commerce,Mumbai,Organic Search,Monthly,10,960.0,11520.0,3.0,73.0,7,4100.0,2023-03-12,,0,0.0
RIQ-02158,Pro,E-commerce,Hyderabad,Paid Search,Annual,14,1660.0,19920.0,0.0,60.0,18,9900.0,2022-05-05,,0,0.0
RIQ-02159,Enterprise,Fintech,Mumbai,Email Campaign,Annual,27,5190.0,62280.0,2.0,76.0,15,41000.0,2023-03-11,,0,0.0
RIQ-02160,Pro,Edtech,Bengaluru,Email Campaign,Monthly,4,1640.0,19680.0,2.0,50.0,18,6100.0,2023-07-15,,0,0.0
RIQ-02161,Basic,Fintech,Pune,Social Media,Monthly,9,1000.0,12000.0,2.0,50.0,8,3600.0,2023-11-24,2024-08-13,1,12000.0
RIQ-02162,Pro,Fintech,Pune,Direct,Annual,51,2150.0,25800.0,1.0,53.0,16,12200.0,2022-05-25,,0,0.0
RIQ-02163,Pro,E-commerce,Delhi,Email Campaign,Annual,20,2450.0,29400.0,0.0,52.0,13,8300.0,2023-01-16,,0,0.0
RIQ-02164,Pro,E-commerce,Delhi,Direct,Monthly,5,2440.0,29280.0,1.0,70.0,15,12400.0,2022-05-19,,0,0.0
RIQ-02165,Basic,E-commerce,Delhi,Social Media,Monthly,2,660.0,7920.0,1.0,40.0,3,3400.0,2022-07-03,2022-08-21,1,7920.0
RIQ-02166,Basic,Fintech,Chennai,Email Campaign,Monthly,2,850.0,10200.0,3.0,55.0,4,2300.0,2022-07-24,2022-09-29,1,10200.0
RIQ-02167,Basic,Fintech,Pune,Paid Search,Monthly,10,810.0,9720.0,4.0,38.0,14,2500.0,2023-09-01,,0,0.0
RIQ-02168,Basic,E-commerce,Mumbai,Organic Search,Monthly,3,610.0,7320.0,3.0,48.0,6,4800.0,2023-10-06,2023-12-20,1,7320.0
RIQ-02169,Enterprise,Fintech,Delhi,Referral,Annual,53,9340.0,112080.0,0.0,40.0,19,50700.0,2023-08-22,,0,0.0
RIQ-02170,Basic,Edtech,Bengaluru,Paid Search,Annual,3,970.0,11640.0,2.0,45.0,3,3600.0,2023-07-29,,0,0.0
RIQ-02171,Basic,Fintech,Pune,Social Media,Annual,22,580.0,6960.0,2.0,36.0,3,2800.0,2022-08-10,,0,0.0
RIQ-02172,Basic,Fintech,Bengaluru,Social Media,Monthly,8,900.0,10800.0,2.0,43.0,4,4300.0,2023-08-25,2024-04-26,1,10800.0
RIQ-02173,Basic,Fintech,Delhi,Paid Search,Monthly,15,800.0,9600.0,2.0,34.0,1,4400.0,2022-10-11,2024-01-19,1,9600.0
RIQ-02174,Basic,Fintech,Pune,Direct,Monthly,1,740.0,8880.0,2.0,25.0,3,4400.0,2022-06-22,2022-07-07,1,8880.0
RIQ-02175,Basic,Healthcare,Mumbai,Direct,Monthly,15,900.0,10800.0,3.0,48.0,1,2400.0,2022-05-31,,0,0.0
RIQ-02176,Basic,Edtech,Bengaluru,Social Media,Monthly,7,540.0,6480.0,5.0,43.0,4,3500.0,2022-02-23,2022-09-10,1,6480.0
RIQ-02177,Pro,Edtech,Pune,Paid Search,Annual,5,1830.0,21960.0,0.0,83.0,15,8200.0,2023-05-28,,0,0.0
RIQ-02178,Enterprise,E-commerce,Bengaluru,Social Media,Annual,3,8870.0,106440.0,0.0,96.0,23,32700.0,2023-05-01,,0,0.0
RIQ-02179,Pro,Healthcare,Mumbai,Paid Search,Annual,20,1580.0,18960.0,3.0,37.0,12,14600.0,2023-09-12,,0,0.0
RIQ-02180,Pro,Fintech,Mumbai,Paid Search,Monthly,3,2330.0,27960.0,1.0,39.0,10,10000.0,2022-05-27,2022-09-05,1,27960.0
RIQ-02181,Enterprise,E-commerce,Delhi,Email Campaign,Annual,29,6250.0,75000.0,1.0,60.0,24,33900.0,2022-05-04,,0,0.0
RIQ-02182,Basic,Fintech,Chennai,Referral,Monthly,1,510.0,6120.0,2.0,43.0,8,3400.0,2023-01-10,2023-02-21,1,6120.0
RIQ-02183,Basic,Edtech,Mumbai,Social Media,Monthly,17,610.0,7320.0,2.0,71.0,3,5000.0,2023-07-28,2025-01-01,1,7320.0
RIQ-02184,Pro,E-commerce,Bengaluru,Paid Search,Annual,7,1680.0,20160.0,1.0,33.0,16,9200.0,2022-01-11,,0,0.0
RIQ-02185,Pro,Fintech,Chennai,Direct,Monthly,6,2090.0,25080.0,0.0,81.0,20,14200.0,2022-12-03,2023-05-20,1,25080.0
RIQ-02186,Pro,Healthcare,Chennai,Organic Search,Annual,8,1510.0,18120.0,0.0,91.0,13,8500.0,2022-10-07,,0,0.0
RIQ-02187,Basic,Edtech,Chennai,Paid Search,Annual,4,520.0,6240.0,4.0,59.0,5,2800.0,2022-09-17,,0,0.0
RIQ-02188,Basic,Fintech,Bengaluru,Organic Search,Monthly,1,510.0,6120.0,4.0,27.0,8,3900.0,2023-04-28,2023-06-01,1,6120.0
RIQ-02189,Pro,Edtech,Pune,Email Campaign,Annual,9,2370.0,28440.0,1.0,48.0,17,6300.0,2023-07-13,,0,0.0
RIQ-02190,Enterprise,Edtech,Pune,Social Media,Annual,38,9470.0,113640.0,0.0,66.0,20,54000.0,2022-06-06,,0,0.0
RIQ-02191,Pro,Healthcare,Chennai,Organic Search,Monthly,36,1580.0,18960.0,0.0,78.0,17,11700.0,2022-05-03,,0,0.0
RIQ-02192,Basic,Edtech,Chennai,Paid Search,Monthly,23,550.0,6600.0,4.0,25.0,7,5000.0,2023-07-12,2025-05-25,1,6600.0
RIQ-02193,Pro,E-commerce,Bengaluru,Social Media,Monthly,2,1520.0,18240.0,1.0,83.0,15,8800.0,2023-11-20,,0,0.0
RIQ-02194,Basic,Edtech,Mumbai,Email Campaign,Monthly,10,950.0,11400.0,,51.0,2,4200.0,2023-08-24,,0,0.0
RIQ-02195,Enterprise,Fintech,Mumbai,Paid Search,Annual,21,8320.0,99840.0,1.0,69.0,19,22600.0,2023-03-03,,0,0.0
RIQ-02196,Basic,Fintech,Hyderabad,Social Media,Annual,2,910.0,10920.0,2.0,63.0,9,4200.0,2023-05-29,2023-07-17,1,10920.0
RIQ-02197,Enterprise,E-commerce,Bengaluru,Referral,Monthly,16,6380.0,76560.0,2.0,55.0,21,45400.0,2022-07-23,,0,0.0
RIQ-02198,Enterprise,Fintech,Chennai,Organic Search,Monthly,32,9210.0,110520.0,0.0,65.0,27,24700.0,2022-01-04,,0,0.0
RIQ-02199,Basic,Fintech,Hyderabad,Referral,Monthly,40,730.0,8760.0,3.0,16.0,4,3700.0,2022-03-30,,0,0.0
RIQ-02200,Basic,E-commerce,Delhi,Paid Search,Annual,4,540.0,6480.0,4.0,18.0,5,3000.0,2022-03-30,2022-07-18,1,6480.0
RIQ-02201,Basic,Edtech,Hyderabad,Direct,Monthly,24,580.0,6960.0,1.0,46.0,11,2700.0,2022-01-11,,0,0.0
RIQ-02202,Pro,Healthcare,Bengaluru,Social Media,Monthly,13,2220.0,26640.0,2.0,63.0,15,12100.0,2022-09-10,,0,0.0
RIQ-02203,Pro,E-commerce,Bengaluru,Referral,Annual,12,2360.0,28320.0,1.0,59.0,10,9400.0,2022-05-16,,0,0.0
RIQ-02204,Basic,Fintech,Delhi,Referral,Monthly,13,640.0,7680.0,3.0,32.0,4,3200.0,2023-08-02,2024-08-21,1,7680.0
RIQ-02205,Pro,Fintech,Delhi,Referral,Annual,45,1700.0,20400.0,1.0,83.0,23,10000.0,2022-10-30,,0,0.0
RIQ-02206,Basic,Fintech,Bengaluru,Referral,Monthly,1,680.0,8160.0,1.0,64.0,1,4300.0,2023-01-08,2023-02-03,1,8160.0
RIQ-02207,Pro,Fintech,Mumbai,Social Media,Annual,3,2190.0,26280.0,0.0,44.0,13,11300.0,2022-06-24,2022-09-08,1,26280.0
RIQ-02208,Pro,Healthcare,Chennai,Social Media,Annual,34,2070.0,24840.0,1.0,49.0,13,13300.0,2023-03-21,,0,0.0
RIQ-02209,Basic,Fintech,Mumbai,Email Campaign,Monthly,1,600.0,7200.0,1.0,60.0,2,4500.0,2023-05-31,2023-07-02,1,7200.0
RIQ-02210,Enterprise,E-commerce,Pune,Organic Search,Annual,4,8870.0,106440.0,0.0,100.0,16,56900.0,2022-09-22,,0,0.0
RIQ-02211,Basic,Edtech,Pune,Email Campaign,Monthly,3,760.0,9120.0,2.0,37.0,5,3400.0,2023-10-09,2023-12-28,1,9120.0
RIQ-02212,Basic,Fintech,Mumbai,Paid Search,Monthly,13,780.0,9360.0,3.0,18.0,8,3800.0,2023-11-06,,0,0.0
RIQ-02213,Pro,Fintech,Mumbai,Social Media,Monthly,28,2130.0,25560.0,1.0,83.0,15,10300.0,2022-01-09,,0,0.0
RIQ-02214,Pro,Fintech,Hyderabad,Referral,Annual,3,2400.0,28800.0,0.0,59.0,14,8800.0,2022-07-11,,0,0.0
RIQ-02215,Basic,Fintech,Bengaluru,Paid Search,Monthly,5,590.0,7080.0,3.0,33.0,10,4400.0,2022-01-23,2022-06-21,1,7080.0
RIQ-02216,Basic,E-commerce,Bengaluru,Paid Search,Monthly,8,720.0,8640.0,1.0,48.0,6,4500.0,2023-02-13,2023-10-11,1,8640.0
RIQ-02217,Pro,Fintech,Bengaluru,Organic Search,Annual,27,1840.0,22080.0,2.0,45.0,9,6400.0,2023-11-26,,0,0.0
RIQ-02218,Basic,E-commerce,Delhi,Referral,Monthly,16,620.0,7440.0,0.0,35.0,6,2300.0,2023-06-04,,0,0.0
RIQ-02219,Pro,Healthcare,Bengaluru,Email Campaign,Monthly,3,2080.0,24960.0,0.0,67.0,12,7500.0,2023-08-31,2023-11-14,1,24960.0
RIQ-02220,Pro,E-commerce,Mumbai,Organic Search,Annual,1,2100.0,25200.0,2.0,74.0,11,14800.0,2023-06-21,,0,0.0
RIQ-02221,Basic,E-commerce,Chennai,Social Media,Monthly,2,560.0,6720.0,1.0,41.0,7,4900.0,2022-12-08,2023-02-16,1,6720.0
RIQ-02222,Basic,Fintech,Hyderabad,Referral,Monthly,10,880.0,10560.0,4.0,43.0,5,3200.0,2022-12-21,2023-10-16,1,10560.0
RIQ-02223,Pro,Fintech,Mumbai,Referral,Monthly,32,1700.0,20400.0,1.0,69.0,16,6700.0,2022-06-26,,0,0.0
RIQ-02224,Basic,Healthcare,Delhi,Organic Search,Monthly,16,600.0,7200.0,0.0,40.0,8,2700.0,2022-04-03,2023-08-04,1,7200.0
RIQ-02225,Enterprise,Fintech,Chennai,Referral,Annual,6,6870.0,82440.0,0.0,100.0,20,42000.0,2023-05-04,,0,0.0
RIQ-02226,Pro,Healthcare,Mumbai,Email Campaign,Monthly,9,1890.0,22680.0,1.0,81.0,15,12000.0,2022-08-06,,0,0.0
RIQ-02227,Pro,E-commerce,Bengaluru,Social Media,Annual,4,2210.0,26520.0,0.0,65.0,8,8900.0,2022-04-09,,0,0.0
RIQ-02228,Pro,E-commerce,Delhi,Email Campaign,Annual,38,1900.0,22800.0,1.0,49.0,13,13400.0,2022-12-01,,0,0.0
RIQ-02229,Basic,Edtech,Bengaluru,Social Media,Monthly,5,710.0,8520.0,3.0,67.0,1,2200.0,2023-02-08,2023-07-10,1,8520.0
RIQ-02230,Pro,Healthcare,Bengaluru,Social Media,Monthly,18,2090.0,25080.0,0.0,89.0,8,7600.0,2022-08-16,,0,0.0
RIQ-02231,Pro,Healthcare,Pune,Paid Search,Monthly,12,1860.0,22320.0,0.0,75.0,11,11500.0,2023-05-29,,0,0.0
RIQ-02232,Enterprise,Healthcare,Pune,Email Campaign,Annual,39,9570.0,114840.0,0.0,24.0,25,21800.0,2023-10-24,,0,0.0
RIQ-02233,Basic,E-commerce,Delhi,Paid Search,Annual,18,650.0,7800.0,3.0,51.0,12,3000.0,2022-04-06,,0,0.0
RIQ-02234,Enterprise,Fintech,Chennai,Social Media,Annual,55,6420.0,77040.0,3.0,66.0,18,30400.0,2023-02-01,,0,0.0
RIQ-02235,Basic,Fintech,Bengaluru,Direct,Monthly,9,980.0,11760.0,3.0,64.0,10,3200.0,2022-07-03,2023-03-20,1,11760.0
RIQ-02236,Pro,E-commerce,Bengaluru,Social Media,Monthly,13,2310.0,27720.0,3.0,99.0,17,11900.0,2022-12-21,2024-01-21,1,27720.0
RIQ-02237,Pro,Edtech,Pune,Social Media,Monthly,35,2310.0,27720.0,1.0,91.0,9,11200.0,2022-06-14,,0,0.0
RIQ-02238,Pro,Healthcare,Pune,Social Media,Annual,10,1950.0,23400.0,1.0,35.0,14,12000.0,2023-05-13,,0,0.0
RIQ-02239,Pro,Healthcare,Delhi,Organic Search,Annual,28,1550.0,18600.0,2.0,30.0,15,11700.0,2023-03-12,,0,0.0
RIQ-02240,Enterprise,E-commerce,Delhi,Direct,Annual,7,9010.0,108120.0,1.0,66.0,23,48500.0,2023-04-07,,0,0.0
RIQ-02241,Basic,E-commerce,Hyderabad,Social Media,Monthly,1,920.0,11040.0,2.0,73.0,8,4400.0,2023-01-09,2023-01-27,1,11040.0
RIQ-02242,Basic,Fintech,Mumbai,Email Campaign,Monthly,9,690.0,8280.0,3.0,87.0,5,2500.0,2023-11-22,2024-08-05,1,8280.0
RIQ-02243,Basic,Edtech,Mumbai,Email Campaign,Monthly,48,790.0,9480.0,0.0,37.0,5,3500.0,2022-07-22,,0,0.0
RIQ-02244,Basic,Healthcare,Delhi,Social Media,Annual,3,720.0,8640.0,0.0,40.0,1,2100.0,2023-04-21,2023-07-14,1,8640.0
RIQ-02245,Pro,E-commerce,Delhi,Organic Search,Monthly,39,1550.0,18600.0,0.0,63.0,11,8300.0,2023-09-06,,0,0.0
RIQ-02246,Basic,Fintech,Bengaluru,Paid Search,Annual,2,650.0,7800.0,3.0,57.0,1,2800.0,2022-01-25,2022-03-28,1,7800.0
RIQ-02247,Basic,E-commerce,Delhi,Social Media,Annual,21,720.0,8640.0,0.0,35.0,11,3900.0,2022-11-01,,0,0.0
RIQ-02248,Basic,Healthcare,Mumbai,Social Media,Annual,17,520.0,6240.0,0.0,67.0,6,2700.0,2023-02-10,,0,0.0
RIQ-02249,Basic,Fintech,Hyderabad,Referral,Annual,16,860.0,10320.0,0.0,50.0,2,3500.0,2023-10-11,,0,0.0
RIQ-02250,Enterprise,Healthcare,Chennai,Direct,Annual,60,7290.0,87480.0,2.0,79.0,24,53400.0,2023-09-25,,0,0.0
RIQ-02251,Basic,E-commerce,Pune,Paid Search,Annual,10,870.0,10440.0,2.0,46.0,2,3700.0,2023-06-21,,0,0.0
RIQ-02252,Basic,E-commerce,Hyderabad,Organic Search,Monthly,6,520.0,6240.0,2.0,59.0,5,4900.0,2023-09-16,,0,0.0
RIQ-02253,Basic,E-commerce,Delhi,Social Media,Monthly,3,690.0,8280.0,3.0,59.0,10,4800.0,2022-03-22,2022-06-15,1,8280.0
RIQ-02254,Pro,Edtech,Mumbai,Organic Search,Annual,3,1520.0,18240.0,2.0,64.0,16,12700.0,2022-09-21,,0,0.0
RIQ-02255,Pro,E-commerce,Delhi,Organic Search,Monthly,4,2410.0,28920.0,0.0,81.0,12,11100.0,2022-04-30,,0,0.0
RIQ-02256,Pro,Edtech,Delhi,Direct,Annual,1,2110.0,25320.0,2.0,54.0,7,8200.0,2023-07-07,,0,0.0
RIQ-02257,Enterprise,Edtech,Delhi,Organic Search,Annual,60,6870.0,82440.0,0.0,89.0,21,31000.0,2023-04-30,,0,0.0
RIQ-02258,Basic,Edtech,Chennai,Social Media,Monthly,3,840.0,10080.0,0.0,59.0,1,3500.0,2022-07-10,2022-10-01,1,10080.0
RIQ-02259,Basic,Fintech,Mumbai,Email Campaign,Monthly,6,590.0,7080.0,2.0,9.0,7,2000.0,2022-10-19,2023-04-10,1,7080.0
RIQ-02260,Basic,Fintech,Hyderabad,Email Campaign,Monthly,1,830.0,9960.0,2.0,37.0,6,3400.0,2022-10-09,2022-11-01,1,9960.0
RIQ-02261,Pro,Fintech,Pune,Referral,Monthly,12,1600.0,19200.0,3.0,56.0,16,8000.0,2022-08-19,2023-07-30,1,19200.0
RIQ-02262,Basic,Edtech,Pune,Referral,Monthly,2,860.0,10320.0,3.0,37.0,9,3400.0,2023-09-16,2023-11-26,1,10320.0
RIQ-02263,Pro,Fintech,Mumbai,Organic Search,Monthly,18,2040.0,24480.0,1.0,68.0,8,6100.0,2023-05-03,,0,0.0
RIQ-02264,Basic,E-commerce,Hyderabad,Email Campaign,Annual,1,670.0,8040.0,0.0,65.0,1,2500.0,2023-04-01,,0,0.0
RIQ-02265,Pro,Fintech,Bengaluru,Referral,Annual,12,2030.0,24360.0,1.0,51.0,12,8300.0,2022-06-24,,0,0.0
RIQ-02266,Basic,Healthcare,Chennai,Direct,Monthly,2,930.0,11160.0,2.0,48.0,1,3500.0,2022-03-22,2022-05-26,1,11160.0
RIQ-02267,Pro,Edtech,Delhi,Paid Search,Annual,42,2250.0,27000.0,0.0,32.0,12,8600.0,2023-06-27,,0,0.0
RIQ-02268,basic,Edtech,Pune,Paid Search,Monthly,9,840.0,10080.0,0.0,46.0,8,3900.0,2022-01-31,2022-10-17,1,10080.0
RIQ-02269,Basic,E-commerce,Bengaluru,Direct,Monthly,4,710.0,8520.0,1.0,41.0,8,4900.0,2022-01-24,2022-06-02,1,8520.0
RIQ-02270,Pro,Fintech,Bengaluru,Social Media,Annual,1,1730.0,20760.0,0.0,75.0,6,11500.0,2023-07-05,,0,0.0
RIQ-02271,Pro,E-commerce,Pune,Organic Search,Monthly,21,1600.0,19200.0,0.0,65.0,20,7000.0,2022-08-12,,0,0.0
RIQ-02272,Basic,E-commerce,Bengaluru,Email Campaign,Annual,4,930.0,11160.0,1.0,,13,3700.0,2023-02-15,,0,0.0
RIQ-02273,Basic,E-commerce,Bengaluru,Referral,Monthly,2,950.0,11400.0,3.0,49.0,7,3000.0,2022-10-13,,0,0.0
RIQ-02274,Basic,Fintech,Pune,Referral,Monthly,20,940.0,11280.0,3.0,69.0,9,3900.0,2023-10-11,2025-06-11,1,11280.0
RIQ-02275,Pro,Healthcare,Delhi,Paid Search,Monthly,1,1720.0,20640.0,0.0,71.0,15,10200.0,2023-02-18,,0,0.0
RIQ-02276,Pro,E-commerce,Bengaluru,Referral,Monthly,30,1950.0,23400.0,1.0,44.0,11,6000.0,2022-07-01,,0,0.0
RIQ-02277,Basic,E-commerce,Hyderabad,Referral,Monthly,1,880.0,10560.0,2.0,74.0,3,4100.0,2023-11-03,2023-11-23,1,10560.0
RIQ-02278,Basic,E-commerce,Chennai,Paid Search,Annual,6,710.0,8520.0,1.0,56.0,3,2600.0,2023-03-05,2023-08-30,1,8520.0
RIQ-02279,Basic,Fintech,Delhi,Organic Search,Monthly,3,800.0,9600.0,1.0,75.0,5,3800.0,2023-05-31,2023-08-16,1,9600.0
RIQ-02280,Basic,Fintech,Mumbai,Organic Search,Monthly,4,660.0,7920.0,2.0,63.0,1,3700.0,2022-09-13,2023-01-01,1,7920.0
RIQ-02281,Basic,Fintech,Mumbai,Paid Search,Annual,2,680.0,8160.0,2.0,61.0,11,4400.0,2023-09-08,2023-11-20,1,8160.0
RIQ-02282,Basic,Edtech,Delhi,Social Media,Monthly,2,600.0,7200.0,1.0,41.0,8,3100.0,2022-06-15,2022-08-13,1,7200.0
RIQ-02283,Basic,E-commerce,Delhi,Referral,Monthly,14,970.0,11640.0,2.0,40.0,6,3000.0,2022-07-24,,0,0.0
RIQ-02284,Enterprise,Healthcare,Mumbai,Referral,Monthly,19,6030.0,72360.0,0.0,82.0,29,37700.0,2023-04-18,,0,0.0
RIQ-02285,Pro,E-commerce,Delhi,Social Media,Monthly,3,1740.0,20880.0,1.0,100.0,16,7000.0,2022-07-01,2022-09-28,1,20880.0
RIQ-02286,Pro,E-commerce,Delhi,Organic Search,Annual,1,1830.0,21960.0,0.0,50.0,10,12500.0,2022-06-13,,0,0.0
RIQ-02287,Pro,Fintech,Delhi,Social Media,Annual,10,2250.0,27000.0,0.0,64.0,17,13800.0,2023-11-30,,0,0.0
RIQ-02288,Basic,E-commerce,Mumbai,Email Campaign,Annual,16,930.0,11160.0,1.0,49.0,4,3300.0,2022-03-14,2023-07-17,1,11160.0
RIQ-02289,Basic,Edtech,Mumbai,Email Campaign,Monthly,6,560.0,6720.0,2.0,57.0,3,5000.0,2023-09-14,2024-03-17,1,6720.0
RIQ-02290,Basic,E-commerce,Mumbai,Referral,Monthly,6,910.0,10920.0,3.0,51.0,4,4400.0,2022-03-03,2022-08-24,1,10920.0
RIQ-02291,Pro,Edtech,Pune,Direct,Annual,15,1540.0,18480.0,1.0,90.0,15,10600.0,2023-02-14,,0,0.0
RIQ-02292,Enterprise,E-commerce,Mumbai,Referral,Monthly,49,7140.0,85680.0,3.0,77.0,20,50300.0,2022-05-08,,0,0.0
RIQ-02293,Basic,Edtech,Delhi,Organic Search,Annual,3,790.0,9480.0,0.0,73.0,5,4200.0,2022-04-25,,0,0.0
RIQ-02294,Basic,Fintech,Delhi,Organic Search,Annual,10,570.0,6840.0,3.0,51.0,10,4400.0,2022-09-06,,0,0.0
RIQ-02295,Basic,E-commerce,Mumbai,Organic Search,Monthly,3,820.0,9840.0,4.0,68.0,1,4700.0,2022-03-17,2022-06-14,1,9840.0
RIQ-02296,Enterprise,Edtech,Hyderabad,Organic Search,Annual,33,6300.0,75600.0,0.0,83.0,18,38000.0,2022-10-30,,0,0.0
RIQ-02297,Basic,Fintech,Pune,Direct,Annual,18,630.0,7560.0,3.0,51.0,4,3800.0,2022-10-09,,0,0.0
RIQ-02298,Basic,E-commerce,Delhi,Social Media,Annual,6,640.0,7680.0,1.0,4.0,7,4600.0,2022-08-15,,0,0.0
RIQ-02299,Basic,Healthcare,Bengaluru,Organic Search,Monthly,7,650.0,7800.0,2.0,32.0,9,3900.0,2022-06-12,2023-01-11,1,7800.0
RIQ-02300,Basic,E-commerce,Bengaluru,Referral,Monthly,12,650.0,7800.0,0.0,22.0,2,3800.0,2022-05-12,2023-04-26,1,7800.0
RIQ-02301,Basic,Fintech,Pune,Social Media,Monthly,11,610.0,7320.0,1.0,38.0,4,2900.0,2022-08-05,2023-07-04,1,7320.0
RIQ-02302,Pro,Healthcare,Pune,Social Media,Monthly,14,2220.0,26640.0,3.0,83.0,17,11600.0,2023-06-14,,0,0.0
RIQ-02303,Pro,Healthcare,Delhi,Direct,Annual,4,1840.0,22080.0,1.0,58.0,15,10500.0,2022-06-09,,0,0.0
RIQ-02304,Basic,Healthcare,Delhi,Email Campaign,Monthly,20,690.0,8280.0,0.0,30.0,9,3900.0,2023-05-12,,0,0.0
RIQ-02305,Pro,Edtech,Mumbai,Direct,Monthly,21,1980.0,23760.0,0.0,53.0,13,14500.0,2023-01-24,,0,0.0
RIQ-02306,Basic,E-commerce,Pune,Paid Search,Monthly,7,650.0,7800.0,1.0,54.0,1,2800.0,2022-08-18,2023-03-05,1,7800.0
RIQ-02307,Basic,Edtech,Mumbai,Social Media,Annual,5,820.0,9840.0,6.0,16.0,2,3400.0,2023-01-01,2023-05-31,1,9840.0
RIQ-02308,Basic,Fintech,Delhi,Organic Search,Monthly,7,920.0,11040.0,4.0,20.0,7,4700.0,2023-06-21,,0,0.0
RIQ-02309,Basic,Healthcare,Delhi,Organic Search,Monthly,1,520.0,6240.0,2.0,26.0,11,4900.0,2023-10-04,2023-10-22,1,6240.0
RIQ-02310,Enterprise,Edtech,Mumbai,Paid Search,Annual,32,9810.0,117720.0,3.0,100.0,20,22200.0,2023-07-05,,0,0.0
RIQ-02311,Basic,Healthcare,Delhi,Social Media,Annual,19,780.0,9360.0,2.0,57.0,5,2700.0,2022-09-11,,0,0.0
RIQ-02312,Basic,E-commerce,Hyderabad,Social Media,Annual,9,970.0,11640.0,3.0,32.0,12,2700.0,2022-09-08,,0,0.0
RIQ-02313,Basic,E-commerce,Mumbai,Organic Search,Annual,11,990.0,11880.0,1.0,53.0,1,3700.0,2022-09-30,,0,0.0
RIQ-02314,Pro,Healthcare,Mumbai,Referral,Annual,7,2330.0,27960.0,0.0,34.0,15,10700.0,2022-03-07,2022-10-16,1,27960.0
RIQ-02315,Basic,Edtech,Bengaluru,Referral,Annual,3,610.0,7320.0,5.0,33.0,4,3700.0,2023-08-23,2023-11-30,1,7320.0
RIQ-02316,Pro,E-commerce,Hyderabad,Paid Search,Monthly,25,2280.0,27360.0,0.0,53.0,14,6700.0,2022-11-23,,0,0.0
RIQ-02317,Basic,E-commerce,Bengaluru,Paid Search,Annual,3,720.0,8640.0,2.0,3.0,8,2300.0,2023-05-03,2023-07-23,1,8640.0
RIQ-02318,Pro,Edtech,Delhi,Paid Search,Annual,1,1800.0,21600.0,1.0,68.0,14,13800.0,2022-01-10,,0,0.0
RIQ-02319,Basic,Healthcare,Hyderabad,Referral,Annual,5,940.0,11280.0,3.0,42.0,5,3800.0,2023-10-21,2024-03-10,1,11280.0
RIQ-02320,Basic,Edtech,Delhi,Social Media,Monthly,47,1000.0,12000.0,1.0,20.0,8,3200.0,2022-09-15,2026-08-04,1,12000.0
RIQ-02321,Basic,Edtech,Bengaluru,Organic Search,Monthly,13,660.0,7920.0,0.0,48.0,9,3500.0,2023-05-10,,0,0.0
RIQ-02322,Basic,Edtech,Delhi,Referral,Monthly,6,930.0,11160.0,0.0,50.0,3,2800.0,2022-09-12,2023-03-06,1,11160.0
RIQ-02323,Basic,Healthcare,Delhi,Paid Search,Monthly,15,720.0,8640.0,1.0,41.0,4,3500.0,2022-07-06,,0,0.0
RIQ-02324,Enterprise,E-commerce,Hyderabad,Email Campaign,Annual,8,7350.0,88200.0,0.0,74.0,21,46900.0,2022-06-17,,0,0.0
RIQ-02325,Basic,E-commerce,Delhi,Email Campaign,Monthly,8,550.0,6600.0,2.0,49.0,5,3900.0,2023-03-30,2023-11-20,1,6600.0
RIQ-02326,Basic,Edtech,Bengaluru,Social Media,Annual,16,890.0,10680.0,2.0,32.0,9,2900.0,2022-08-26,2023-12-10,1,10680.0
RIQ-02327,Basic,E-commerce,Chennai,Paid Search,Monthly,1,730.0,8760.0,0.0,44.0,5,3800.0,2022-11-04,2022-12-18,1,8760.0
RIQ-02328,Basic,E-commerce,Bengaluru,Social Media,Monthly,1,580.0,6960.0,1.0,55.0,1,2500.0,2023-02-10,2023-03-22,1,6960.0
RIQ-02329,Basic,E-commerce,Mumbai,Social Media,Annual,5,660.0,7920.0,2.0,33.0,11,4000.0,2023-06-13,2023-11-10,1,7920.0
RIQ-02330,Basic,Edtech,Chennai,Direct,Monthly,2,630.0,7560.0,2.0,26.0,5,4800.0,2022-09-27,2022-11-26,1,7560.0
RIQ-02331,Basic,Edtech,Bengaluru,Organic Search,Annual,4,650.0,7800.0,0.0,42.0,6,4500.0,2022-12-29,,0,0.0
RIQ-02332,Basic,E-commerce,Hyderabad,Email Campaign,Monthly,3,780.0,9360.0,2.0,31.0,7,4300.0,2023-03-04,2023-05-18,1,9360.0
RIQ-02333,Basic,Fintech,Bengaluru,Paid Search,Monthly,4,680.0,8160.0,1.0,47.0,7,4300.0,2022-05-24,2022-09-20,1,8160.0
RIQ-02334,Basic,Fintech,Delhi,Referral,Monthly,11,600.0,7200.0,1.0,32.0,1,4500.0,2022-09-20,2023-08-10,1,7200.0
RIQ-02335,Pro,Healthcare,Delhi,Paid Search,Monthly,29,1880.0,22560.0,1.0,90.0,20,7800.0,2023-07-26,,0,0.0
RIQ-02336,Basic,Fintech,Bengaluru,Paid Search,Annual,8,750.0,9000.0,3.0,29.0,4,2300.0,2022-10-08,,0,0.0
RIQ-02337,Basic,E-commerce,Mumbai,Social Media,Monthly,6,740.0,8880.0,2.0,46.0,4,4900.0,2023-08-31,2024-02-27,1,8880.0
RIQ-02338,Pro,Edtech,Delhi,Direct,Annual,1,1890.0,22680.0,0.0,64.0,15,14900.0,2023-05-14,,0,0.0
RIQ-02339,Pro,E-commerce,Delhi,Organic Search,Monthly,3,1560.0,18720.0,2.0,2.0,18,8500.0,2022-02-27,,0,0.0
RIQ-02340,Basic,E-commerce,Delhi,Paid Search,Monthly,4,960.0,11520.0,6.0,55.0,5,2400.0,2022-04-24,2022-08-22,1,11520.0
RIQ-02341,Pro,E-commerce,Delhi,Paid Search,Monthly,5,2270.0,27240.0,0.0,55.0,16,7400.0,2023-02-28,2023-08-08,1,27240.0
RIQ-02342,Pro,Healthcare,Mumbai,Organic Search,Monthly,10,1700.0,20400.0,1.0,50.0,7,9000.0,2022-04-01,,0,0.0
RIQ-02343,Basic,E-commerce,Pune,Email Campaign,Monthly,1,830.0,9960.0,3.0,30.0,4,4500.0,2023-07-25,2023-08-25,1,9960.0
RIQ-02344,Pro,Edtech,Delhi,Social Media,Annual,17,2270.0,27240.0,1.0,30.0,19,9300.0,2022-11-18,,0,0.0
RIQ-02345,Basic,Edtech,Pune,Social Media,Monthly,27,870.0,10440.0,0.0,2.0,1,2600.0,2022-08-08,,0,0.0
RIQ-02346,Pro,Fintech,Hyderabad,Direct,Annual,8,1830.0,21960.0,3.0,42.0,12,8300.0,2023-11-25,,0,0.0
RIQ-02347,Basic,Healthcare,Mumbai,Organic Search,Monthly,8,970.0,11640.0,2.0,41.0,7,2400.0,2022-05-24,,0,0.0
RIQ-02348,Pro,E-commerce,Bengaluru,Referral,Annual,20,1990.0,23880.0,1.0,59.0,8,6500.0,2022-02-19,,0,0.0
RIQ-02349,Basic,E-commerce,Chennai,Organic Search,Monthly,3,690.0,8280.0,2.0,89.0,1,5000.0,2023-08-03,2023-10-30,1,8280.0
RIQ-02350,Basic,Fintech,Mumbai,Social Media,Monthly,11,660.0,7920.0,1.0,81.0,7,3500.0,2023-07-06,,0,0.0
RIQ-02351,Basic,E-commerce,Mumbai,Organic Search,Monthly,1,870.0,10440.0,4.0,35.0,2,4900.0,2023-08-02,2023-08-19,1,10440.0
RIQ-02352,Basic,Edtech,Hyderabad,Email Campaign,Monthly,10,900.0,10800.0,1.0,19.0,6,4800.0,2022-03-31,2023-01-28,1,10800.0
RIQ-02353,Basic,Fintech,Delhi,Direct,Monthly,12,870.0,10440.0,0.0,,7,3300.0,2023-12-02,,0,0.0
RIQ-02354,Basic,Edtech,Delhi,Direct,Monthly,4,940.0,11280.0,0.0,49.0,5,4000.0,2022-06-05,,0,0.0
RIQ-02355,Pro,Healthcare,Bengaluru,Organic Search,Annual,3,1840.0,22080.0,1.0,60.0,25,13400.0,2023-06-25,2023-10-02,1,22080.0
RIQ-02356,Basic,Fintech,Mumbai,Referral,Monthly,7,510.0,6120.0,4.0,71.0,3,2000.0,2023-08-12,2024-03-03,1,6120.0
RIQ-02357,Basic,Healthcare,Delhi,Email Campaign,Annual,8,610.0,7320.0,1.0,52.0,4,2500.0,2023-03-14,,0,0.0
RIQ-02358,Basic,Fintech,Bengaluru,Referral,Annual,3,880.0,10560.0,4.0,58.0,7,3400.0,2023-06-30,,0,0.0
RIQ-02359,Basic,E-commerce,Delhi,Email Campaign,Annual,27,790.0,9480.0,2.0,45.0,4,4700.0,2022-12-30,,0,0.0
RIQ-02360,Enterprise,E-commerce,Mumbai,Organic Search,Annual,51,5940.0,71280.0,1.0,44.0,32,21000.0,2022-06-01,,0,0.0
RIQ-02361,Pro,E-commerce,Hyderabad,Referral,Monthly,37,2100.0,25200.0,0.0,39.0,21,10900.0,2022-02-10,,0,0.0
RIQ-02362,Basic,Healthcare,Hyderabad,Social Media,Annual,15,660.0,7920.0,0.0,62.0,7,4800.0,2022-11-19,,0,0.0
RIQ-02363,Pro,Edtech,Pune,Social Media,Annual,24,1660.0,19920.0,0.0,84.0,22,14300.0,2022-10-05,,0,0.0
RIQ-02364,Enterprise,Fintech,Mumbai,Email Campaign,Annual,4,5140.0,61680.0,2.0,81.0,23,21000.0,2023-03-27,,0,0.0
RIQ-02365,Basic,Healthcare,Mumbai,Social Media,Monthly,1,930.0,11160.0,2.0,45.0,7,2100.0,2022-08-02,2022-08-29,1,11160.0
RIQ-02366,Enterprise,E-commerce,Bengaluru,Social Media,Annual,16,8850.0,106200.0,2.0,100.0,21,27000.0,2023-08-28,,0,0.0
RIQ-02367,Basic,E-commerce,Mumbai,Paid Search,Monthly,7,960.0,11520.0,0.0,48.0,1,2400.0,2023-06-13,,0,0.0
RIQ-02368,Pro,Fintech,Pune,Paid Search,Annual,21,1990.0,23880.0,0.0,47.0,15,15000.0,2023-09-12,,0,0.0
RIQ-02369,Basic,E-commerce,Mumbai,Social Media,Annual,3,600.0,7200.0,3.0,19.0,1,3500.0,2022-04-03,2022-07-12,1,7200.0
RIQ-02370,Basic,E-commerce,Mumbai,Paid Search,Monthly,3,970.0,11640.0,2.0,8.0,9,3100.0,2022-01-17,2022-04-02,1,11640.0
RIQ-02371,Enterprise,E-commerce,Mumbai,Referral,Annual,15,5500.0,66000.0,0.0,77.0,18,37400.0,2023-01-05,,0,0.0
RIQ-02372,Basic,E-commerce,Hyderabad,Paid Search,Monthly,6,920.0,11040.0,3.0,46.0,6,5000.0,2022-11-04,2023-04-25,1,11040.0
RIQ-02373,Basic,Edtech,Bengaluru,Organic Search,Monthly,20,690.0,8280.0,0.0,34.0,4,2000.0,2023-04-28,,0,0.0
RIQ-02374,Pro,E-commerce,Pune,Email Campaign,Annual,23,2400.0,28800.0,2.0,38.0,11,8200.0,2022-02-16,,0,0.0
RIQ-02375,Pro,Healthcare,Delhi,Referral,Monthly,17,1630.0,19560.0,2.0,61.0,11,10200.0,2022-06-09,,0,0.0
RIQ-02376,Pro,Fintech,Chennai,Social Media,Monthly,14,2100.0,25200.0,4.0,70.0,16,11900.0,2022-08-03,,0,0.0
RIQ-02377,Basic,Edtech,Delhi,Direct,Monthly,3,710.0,8520.0,3.0,57.0,3,2500.0,2022-06-11,2022-09-07,1,8520.0
RIQ-02378,Basic,Fintech,Mumbai,Paid Search,Monthly,14,870.0,10440.0,1.0,60.0,1,2500.0,2023-11-16,,0,0.0
RIQ-02379,Pro,Edtech,Chennai,Social Media,Monthly,5,1660.0,19920.0,2.0,42.0,7,9600.0,2023-05-25,,0,0.0
RIQ-02380,Pro,Edtech,Delhi,Paid Search,Annual,6,2340.0,28080.0,0.0,45.0,9,13000.0,2023-09-29,,0,0.0
RIQ-02381,Basic,Healthcare,Pune,Direct,Monthly,17,940.0,11280.0,2.0,57.0,12,4200.0,2022-02-05,,0,0.0
RIQ-02382,Basic,Edtech,Delhi,Referral,Annual,17,770.0,9240.0,,40.0,7,4200.0,2023-09-05,,0,0.0
RIQ-02383,Basic,Fintech,Hyderabad,Social Media,Monthly,10,670.0,8040.0,2.0,56.0,2,3300.0,2022-08-17,2023-05-31,1,8040.0
RIQ-02384,Basic,Edtech,Bengaluru,Referral,Annual,27,730.0,8760.0,3.0,43.0,4,4600.0,2023-03-02,,0,0.0
RIQ-02385,Basic,E-commerce,Delhi,Organic Search,Monthly,8,800.0,9600.0,3.0,59.0,8,2900.0,2023-10-15,2024-05-27,1,9600.0
RIQ-02386,Enterprise,E-commerce,Mumbai,Social Media,Annual,27,5640.0,67680.0,0.0,83.0,28,46700.0,2023-11-04,,0,0.0
RIQ-02387,Basic,E-commerce,Mumbai,Paid Search,Annual,10,550.0,6600.0,3.0,34.0,4,4200.0,2023-05-20,,0,0.0
RIQ-02388,Pro,Edtech,Hyderabad,Social Media,Annual,1,1720.0,20640.0,1.0,79.0,18,7300.0,2022-05-13,,0,0.0
RIQ-02389,Basic,Fintech,Bengaluru,Direct,Monthly,3,870.0,10440.0,2.0,65.0,7,4700.0,2023-02-18,2023-05-13,1,10440.0
RIQ-02390,Basic,Fintech,Bengaluru,Direct,Annual,6,590.0,7080.0,0.0,56.0,8,2900.0,2023-11-07,,0,0.0
RIQ-02391,Basic,E-commerce,Bengaluru,Direct,Monthly,1,790.0,9480.0,0.0,63.0,10,3700.0,2023-06-14,,0,0.0
RIQ-02392,Basic,Healthcare,Mumbai,Organic Search,Monthly,4,560.0,6720.0,1.0,43.0,13,4000.0,2023-03-09,2023-07-03,1,6720.0
RIQ-02393,Basic,Healthcare,Pune,Organic Search,Monthly,5,520.0,6240.0,1.0,63.0,15,2100.0,2023-01-30,2023-07-04,1,6240.0
RIQ-02394,Pro,Edtech,Delhi,Referral,Monthly,22,1640.0,19680.0,0.0,68.0,17,8100.0,2022-02-04,,0,0.0
RIQ-02395,Pro,E-commerce,Bengaluru,Referral,Annual,13,1510.0,18120.0,1.0,54.0,8,9100.0,2023-05-08,,0,0.0
RIQ-02396,Pro,Edtech,Chennai,Organic Search,Monthly,4,2320.0,27840.0,0.0,72.0,8,7900.0,2023-08-15,2023-12-10,1,27840.0
RIQ-02397,Basic,Fintech,Pune,Email Campaign,Monthly,2,770.0,9240.0,1.0,62.0,3,2800.0,2022-05-01,2022-07-08,1,9240.0
RIQ-02398,Basic,E-commerce,Delhi,Social Media,Monthly,4,670.0,8040.0,5.0,29.0,4,3000.0,2022-07-10,2022-10-31,1,8040.0
RIQ-02399,Enterprise,Edtech,Bengaluru,Email Campaign,Monthly,12,7280.0,87360.0,0.0,84.0,20,40800.0,2022-04-09,,0,0.0
RIQ-02400,Basic,Healthcare,Chennai,Social Media,Monthly,22,530.0,6360.0,1.0,45.0,8,3900.0,2023-01-10,2024-10-29,1,6360.0
RIQ-02401,Pro,Healthcare,Pune,Social Media,Monthly,33,1730.0,20760.0,1.0,54.0,20,7100.0,2023-04-14,,0,0.0
RIQ-02402,Pro,E-commerce,Mumbai,Paid Search,Annual,1,1630.0,19560.0,1.0,68.0,11,11000.0,2022-12-22,2023-01-15,1,19560.0
RIQ-02403,Basic,Healthcare,Delhi,Direct,Monthly,3,980.0,11760.0,1.0,47.0,6,2500.0,2023-06-01,,0,0.0
RIQ-02404,Basic,Edtech,Hyderabad,Email Campaign,Monthly,9,750.0,9000.0,4.0,45.0,9,4500.0,2022-05-26,,0,0.0
RIQ-02405,Basic,Edtech,Bengaluru,Organic Search,Annual,6,870.0,10440.0,2.0,56.0,5,3600.0,2022-12-29,,0,0.0
RIQ-02406,Pro,E-commerce,Delhi,Organic Search,Annual,25,2030.0,24360.0,0.0,40.0,19,9300.0,2022-02-18,,0,0.0
RIQ-02407,Pro,E-commerce,Delhi,Organic Search,Monthly,2,2450.0,29400.0,1.0,42.0,14,6900.0,2023-06-28,2023-08-17,1,29400.0
RIQ-02408,Basic,Fintech,Hyderabad,Organic Search,Annual,9,820.0,9840.0,3.0,32.0,2,2700.0,2023-09-26,,0,0.0
RIQ-02409,Pro,E-commerce,Delhi,Organic Search,Annual,13,2040.0,24480.0,0.0,60.0,11,7800.0,2023-09-17,,0,0.0
RIQ-02410,Enterprise,Edtech,Mumbai,Paid Search,Annual,32,9840.0,118080.0,0.0,69.0,21,58900.0,2023-02-15,,0,0.0
RIQ-02411,Basic,Edtech,Delhi,Social Media,Annual,12,950.0,11400.0,0.0,82.0,1,3000.0,2023-04-25,,0,0.0
RIQ-02412,Basic,Edtech,Delhi,Social Media,Monthly,2,540.0,6480.0,1.0,55.0,12,2900.0,2023-07-24,2023-09-28,1,6480.0
RIQ-02413,Pro,Edtech,Mumbai,Referral,Annual,8,2460.0,29520.0,1.0,45.0,16,7300.0,2022-03-02,,0,0.0
RIQ-02414,Basic,E-commerce,Mumbai,Organic Search,Monthly,1,580.0,6960.0,2.0,44.0,11,4400.0,2022-09-06,2022-10-03,1,6960.0
RIQ-02415,Pro,E-commerce,Pune,Paid Search,Monthly,18,1690.0,20280.0,2.0,73.0,12,14700.0,2022-12-25,,0,0.0
RIQ-02416,Pro,Healthcare,Delhi,Referral,Annual,14,2390.0,28680.0,0.0,83.0,15,14500.0,2022-05-07,2023-07-09,1,28680.0
RIQ-02417,Pro,Edtech,Mumbai,Referral,Monthly,3,1940.0,23280.0,1.0,59.0,4,8900.0,2023-11-20,,0,0.0
RIQ-02418,Basic,Fintech,Pune,Paid Search,Monthly,6,760.0,9120.0,2.0,40.0,6,4300.0,2023-06-21,2023-12-06,1,9120.0
RIQ-02419,Basic,Edtech,Hyderabad,Email Campaign,Monthly,1,720.0,8640.0,3.0,62.0,6,4200.0,2022-05-08,2022-06-09,1,8640.0
RIQ-02420,Basic,Edtech,Delhi,Referral,Monthly,4,990.0,11880.0,1.0,53.0,8,4600.0,2022-12-16,,0,0.0
RIQ-02421,Basic,E-commerce,Mumbai,Organic Search,Monthly,1,920.0,11040.0,4.0,54.0,1,2300.0,2022-09-19,,0,0.0
RIQ-02422,Basic,E-commerce,Hyderabad,Referral,Annual,3,940.0,11280.0,1.0,29.0,5,4300.0,2023-05-14,,0,0.0
RIQ-02423,Basic,Fintech,Mumbai,Social Media,Annual,3,1000.0,12000.0,2.0,52.0,9,4900.0,2023-09-10,,0,0.0
RIQ-02424,Enterprise,Fintech,Bengaluru,Paid Search,Annual,36,9250.0,111000.0,2.0,54.0,17,36900.0,2023-05-22,,0,0.0
RIQ-02425,Basic,Edtech,Mumbai,Social Media,Annual,6,820.0,9840.0,0.0,55.0,6,4500.0,2022-10-14,,0,0.0
RIQ-02426,Basic,E-commerce,Chennai,Paid Search,Annual,5,820.0,9840.0,0.0,34.0,5,3300.0,2022-12-03,,0,0.0
RIQ-02427,Pro,E-commerce,Pune,Organic Search,Annual,7,1580.0,18960.0,2.0,98.0,22,8200.0,2022-04-14,2022-11-17,1,18960.0
RIQ-02428,Basic,E-commerce,Mumbai,Organic Search,Monthly,30,790.0,9480.0,2.0,48.0,8,2800.0,2023-11-13,,0,0.0
RIQ-02429,Basic,Edtech,Bengaluru,Social Media,Monthly,9,740.0,8880.0,4.0,44.0,4,3700.0,2023-09-14,2024-06-21,1,8880.0
RIQ-02430,Basic,Fintech,Bengaluru,Organic Search,Monthly,18,830.0,9960.0,3.0,22.0,5,2300.0,2022-02-13,2023-08-11,1,9960.0
RIQ-02431,Basic,Fintech,Hyderabad,Organic Search,Annual,1,550.0,6600.0,1.0,43.0,1,2400.0,2022-04-08,,0,0.0
RIQ-02432,Pro,E-commerce,Hyderabad,Paid Search,Monthly,4,2170.0,26040.0,2.0,67.0,18,9500.0,2023-09-11,,0,0.0
RIQ-02433,Pro,Fintech,Delhi,Organic Search,Monthly,9,1850.0,22200.0,0.0,65.0,5,11200.0,2023-03-27,,0,0.0
RIQ-02434,Basic,Edtech,Hyderabad,Social Media,Monthly,4,970.0,11640.0,5.0,72.0,7,4300.0,2023-10-06,2024-02-11,1,11640.0
RIQ-02435,Pro,Fintech,Bengaluru,Referral,Annual,32,2070.0,24840.0,1.0,68.0,13,9000.0,2022-01-25,,0,0.0
RIQ-02436,Pro,Fintech,Delhi,Paid Search,Annual,17,1910.0,22920.0,1.0,47.0,18,13600.0,2022-01-30,,0,0.0
RIQ-02437,Basic,Edtech,Pune,Paid Search,Annual,3,910.0,10920.0,1.0,24.0,6,4900.0,2022-12-19,2023-03-15,1,10920.0
RIQ-02438,Pro,E-commerce,Chennai,Social Media,Annual,28,1550.0,18600.0,3.0,41.0,17,11700.0,2023-04-15,,0,0.0
RIQ-02439,Enterprise,E-commerce,Delhi,Paid Search,Annual,4,5800.0,69600.0,0.0,100.0,26,32900.0,2023-07-26,,0,0.0
RIQ-02440,Enterprise,Fintech,Mumbai,Social Media,Annual,60,7010.0,84120.0,1.0,68.0,24,40000.0,2022-12-23,,0,0.0
RIQ-02441,Enterprise,E-commerce,Pune,Paid Search,Annual,54,5440.0,65280.0,1.0,64.0,23,53400.0,2022-12-27,,0,0.0
RIQ-02442,Basic,E-commerce,Pune,Email Campaign,Monthly,5,610.0,7320.0,4.0,70.0,9,4700.0,2022-11-10,2023-03-28,1,7320.0
RIQ-02443,Basic,Edtech,Delhi,Social Media,Monthly,5,810.0,9720.0,1.0,77.0,12,4300.0,2023-10-17,2024-03-05,1,9720.0
RIQ-02444,Pro,E-commerce,Pune,Email Campaign,Annual,17,1980.0,23760.0,2.0,53.0,10,14100.0,2022-12-12,,0,0.0
RIQ-02445,Enterprise,Edtech,Pune,Paid Search,Annual,11,9800.0,117600.0,0.0,73.0,15,32400.0,2022-11-27,,0,0.0
RIQ-02446,Pro,Edtech,Mumbai,Social Media,Annual,2,2010.0,24120.0,2.0,47.0,15,12800.0,2023-10-20,,0,0.0
RIQ-02447,Pro,E-commerce,Delhi,Social Media,Monthly,55,1900.0,22800.0,1.0,75.0,11,6800.0,2022-03-19,,0,0.0
RIQ-02448,Basic,Edtech,Pune,Social Media,Annual,2,940.0,11280.0,2.0,31.0,6,4600.0,2023-02-19,,0,0.0
RIQ-02449,Basic,Fintech,Chennai,Referral,Annual,9,680.0,8160.0,2.0,36.0,9,4800.0,2022-05-17,,0,0.0
RIQ-02450,Basic,Fintech,Delhi,Email Campaign,Annual,6,910.0,10920.0,4.0,33.0,7,3800.0,2022-10-28,,0,0.0
RIQ-02451,Enterprise,Healthcare,Mumbai,Organic Search,Monthly,26,6120.0,73440.0,1.0,78.0,17,59700.0,2022-02-11,,0,0.0
RIQ-02452,Pro,Fintech,Mumbai,Organic Search,Annual,13,1530.0,18360.0,1.0,46.0,12,14800.0,2022-08-18,,0,0.0
RIQ-02453,Basic,Edtech,Hyderabad,Social Media,Monthly,9,610.0,7320.0,5.0,52.0,4,4400.0,2023-10-26,,0,0.0
RIQ-02454,Basic,Healthcare,Bengaluru,Email Campaign,Monthly,5,980.0,11760.0,2.0,80.0,4,4500.0,2023-09-19,2024-02-16,1,11760.0
RIQ-02455,Pro,Fintech,Hyderabad,Email Campaign,Annual,4,2070.0,24840.0,0.0,58.0,11,10700.0,2023-02-27,,0,0.0
RIQ-02456,Enterprise,Edtech,Pune,Social Media,Annual,7,7880.0,94560.0,2.0,63.0,22,59300.0,2023-02-01,,0,0.0
RIQ-02457,Pro,Fintech,Bengaluru,Direct,Annual,6,2300.0,27600.0,1.0,63.0,14,9300.0,2022-09-27,,0,0.0
RIQ-02458,Pro,Fintech,Hyderabad,Social Media,Annual,1,1730.0,20760.0,0.0,77.0,12,12200.0,2023-07-08,2023-08-03,1,20760.0
RIQ-02459,Enterprise,E-commerce,Delhi,Paid Search,Annual,56,9140.0,109680.0,1.0,57.0,24,23900.0,2022-09-10,,0,0.0
RIQ-02460,Basic,Healthcare,Hyderabad,Paid Search,Monthly,3,960.0,11520.0,0.0,51.0,1,3400.0,2023-06-04,2023-09-09,1,11520.0
RIQ-02461,Basic,Edtech,Chennai,Paid Search,Annual,5,800.0,9600.0,1.0,32.0,2,4200.0,2022-12-23,,0,0.0
RIQ-02462,Pro,Edtech,Bengaluru,Paid Search,Monthly,2,2480.0,29760.0,0.0,49.0,13,6500.0,2023-04-22,2023-06-14,1,29760.0
RIQ-02463,Basic,Edtech,Mumbai,Paid Search,Annual,3,750.0,9000.0,0.0,35.0,5,4900.0,2023-03-23,2023-06-08,1,9000.0
RIQ-02464,Basic,E-commerce,Delhi,Paid Search,Monthly,34,780.0,9360.0,1.0,19.0,8,4700.0,2022-02-28,,0,0.0
RIQ-02465,Basic,Edtech,Hyderabad,Social Media,Monthly,31,530.0,6360.0,3.0,48.0,5,4900.0,2022-12-29,2025-07-03,1,6360.0
RIQ-02466,Basic,Edtech,Pune,Paid Search,Monthly,19,950.0,11400.0,3.0,31.0,9,3800.0,2022-01-29,2023-08-29,1,11400.0
RIQ-02467,Enterprise,Fintech,Hyderabad,Email Campaign,Annual,9,5670.0,68040.0,1.0,66.0,17,41500.0,2023-02-10,,0,0.0
RIQ-02468,Basic,E-commerce,Hyderabad,Social Media,Monthly,9,840.0,10080.0,2.0,15.0,8,3700.0,2022-12-05,2023-08-24,1,10080.0
RIQ-02469,Pro,Healthcare,Hyderabad,Organic Search,Annual,6,1640.0,19680.0,3.0,76.0,13,11300.0,2023-07-07,,0,0.0
RIQ-02470,Basic,Healthcare,Bengaluru,Email Campaign,Monthly,15,980.0,11760.0,1.0,44.0,8,4300.0,2022-02-24,2023-05-27,1,11760.0
RIQ-02471,Basic,Healthcare,Hyderabad,Referral,Monthly,1,530.0,6360.0,2.0,45.0,5,3200.0,2022-03-07,2022-04-07,1,6360.0
RIQ-02472,Basic,Healthcare,Mumbai,Paid Search,Monthly,5,990.0,11880.0,3.0,28.0,4,2500.0,2022-07-03,2022-12-11,1,11880.0
RIQ-02473,Pro,E-commerce,Delhi,Email Campaign,Monthly,22,1620.0,19440.0,0.0,90.0,19,9600.0,2022-04-02,,0,0.0
RIQ-02474,Basic,Edtech,Pune,Organic Search,Monthly,2,840.0,10080.0,3.0,18.0,3,4100.0,2023-02-22,2023-04-20,1,10080.0
RIQ-02475,Enterprise,E-commerce,Bengaluru,Referral,Annual,49,5480.0,65760.0,1.0,64.0,14,30100.0,2022-12-30,,0,0.0
RIQ-02476,Pro,Edtech,Pune,Organic Search,Monthly,2,1590.0,19080.0,1.0,60.0,16,8000.0,2022-09-24,,0,0.0
RIQ-02477,Pro,Edtech,Mumbai,Email Campaign,Annual,7,2130.0,25560.0,0.0,48.0,14,6800.0,2022-12-14,,0,0.0
RIQ-02478,Enterprise,Edtech,Chennai,Organic Search,Annual,2,9400.0,112800.0,0.0,59.0,21,34900.0,2022-03-04,,0,0.0
RIQ-02479,Basic,Fintech,Mumbai,Email Campaign,Monthly,7,580.0,6960.0,5.0,59.0,8,2000.0,2023-06-26,2024-01-07,1,6960.0
RIQ-02480,Pro,Fintech,Mumbai,Referral,Annual,2,2400.0,28800.0,1.0,54.0,11,6600.0,2023-07-31,,0,0.0
RIQ-02481,Basic,E-commerce,Delhi,Email Campaign,Annual,6,820.0,9840.0,2.0,14.0,2,2500.0,2023-05-26,,0,0.0
RIQ-02482,Pro,Edtech,Bengaluru,Organic Search,Monthly,22,2370.0,28440.0,2.0,76.0,18,11200.0,2022-06-08,,0,0.0
RIQ-02483,Enterprise,Healthcare,Hyderabad,Organic Search,Monthly,58,8530.0,102360.0,1.0,72.0,21,37800.0,2022-07-01,,0,0.0
RIQ-02484,Basic,E-commerce,Delhi,Social Media,Monthly,2,810.0,9720.0,0.0,55.0,2,4900.0,2023-07-05,2023-09-16,1,9720.0
RIQ-02485,Basic,E-commerce,Delhi,Organic Search,Annual,2,650.0,7800.0,1.0,41.0,6,2300.0,2022-10-26,,0,0.0
RIQ-02486,Pro,Edtech,Pune,Organic Search,Annual,3,1670.0,20040.0,0.0,59.0,15,11400.0,2022-04-13,,0,0.0
RIQ-02487,Enterprise,Healthcare,Chennai,Social Media,Annual,57,9600.0,115200.0,1.0,100.0,19,35600.0,2023-04-11,,0,0.0
RIQ-02488,Basic,Edtech,Mumbai,Paid Search,Monthly,3,720.0,8640.0,2.0,44.0,11,3700.0,2022-04-30,2022-08-04,1,8640.0
RIQ-02489,Basic,E-commerce,Bengaluru,Direct,Monthly,2,620.0,7440.0,5.0,5.0,5,4400.0,2023-05-18,2023-07-08,1,7440.0
RIQ-02490,Basic,Fintech,Bengaluru,Social Media,Monthly,1,990.0,11880.0,2.0,20.0,12,4500.0,2023-05-07,2023-06-16,1,11880.0
RIQ-02491,Pro,Fintech,Delhi,Organic Search,Annual,16,2090.0,25080.0,3.0,71.0,15,11900.0,2023-06-17,,0,0.0
RIQ-02492,Basic,Healthcare,Hyderabad,Email Campaign,Monthly,1,780.0,9360.0,2.0,63.0,8,3200.0,2023-06-29,2023-07-30,1,9360.0
RIQ-02493,Pro,Edtech,Mumbai,Organic Search,Annual,2,1820.0,21840.0,0.0,76.0,10,8600.0,2023-04-04,,0,0.0
RIQ-02494,Basic,Edtech,Delhi,Email Campaign,Annual,10,700.0,8400.0,1.0,50.0,13,2200.0,2023-01-22,,0,0.0
RIQ-02495,Basic,E-commerce,Hyderabad,Paid Search,Annual,1,780.0,9360.0,0.0,42.0,7,3200.0,2023-09-17,,0,0.0
RIQ-02496,Enterprise,Healthcare,Pune,Paid Search,Annual,5,6430.0,77160.0,1.0,80.0,19,21700.0,2023-12-02,,0,0.0
RIQ-02497,Pro,Fintech,Bengaluru,Social Media,Monthly,50,2450.0,29400.0,0.0,97.0,11,12700.0,2022-11-11,,0,0.0
RIQ-02498,Basic,E-commerce,Delhi,Email Campaign,Monthly,6,590.0,7080.0,1.0,50.0,5,4200.0,2022-11-18,,0,0.0
RIQ-02499,Basic,E-commerce,Mumbai,Referral,Monthly,3,650.0,7800.0,2.0,60.0,4,4900.0,2022-07-12,2022-10-06,1,7800.0
RIQ-02500,Basic,Edtech,Mumbai,Direct,Monthly,19,940.0,11280.0,3.0,67.0,5,4500.0,2023-06-05,2024-12-27,1,11280.0
RIQ-02501,Basic,Fintech,Delhi,Paid Search,Monthly,54,520.0,6240.0,1.0,66.0,7,2300.0,2022-08-08,,0,0.0
RIQ-02502,Basic,Edtech,Delhi,Paid Search,Monthly,6,860.0,10320.0,4.0,52.0,4,4100.0,2022-03-16,,0,0.0
RIQ-02503,Basic,E-commerce,Delhi,Paid Search,Monthly,3,810.0,9720.0,2.0,49.0,4,3100.0,2022-02-16,2022-05-31,1,9720.0
RIQ-02504,Basic,Healthcare,Bengaluru,Direct,Monthly,6,640.0,7680.0,1.0,91.0,13,4400.0,2022-09-04,2023-03-09,1,7680.0
RIQ-02505,Pro,Fintech,Hyderabad,Social Media,Annual,60,2490.0,29880.0,1.0,52.0,16,13500.0,2022-08-22,,0,0.0
RIQ-02506,Basic,E-commerce,Delhi,Organic Search,Monthly,2,570.0,6840.0,6.0,77.0,5,4000.0,2022-09-10,2022-11-13,1,6840.0
RIQ-02507,Basic,E-commerce,Mumbai,Organic Search,Monthly,18,780.0,9360.0,2.0,55.0,3,2900.0,2023-10-04,,0,0.0
RIQ-02508,Pro,Healthcare,Bengaluru,Referral,Annual,16,2410.0,28920.0,3.0,71.0,8,9700.0,2023-02-24,,0,0.0
RIQ-02509,Basic,Fintech,Chennai,Organic Search,Annual,2,640.0,7680.0,5.0,49.0,2,4500.0,2022-07-14,,0,0.0
RIQ-02510,Enterprise,Fintech,Hyderabad,Organic Search,Annual,4,8130.0,97560.0,1.0,70.0,23,25200.0,2023-02-09,,0,0.0
RIQ-02511,Basic,Fintech,Pune,Organic Search,Monthly,4,840.0,10080.0,3.0,48.0,3,2300.0,2022-03-14,2022-07-17,1,10080.0
RIQ-02512,Basic,Healthcare,Bengaluru,Paid Search,Annual,4,530.0,6360.0,4.0,45.0,1,3000.0,2023-07-04,,0,0.0
RIQ-02513,Basic,E-commerce,Delhi,Direct,Annual,7,840.0,10080.0,1.0,43.0,1,2900.0,2023-02-12,,0,0.0
RIQ-02514,Basic,E-commerce,Hyderabad,Email Campaign,Monthly,1,630.0,7560.0,4.0,38.0,12,4500.0,2022-05-03,2022-05-30,1,7560.0
RIQ-02515,Basic,Fintech,Bengaluru,Paid Search,Monthly,4,780.0,9360.0,2.0,62.0,1,2400.0,2023-05-25,2023-09-13,1,9360.0
RIQ-02516,Basic,E-commerce,Mumbai,Social Media,Monthly,4,550.0,6600.0,2.0,77.0,4,4500.0,2022-08-23,2022-12-07,1,6600.0
RIQ-02517,Basic,Edtech,Delhi,Referral,Monthly,2,900.0,10800.0,2.0,55.0,6,3800.0,2022-09-05,2022-11-02,1,10800.0
RIQ-02518,Basic,Fintech,Mumbai,Direct,Monthly,9,800.0,9600.0,3.0,51.0,5,4000.0,2022-02-12,,0,0.0
RIQ-02519,Basic,Healthcare,Bengaluru,Email Campaign,Monthly,1,880.0,10560.0,3.0,14.0,1,3700.0,2022-11-22,2022-12-08,1,10560.0
RIQ-02520,Pro,Edtech,Bengaluru,Direct,Monthly,1,2450.0,29400.0,2.0,79.0,17,7800.0,2022-06-29,,0,0.0
RIQ-02521,Pro,E-commerce,Mumbai,Email Campaign,Annual,20,1890.0,22680.0,2.0,91.0,13,10600.0,2022-06-06,,0,0.0
RIQ-02522,Pro,E-commerce,Delhi,Paid Search,Monthly,28,2130.0,25560.0,2.0,52.0,17,9900.0,2022-12-10,,0,0.0
RIQ-02523,Enterprise,Fintech,Delhi,Organic Search,Annual,29,5350.0,64200.0,2.0,58.0,19,26400.0,2022-09-09,,0,0.0
RIQ-02524,Pro,Fintech,Delhi,Organic Search,Annual,4,2050.0,24600.0,1.0,59.0,14,12200.0,2022-11-22,,0,0.0
RIQ-02525,Pro,Edtech,Pune,Social Media,Annual,20,2030.0,24360.0,1.0,77.0,22,12500.0,2023-09-26,,0,0.0
RIQ-02526,Basic,E-commerce,Delhi,Direct,Monthly,1,520.0,6240.0,3.0,38.0,1,2700.0,2022-04-17,2022-05-23,1,6240.0
RIQ-02527,Basic,Fintech,Delhi,Paid Search,Monthly,4,910.0,10920.0,1.0,56.0,2,2400.0,2023-08-04,,0,0.0
RIQ-02528,Basic,Healthcare,Pune,Referral,Monthly,20,780.0,9360.0,1.0,29.0,2,2100.0,2022-03-17,,0,0.0
RIQ-02529,Basic,Edtech,Delhi,Referral,Monthly,34,780.0,9360.0,2.0,43.0,8,2800.0,2023-01-31,,0,0.0
RIQ-02530,Enterprise,Fintech,Mumbai,Referral,Annual,12,8740.0,104880.0,1.0,100.0,22,59200.0,2023-12-01,,0,0.0
RIQ-02531,Basic,E-commerce,Hyderabad,Email Campaign,Monthly,25,820.0,9840.0,4.0,78.0,13,4800.0,2023-05-06,,0,0.0
RIQ-02532,Basic,Fintech,Mumbai,Social Media,Monthly,13,680.0,8160.0,1.0,19.0,7,2900.0,2022-05-28,,0,0.0
RIQ-02533,Pro,E-commerce,Hyderabad,Organic Search,Annual,1,1890.0,22680.0,1.0,65.0,12,9300.0,2022-09-21,,0,0.0
RIQ-02534,Pro,Fintech,Delhi,Paid Search,Monthly,15,2300.0,27600.0,0.0,63.0,19,9700.0,2022-05-28,,0,0.0
RIQ-02535,Enterprise,E-commerce,Mumbai,Email Campaign,Annual,4,9260.0,111120.0,0.0,66.0,13,28300.0,2023-02-16,,0,0.0
RIQ-02536,Enterprise,Fintech,Chennai,Social Media,Annual,3,7030.0,84360.0,1.0,49.0,19,58100.0,2023-03-04,,0,0.0
RIQ-02537,Basic,Fintech,Delhi,Paid Search,Monthly,5,730.0,8760.0,1.0,56.0,7,4000.0,2022-12-12,2023-05-06,1,8760.0
RIQ-02538,Pro,E-commerce,Mumbai,Referral,Monthly,5,1750.0,21000.0,0.0,62.0,19,14500.0,2022-07-15,,0,0.0
RIQ-02539,Enterprise,E-commerce,Hyderabad,Social Media,Annual,40,8920.0,107040.0,1.0,72.0,16,50600.0,2023-01-08,,0,0.0
RIQ-02540,Pro,E-commerce,Hyderabad,Referral,Annual,21,1910.0,22920.0,1.0,70.0,10,9500.0,2023-10-22,,0,0.0
RIQ-02541,Basic,E-commerce,Hyderabad,Organic Search,Monthly,9,770.0,9240.0,2.0,45.0,8,2900.0,2023-04-09,,0,0.0
RIQ-02542,Pro,Healthcare,Mumbai,Email Campaign,Monthly,7,2120.0,25440.0,2.0,90.0,11,9000.0,2022-02-22,,0,0.0
RIQ-02543,Basic,Healthcare,Delhi,Social Media,Monthly,1,830.0,9960.0,1.0,42.0,12,2500.0,2023-06-14,2023-07-12,1,9960.0
RIQ-02544,Pro,Edtech,Mumbai,Paid Search,Monthly,2,1880.0,22560.0,0.0,40.0,18,12700.0,2023-11-15,2024-01-04,1,22560.0
RIQ-02545,Pro,Edtech,Hyderabad,Referral,Annual,15,1650.0,19800.0,0.0,31.0,14,13200.0,2023-02-16,,0,0.0
RIQ-02546,Basic,Healthcare,Bengaluru,Paid Search,Monthly,1,660.0,7920.0,4.0,67.0,8,4200.0,2022-09-09,2022-10-21,1,7920.0
RIQ-02547,Pro,Healthcare,Pune,Organic Search,Annual,3,2110.0,25320.0,2.0,77.0,14,11700.0,2023-09-20,,0,0.0
RIQ-02548,Basic,Fintech,Mumbai,Email Campaign,Monthly,2,550.0,6600.0,4.0,29.0,12,2300.0,2022-03-08,,0,0.0
RIQ-02549,Pro,Fintech,Bengaluru,Email Campaign,Monthly,23,1550.0,18600.0,2.0,78.0,16,14100.0,2022-04-03,,0,0.0
RIQ-02550,Enterprise,E-commerce,Delhi,Social Media,Annual,1,5750.0,69000.0,1.0,88.0,19,44900.0,2022-08-07,,0,0.0
RIQ-02551,Pro,Fintech,Pune,Organic Search,Monthly,2,1810.0,21720.0,0.0,62.0,11,12300.0,2023-04-03,,0,0.0
RIQ-02552,Basic,Edtech,Delhi,Organic Search,Monthly,9,550.0,6600.0,5.0,45.0,5,4700.0,2023-07-30,2024-04-15,1,6600.0
RIQ-02553,Basic,E-commerce,Pune,Paid Search,Annual,5,770.0,9240.0,1.0,30.0,11,2500.0,2023-09-26,2024-02-21,1,9240.0
RIQ-02554,Pro,Fintech,Chennai,Paid Search,Annual,2,2480.0,29760.0,0.0,45.0,6,12000.0,2022-09-13,,0,0.0
RIQ-02555,Enterprise,Healthcare,Pune,Direct,Annual,40,7220.0,86640.0,1.0,88.0,22,35200.0,2022-02-10,,0,0.0
RIQ-02556,Pro,Fintech,Pune,Organic Search,Monthly,16,1670.0,20040.0,0.0,82.0,8,14900.0,2022-01-21,,0,0.0
RIQ-02557,Basic,Healthcare,Mumbai,Paid Search,Annual,8,720.0,8640.0,3.0,53.0,8,3300.0,2023-08-09,2024-03-26,1,8640.0
RIQ-02558,Enterprise,Edtech,Hyderabad,Social Media,Annual,16,8360.0,100320.0,1.0,84.0,26,55500.0,2022-12-19,,0,0.0
RIQ-02559,Enterprise,Fintech,Mumbai,Email Campaign,Monthly,6,5340.0,64080.0,0.0,100.0,27,56700.0,2022-05-19,,0,0.0
RIQ-02560,Enterprise,E-commerce,Mumbai,Direct,Annual,11,5550.0,66600.0,1.0,36.0,25,31700.0,2023-11-16,,0,0.0
RIQ-02561,Pro,Healthcare,Chennai,Organic Search,Monthly,29,2290.0,27480.0,1.0,38.0,7,14900.0,2022-03-27,,0,0.0
RIQ-02562,Basic,E-commerce,Bengaluru,Direct,Annual,11,810.0,9720.0,3.0,21.0,6,3300.0,2023-08-28,,0,0.0
RIQ-02563,Basic,Edtech,Bengaluru,Paid Search,Annual,13,600.0,7200.0,1.0,38.0,7,4900.0,2022-10-14,,0,0.0
RIQ-02564,Pro,E-commerce,Delhi,Email Campaign,Monthly,11,1820.0,21840.0,4.0,83.0,14,8100.0,2022-06-20,,0,0.0
RIQ-02565,Pro,Fintech,Mumbai,Email Campaign,Annual,6,1950.0,23400.0,2.0,83.0,20,12700.0,2023-03-20,2023-09-11,1,23400.0
RIQ-02566,Basic,Healthcare,Bengaluru,Direct,Monthly,2,730.0,8760.0,5.0,33.0,7,3700.0,2022-03-24,2022-05-18,1,8760.0
RIQ-02567,Basic,Fintech,Mumbai,Direct,Monthly,33,810.0,9720.0,1.0,42.0,6,2100.0,2023-08-11,,0,0.0
RIQ-02568,Basic,E-commerce,Mumbai,Organic Search,Monthly,8,690.0,8280.0,1.0,59.0,7,4100.0,2022-02-06,,0,0.0
RIQ-02569,Pro,E-commerce,Delhi,Social Media,Monthly,22,1870.0,22440.0,0.0,47.0,13,13100.0,2023-06-09,,0,0.0
RIQ-02570,Basic,Fintech,Hyderabad,Paid Search,Monthly,8,670.0,8040.0,0.0,70.0,3,4200.0,2022-12-21,,0,0.0
RIQ-02571,Enterprise,Fintech,Mumbai,Paid Search,Annual,1,6330.0,75960.0,2.0,86.0,24,46600.0,2023-04-06,,0,0.0
RIQ-02572,Pro,Fintech,Delhi,Direct,Annual,48,1820.0,21840.0,2.0,39.0,12,6200.0,2023-06-06,,0,0.0
RIQ-02573,Basic,Fintech,Mumbai,Organic Search,Monthly,4,880.0,10560.0,1.0,30.0,1,2500.0,2022-09-06,2022-12-22,1,10560.0
RIQ-02574,Enterprise,E-commerce,Hyderabad,Organic Search,Annual,13,6180.0,74160.0,0.0,72.0,24,20500.0,2022-03-31,,0,0.0
RIQ-02575,Basic,Healthcare,Delhi,Organic Search,Monthly,3,900.0,10800.0,1.0,17.0,10,2500.0,2023-09-25,2023-12-11,1,10800.0
RIQ-02576,Enterprise,E-commerce,Hyderabad,Referral,Monthly,6,7300.0,87600.0,0.0,66.0,19,24900.0,2022-12-05,,0,0.0
RIQ-02577,Basic,Edtech,Mumbai,Email Campaign,Monthly,2,850.0,10200.0,1.0,52.0,2,4200.0,2022-07-24,2022-10-06,1,10200.0
RIQ-02578,Pro,Healthcare,Bengaluru,Social Media,Annual,5,2450.0,29400.0,0.0,27.0,15,12200.0,2022-01-04,,0,0.0
RIQ-02579,Pro,Healthcare,Delhi,Email Campaign,Annual,34,2220.0,26640.0,1.0,47.0,16,10800.0,2023-02-01,,0,0.0
RIQ-02580,Pro,E-commerce,Pune,Social Media,Monthly,4,1700.0,20400.0,3.0,34.0,9,7700.0,2023-05-23,,0,0.0
RIQ-02581,Pro,Fintech,Delhi,Social Media,Annual,7,2180.0,26160.0,1.0,84.0,13,10600.0,2022-03-04,,0,0.0
RIQ-02582,Basic,Healthcare,Hyderabad,Referral,Monthly,11,990.0,11880.0,0.0,40.0,1,2400.0,2022-09-27,,0,0.0
RIQ-02583,Pro,Edtech,Mumbai,Social Media,Monthly,2,2200.0,26400.0,2.0,69.0,12,8900.0,2022-03-19,2022-05-09,1,26400.0
RIQ-02584,Basic,Healthcare,Delhi,Direct,Monthly,1,580.0,6960.0,0.0,28.0,8,3800.0,2023-10-13,2023-11-23,1,6960.0
RIQ-02585,Basic,E-commerce,Hyderabad,Referral,Monthly,25,640.0,7680.0,4.0,,2,2800.0,2023-03-13,,0,0.0
RIQ-02586,Basic,Edtech,Pune,Paid Search,Annual,27,500.0,6000.0,2.0,47.0,1,2800.0,2023-12-01,,0,0.0
RIQ-02587,Basic,E-commerce,Bengaluru,Email Campaign,Monthly,1,530.0,6360.0,2.0,55.0,8,4200.0,2022-12-19,2023-01-31,1,6360.0
RIQ-02588,Enterprise,Healthcare,Bengaluru,Referral,Annual,60,5400.0,64800.0,1.0,79.0,22,23500.0,2023-04-02,,0,0.0
RIQ-02589,Basic,E-commerce,Mumbai,Direct,Annual,6,790.0,9480.0,0.0,44.0,8,4100.0,2023-01-06,,0,0.0
RIQ-02590,Basic,Fintech,Chennai,Organic Search,Monthly,15,780.0,9360.0,1.0,59.0,4,3100.0,2022-11-23,2024-02-15,1,9360.0
RIQ-02591,Pro,E-commerce,Mumbai,Organic Search,Monthly,19,1800.0,21600.0,2.0,73.0,11,15000.0,2023-05-16,,0,0.0
RIQ-02592,Basic,E-commerce,Bengaluru,Organic Search,Monthly,1,790.0,9480.0,1.0,1.0,3,3100.0,2022-02-13,2022-03-22,1,9480.0
RIQ-02593,Pro,Fintech,Delhi,Organic Search,Monthly,12,2420.0,29040.0,2.0,46.0,18,14100.0,2023-02-17,,0,0.0
RIQ-02594,Basic,Edtech,Hyderabad,Social Media,Annual,1,570.0,6840.0,2.0,49.0,11,3300.0,2023-01-30,,0,0.0
RIQ-02595,Basic,Edtech,Bengaluru,Referral,Monthly,6,660.0,7920.0,2.0,25.0,9,2400.0,2023-10-10,,0,0.0
RIQ-02596,Pro,Healthcare,Hyderabad,Referral,Annual,15,2320.0,27840.0,0.0,31.0,14,14500.0,2022-06-26,,0,0.0
RIQ-02597,Basic,Fintech,Bengaluru,Organic Search,Monthly,2,510.0,6120.0,2.0,15.0,5,2400.0,2023-04-29,,0,0.0
RIQ-02598,Basic,E-commerce,Chennai,Email Campaign,Monthly,3,700.0,8400.0,2.0,67.0,15,4900.0,2022-11-07,2023-02-16,1,8400.0
RIQ-02599,Basic,E-commerce,Pune,Organic Search,Annual,5,740.0,8880.0,3.0,51.0,2,3300.0,2023-05-27,,0,0.0
RIQ-02600,Pro,Edtech,Mumbai,Paid Search,Annual,13,2470.0,29640.0,0.0,63.0,12,7000.0,2022-03-03,,0,0.0
RIQ-02601,Basic,Edtech,Mumbai,Referral,Monthly,41,850.0,10200.0,2.0,23.0,12,2900.0,2023-09-15,,0,0.0
RIQ-02602,Basic,E-commerce,Bengaluru,Paid Search,Monthly,1,900.0,10800.0,0.0,36.0,3,3500.0,2023-03-03,,0,0.0
RIQ-02603,Basic,Healthcare,Bengaluru,Direct,Monthly,2,670.0,8040.0,4.0,56.0,9,3900.0,2022-11-15,2023-01-20,1,8040.0
RIQ-02604,Pro,Healthcare,Mumbai,Social Media,Monthly,33,2030.0,24360.0,3.0,66.0,15,13300.0,2022-12-16,,0,0.0
RIQ-02605,Pro,Fintech,Delhi,Organic Search,Monthly,6,1870.0,22440.0,,39.0,7,10000.0,2023-04-30,,0,0.0
RIQ-02606,Basic,E-commerce,Bengaluru,Paid Search,Monthly,1,600.0,7200.0,1.0,13.0,4,4100.0,2022-12-01,,0,0.0
RIQ-02607,Basic,Fintech,Chennai,Paid Search,Monthly,2,820.0,9840.0,1.0,52.0,2,2800.0,2023-05-03,2023-07-12,1,9840.0
RIQ-02608,Basic,Edtech,Chennai,Organic Search,Monthly,2,850.0,10200.0,3.0,76.0,6,3000.0,2022-05-11,2022-07-25,1,10200.0
RIQ-02609,Basic,E-commerce,Mumbai,Paid Search,Monthly,2,610.0,7320.0,1.0,52.0,7,2700.0,2023-08-31,2023-11-03,1,7320.0
RIQ-02610,Enterprise,Edtech,Chennai,Organic Search,Monthly,56,7350.0,88200.0,1.0,,21,35400.0,2022-01-20,,0,0.0
RIQ-02611,Basic,E-commerce,Pune,Paid Search,Annual,1,570.0,6840.0,1.0,27.0,8,3600.0,2022-11-26,2022-12-13,1,6840.0
RIQ-02612,Basic,E-commerce,Hyderabad,Organic Search,Monthly,6,970.0,11640.0,2.0,38.0,7,3300.0,2022-09-30,2023-03-16,1,11640.0
RIQ-02613,Basic,Edtech,Chennai,Organic Search,Monthly,5,640.0,7680.0,1.0,57.0,4,4500.0,2022-05-27,2022-10-20,1,7680.0
RIQ-02614,Basic,Edtech,Bengaluru,Paid Search,Monthly,1,820.0,9840.0,0.0,60.0,3,4500.0,2022-12-02,2022-12-28,1,9840.0
RIQ-02615,Basic,Healthcare,Bengaluru,Organic Search,Annual,35,640.0,7680.0,1.0,9.0,10,3500.0,2022-11-24,,0,0.0
RIQ-02616,Pro,Healthcare,Bengaluru,Organic Search,Monthly,24,1700.0,20400.0,1.0,76.0,13,14300.0,2023-10-24,,0,0.0
RIQ-02617,Basic,E-commerce,Pune,Direct,Monthly,3,650.0,7800.0,1.0,58.0,2,4700.0,2022-03-04,2022-06-10,1,7800.0
RIQ-02618,Pro,Healthcare,Chennai,Paid Search,Annual,39,1750.0,21000.0,1.0,56.0,14,13400.0,2023-01-21,,0,0.0
RIQ-02619,Pro,E-commerce,Hyderabad,Organic Search,Annual,47,1760.0,21120.0,1.0,71.0,9,6300.0,2022-05-28,,0,0.0
RIQ-02620,Basic,Fintech,Mumbai,Social Media,Monthly,26,710.0,8520.0,1.0,49.0,13,4300.0,2023-01-13,2025-03-02,1,8520.0
RIQ-02621,Basic,Healthcare,Pune,Social Media,Monthly,1,690.0,8280.0,3.0,52.0,1,3300.0,2022-06-10,2022-07-14,1,8280.0
RIQ-02622,Enterprise,Edtech,Bengaluru,Paid Search,Monthly,40,7280.0,87360.0,0.0,84.0,19,26500.0,2022-07-22,,0,0.0
RIQ-02623,Enterprise,Edtech,Mumbai,Paid Search,Annual,49,5640.0,67680.0,0.0,91.0,24,42100.0,2022-01-18,,0,0.0
RIQ-02624,Basic,Edtech,Hyderabad,Organic Search,Monthly,3,680.0,8160.0,4.0,51.0,8,4200.0,2022-11-19,2023-02-28,1,8160.0
RIQ-02625,Pro,Healthcare,Mumbai,Social Media,Annual,3,2150.0,25800.0,0.0,52.0,14,11500.0,2023-02-10,,0,0.0
RIQ-02626,Enterprise,E-commerce,Hyderabad,Direct,Monthly,3,8220.0,98640.0,2.0,75.0,24,55300.0,2022-11-28,,0,0.0
RIQ-02627,Basic,E-commerce,Bengaluru,Social Media,Annual,6,530.0,6360.0,0.0,43.0,11,3500.0,2022-05-16,,0,0.0
RIQ-02628,Basic,E-commerce,Chennai,Email Campaign,Monthly,1,550.0,6600.0,1.0,45.0,4,4800.0,2022-06-17,,0,0.0
RIQ-02629,Enterprise,Fintech,Mumbai,Paid Search,Annual,14,9860.0,118320.0,1.0,45.0,29,22800.0,2022-12-13,,0,0.0
RIQ-02630,Pro,Fintech,Mumbai,Paid Search,Monthly,37,1900.0,22800.0,1.0,74.0,14,11800.0,2022-03-05,,0,0.0
RIQ-02631,Enterprise,Edtech,Delhi,Paid Search,Monthly,60,5770.0,69240.0,1.0,74.0,20,24600.0,2022-04-02,,0,0.0
RIQ-02632,Basic,E-commerce,Chennai,Organic Search,Annual,5,950.0,11400.0,1.0,46.0,2,2700.0,2022-09-25,,0,0.0
RIQ-02633,Pro,E-commerce,Mumbai,Referral,Monthly,4,1520.0,18240.0,2.0,87.0,16,8000.0,2023-10-21,,0,0.0
RIQ-02634,Basic,Fintech,Delhi,Organic Search,Monthly,7,610.0,7320.0,2.0,26.0,6,4800.0,2022-08-27,,0,0.0
RIQ-02635,Basic,Edtech,Bengaluru,Email Campaign,Annual,9,660.0,7920.0,0.0,47.0,6,4300.0,2023-02-01,,0,0.0
RIQ-02636,Pro,Edtech,Hyderabad,Email Campaign,Annual,36,2260.0,27120.0,2.0,64.0,10,12400.0,2023-05-20,,0,0.0
RIQ-02637,Basic,E-commerce,Bengaluru,Email Campaign,Monthly,11,530.0,6360.0,5.0,46.0,11,3800.0,2022-07-24,,0,0.0
RIQ-02638,Pro,Fintech,Delhi,Social Media,Annual,14,1510.0,18120.0,2.0,83.0,5,9300.0,2022-03-24,,0,0.0
RIQ-02639,Enterprise,E-commerce,Delhi,Organic Search,Annual,27,5820.0,69840.0,1.0,72.0,26,49800.0,2022-08-06,2024-10-13,1,69840.0
RIQ-02640,Basic,Edtech,Mumbai,Email Campaign,Annual,1,640.0,7680.0,1.0,57.0,4,3500.0,2023-07-24,2023-08-19,1,7680.0
RIQ-02641,Enterprise,Fintech,Delhi,Email Campaign,Monthly,10,8040.0,96480.0,0.0,54.0,28,24800.0,2022-12-09,2023-09-26,1,96480.0
RIQ-02642,Pro,Fintech,Delhi,Email Campaign,Annual,9,1780.0,21360.0,3.0,47.0,20,14700.0,2022-01-30,,0,0.0
RIQ-02643,Basic,E-commerce,Mumbai,Social Media,Monthly,16,880.0,10560.0,0.0,41.0,1,2300.0,2022-07-29,2023-11-11,1,10560.0
RIQ-02644,Basic,Edtech,Pune,Organic Search,Annual,4,970.0,11640.0,1.0,48.0,1,4300.0,2022-07-30,2022-11-18,1,11640.0
RIQ-02645,Basic,Edtech,Pune,Organic Search,Annual,7,840.0,10080.0,4.0,65.0,1,4700.0,2022-08-08,,0,0.0
RIQ-02646,Basic,Fintech,Chennai,Direct,Monthly,10,530.0,6360.0,2.0,44.0,1,3700.0,2023-10-04,2024-07-22,1,6360.0
RIQ-02647,Pro,Edtech,Mumbai,Organic Search,Annual,2,2010.0,24120.0,0.0,58.0,13,13500.0,2022-11-14,,0,0.0
RIQ-02648,Basic,Healthcare,Pune,Paid Search,Monthly,6,600.0,7200.0,2.0,41.0,2,3000.0,2023-02-02,2023-08-09,1,7200.0
RIQ-02649,Pro,E-commerce,Mumbai,Referral,Monthly,4,1660.0,19920.0,0.0,36.0,12,11400.0,2023-05-19,,0,0.0
RIQ-02650,Basic,Fintech,Mumbai,Direct,Annual,4,830.0,9960.0,3.0,35.0,8,3800.0,2022-09-12,2022-12-28,1,9960.0
RIQ-02651,Basic,Fintech,Mumbai,Referral,Monthly,16,810.0,9720.0,4.0,84.0,6,4800.0,2022-01-12,,0,0.0
RIQ-02652,Basic,Edtech,Chennai,Social Media,Monthly,3,690.0,8280.0,3.0,32.0,4,2500.0,2023-08-05,2023-11-18,1,8280.0
RIQ-02653,Basic,Healthcare,Bengaluru,Paid Search,Monthly,11,590.0,7080.0,3.0,26.0,12,4200.0,2023-03-10,,0,0.0
RIQ-02654,Basic,Fintech,Delhi,Organic Search,Annual,5,830.0,9960.0,2.0,61.0,3,4300.0,2022-11-01,,0,0.0
RIQ-02655,Enterprise,E-commerce,Delhi,Email Campaign,Annual,60,6310.0,75720.0,0.0,90.0,18,58100.0,2022-07-29,,0,0.0
RIQ-02656,Pro,Healthcare,Mumbai,Referral,Monthly,42,2290.0,27480.0,0.0,71.0,17,7000.0,2023-05-03,,0,0.0
RIQ-02657,Pro,Edtech,Bengaluru,Paid Search,Annual,18,1950.0,23400.0,0.0,33.0,8,8400.0,2023-08-17,2025-02-14,1,23400.0
RIQ-02658,Basic,E-commerce,Mumbai,Paid Search,Monthly,8,740.0,8880.0,3.0,56.0,7,2200.0,2022-06-06,2023-01-23,1,8880.0
RIQ-02659,Basic,E-commerce,Bengaluru,Referral,Monthly,11,750.0,9000.0,0.0,55.0,9,2500.0,2023-04-22,2024-03-15,1,9000.0
RIQ-02660,Pro,Edtech,Mumbai,Organic Search,Annual,25,2160.0,25920.0,0.0,68.0,12,12500.0,2022-10-15,,0,0.0
RIQ-02661,Basic,Fintech,Bengaluru,Direct,Monthly,3,630.0,7560.0,1.0,56.0,14,4900.0,2023-11-19,2024-02-10,1,7560.0
RIQ-02662,Basic,Edtech,Chennai,Referral,Annual,1,900.0,10800.0,1.0,40.0,13,2100.0,2023-10-28,,0,0.0
RIQ-02663,Basic,Healthcare,Hyderabad,Paid Search,Monthly,7,780.0,9360.0,2.0,31.0,2,2700.0,2023-05-16,2023-12-22,1,9360.0
RIQ-02664,Pro,Fintech,Bengaluru,Referral,Annual,60,1860.0,22320.0,1.0,79.0,12,13400.0,2023-09-05,,0,0.0
RIQ-02665,Basic,E-commerce,Mumbai,Social Media,Monthly,6,690.0,8280.0,2.0,39.0,7,3700.0,2023-01-16,2023-07-23,1,8280.0
RIQ-02666,Pro,E-commerce,Pune,Social Media,Monthly,33,1850.0,22200.0,3.0,59.0,19,9300.0,2022-06-28,,0,0.0
RIQ-02667,Pro,E-commerce,Delhi,Referral,Monthly,11,2270.0,27240.0,0.0,69.0,11,12800.0,2022-06-01,,0,0.0
RIQ-02668,Pro,Fintech,Mumbai,Organic Search,Annual,15,2040.0,24480.0,1.0,78.0,12,6800.0,2023-01-04,,0,0.0
RIQ-02669,Basic,E-commerce,Delhi,Paid Search,Monthly,6,570.0,6840.0,1.0,49.0,9,3900.0,2023-01-03,,0,0.0
RIQ-02670,Pro,Healthcare,Delhi,Paid Search,Annual,12,2180.0,26160.0,1.0,54.0,21,14300.0,2022-02-13,,0,0.0
RIQ-02671,Enterprise,Edtech,Chennai,Organic Search,Monthly,33,5720.0,68640.0,2.0,65.0,24,26400.0,2022-12-16,,0,0.0
RIQ-02672,Basic,Fintech,Mumbai,Organic Search,Annual,9,900.0,10800.0,6.0,64.0,5,4400.0,2022-05-23,2023-02-28,1,10800.0
RIQ-02673,Pro,Fintech,Bengaluru,Social Media,Annual,18,2320.0,27840.0,0.0,78.0,15,10900.0,2022-04-25,,0,0.0
RIQ-02674,Pro,E-commerce,Hyderabad,Social Media,Annual,16,2070.0,24840.0,0.0,44.0,9,12000.0,2022-09-18,,0,0.0
RIQ-02675,Enterprise,E-commerce,Delhi,Organic Search,Annual,15,6130.0,73560.0,2.0,59.0,19,53500.0,2022-12-09,,0,0.0
RIQ-02676,Pro,Fintech,Bengaluru,Paid Search,Annual,5,1870.0,22440.0,0.0,71.0,15,9500.0,2023-02-09,2023-07-10,1,22440.0
RIQ-02677,Pro,E-commerce,Mumbai,Social Media,Monthly,11,2250.0,27000.0,2.0,48.0,10,10100.0,2022-04-19,2023-03-07,1,27000.0
RIQ-02678,Pro,E-commerce,Pune,Social Media,Annual,7,2390.0,28680.0,1.0,57.0,14,13100.0,2022-07-12,2023-02-14,1,28680.0
RIQ-02679,Enterprise,E-commerce,Pune,Social Media,Annual,20,5540.0,66480.0,0.0,88.0,19,32300.0,2022-05-28,,0,0.0
RIQ-02680,Basic,E-commerce,Hyderabad,Paid Search,Monthly,1,880.0,10560.0,2.0,51.0,3,2600.0,2022-11-07,2022-12-18,1,10560.0
RIQ-02681,Basic,E-commerce,Hyderabad,Social Media,Annual,3,590.0,7080.0,1.0,23.0,11,2100.0,2022-01-17,,0,0.0
RIQ-02682,Pro,Fintech,Hyderabad,Social Media,Monthly,8,2280.0,27360.0,0.0,74.0,17,10100.0,2022-03-15,,0,0.0
RIQ-02683,Pro,Edtech,Mumbai,Social Media,Annual,17,2440.0,29280.0,0.0,65.0,13,12300.0,2023-11-09,,0,0.0
RIQ-02684,Basic,E-commerce,Chennai,Direct,Monthly,10,690.0,8280.0,0.0,34.0,3,3300.0,2022-08-02,2023-05-23,1,8280.0
RIQ-02685,Pro,Edtech,Mumbai,Referral,Annual,4,2110.0,25320.0,1.0,46.0,13,14800.0,2022-02-12,,0,0.0
RIQ-02686,Enterprise,Healthcare,Hyderabad,Direct,Annual,4,6760.0,81120.0,0.0,71.0,21,35400.0,2022-09-19,,0,0.0
RIQ-02687,Pro,Fintech,Delhi,Organic Search,Annual,1,2040.0,24480.0,0.0,6.0,12,11300.0,2022-04-11,,0,0.0
RIQ-02688,Basic,E-commerce,Pune,Paid Search,Annual,3,970.0,11640.0,3.0,28.0,6,3100.0,2023-05-18,2023-08-01,1,11640.0
RIQ-02689,Basic,Healthcare,Chennai,Referral,Monthly,2,540.0,6480.0,3.0,48.0,5,2300.0,2022-09-16,2022-11-17,1,6480.0
RIQ-02690,Basic,Edtech,Chennai,Paid Search,Monthly,9,810.0,9720.0,1.0,54.0,7,3100.0,2022-04-07,2023-01-01,1,9720.0
RIQ-02691,Basic,Healthcare,Delhi,Email Campaign,Monthly,3,730.0,8760.0,2.0,33.0,8,3700.0,2022-11-27,2023-02-19,1,8760.0
RIQ-02692,Pro,Edtech,Bengaluru,Organic Search,Annual,1,2110.0,25320.0,1.0,81.0,19,7200.0,2022-04-08,,0,0.0
RIQ-02693,Basic,Fintech,Hyderabad,Social Media,Monthly,10,890.0,10680.0,1.0,23.0,9,2200.0,2023-06-03,2024-03-28,1,10680.0
RIQ-02694,Basic,Fintech,Mumbai,Direct,Monthly,11,780.0,9360.0,1.0,49.0,3,4200.0,2023-07-03,2024-06-02,1,9360.0
RIQ-02695,Basic,Fintech,Hyderabad,Referral,Monthly,16,760.0,9120.0,2.0,85.0,11,4700.0,2022-06-28,,0,0.0
RIQ-02696,Pro,E-commerce,Bengaluru,Direct,Annual,12,1790.0,21480.0,2.0,74.0,10,7400.0,2022-12-06,2023-11-29,1,21480.0
RIQ-02697,Basic,Edtech,Pune,Social Media,Monthly,21,600.0,7200.0,4.0,10.0,10,2000.0,2023-05-13,2025-01-24,1,7200.0
RIQ-02698,Basic,Fintech,Delhi,Organic Search,Monthly,5,950.0,11400.0,3.0,29.0,2,2900.0,2023-01-21,2023-06-06,1,11400.0
RIQ-02699,Basic,Fintech,Mumbai,Referral,Monthly,6,790.0,9480.0,1.0,27.0,13,2700.0,2023-05-21,,0,0.0
RIQ-02700,Pro,E-commerce,Mumbai,Paid Search,Monthly,19,2410.0,28920.0,2.0,55.0,18,7200.0,2022-04-14,,0,0.0
RIQ-02701,Basic,Edtech,Mumbai,Direct,Monthly,5,800.0,9600.0,2.0,42.0,8,3500.0,2022-01-25,2022-06-23,1,9600.0
RIQ-02702,Pro,Healthcare,Pune,Email Campaign,Monthly,2,2210.0,26520.0,3.0,70.0,8,7000.0,2023-01-13,,0,0.0
RIQ-02703,Basic,E-commerce,Chennai,Direct,Monthly,18,640.0,7680.0,3.0,48.0,6,4100.0,2023-07-25,,0,0.0
RIQ-02704,Enterprise,Edtech,Hyderabad,Paid Search,Annual,29,9390.0,112680.0,2.0,92.0,16,29700.0,2023-11-12,2026-03-27,1,112680.0
RIQ-02705,Basic,E-commerce,Chennai,Referral,Monthly,25,960.0,11520.0,3.0,33.0,1,2400.0,2022-05-21,,0,0.0
RIQ-02706,Basic,E-commerce,Delhi,Email Campaign,Annual,2,830.0,9960.0,1.0,82.0,10,4000.0,2023-04-02,,0,0.0
RIQ-02707,Basic,E-commerce,Mumbai,Direct,Monthly,9,740.0,8880.0,0.0,44.0,1,2600.0,2023-11-04,,0,0.0
RIQ-02708,Pro,Fintech,Bengaluru,Paid Search,Monthly,15,1730.0,20760.0,1.0,84.0,14,12700.0,2022-05-31,,0,0.0
RIQ-02709,Basic,Fintech,Mumbai,Referral,Annual,1,680.0,8160.0,0.0,60.0,11,4400.0,2023-06-07,,0,0.0
RIQ-02710,Basic,Fintech,Delhi,Organic Search,Monthly,3,790.0,9480.0,1.0,18.0,4,4600.0,2022-01-10,2022-04-04,1,9480.0
RIQ-02711,Basic,Edtech,Mumbai,Social Media,Annual,4,930.0,11160.0,2.0,46.0,8,4000.0,2022-08-07,2022-11-26,1,11160.0
RIQ-02712,Pro,Healthcare,Mumbai,Organic Search,Monthly,6,1670.0,20040.0,0.0,67.0,11,10900.0,2023-07-21,,0,0.0
RIQ-02713,Pro,Fintech,Mumbai,Social Media,Annual,9,1650.0,19800.0,0.0,70.0,13,7300.0,2022-05-11,,0,0.0
RIQ-02714,Basic,Edtech,Chennai,Direct,Monthly,4,740.0,8880.0,2.0,56.0,1,2500.0,2022-03-16,2022-07-17,1,8880.0
RIQ-02715,Basic,Fintech,Hyderabad,Social Media,Monthly,10,810.0,9720.0,1.0,34.0,3,2800.0,2022-08-19,2023-06-26,1,9720.0
RIQ-02716,Basic,E-commerce,Pune,Referral,Monthly,5,930.0,11160.0,1.0,63.0,5,2600.0,2023-02-09,2023-06-24,1,11160.0
RIQ-02717,Enterprise,Fintech,Bengaluru,Referral,Annual,49,7250.0,87000.0,2.0,100.0,22,44600.0,2022-08-19,,0,0.0
RIQ-02718,Pro,E-commerce,Hyderabad,Email Campaign,Annual,20,2290.0,27480.0,1.0,85.0,13,12800.0,2023-02-21,,0,0.0
RIQ-02719,Pro,Healthcare,Hyderabad,Referral,Annual,1,2100.0,25200.0,3.0,63.0,13,6700.0,2022-10-22,,0,0.0
RIQ-02720,Enterprise,Healthcare,Pune,Social Media,Annual,21,7090.0,85080.0,0.0,76.0,15,25800.0,2023-07-30,,0,0.0
RIQ-02721,Enterprise,Fintech,Bengaluru,Social Media,Annual,2,8210.0,98520.0,1.0,97.0,28,46000.0,2023-01-14,,0,0.0
RIQ-02722,Basic,E-commerce,Bengaluru,Email Campaign,Monthly,5,990.0,11880.0,1.0,29.0,13,4500.0,2022-12-16,2023-05-09,1,11880.0
RIQ-02723,Basic,Edtech,Delhi,Direct,Monthly,3,930.0,11160.0,2.0,20.0,10,3500.0,2023-04-27,2023-07-27,1,11160.0
RIQ-02724,Enterprise,Edtech,Hyderabad,Referral,Annual,16,7950.0,95400.0,1.0,57.0,13,46400.0,2023-07-28,,0,0.0
RIQ-02725,Pro,E-commerce,Delhi,Referral,Annual,23,2070.0,24840.0,1.0,79.0,18,12200.0,2023-04-26,,0,0.0
RIQ-02726,Pro,Edtech,Delhi,Social Media,Annual,1,2030.0,24360.0,1.0,81.0,17,8300.0,2023-09-24,,0,0.0
RIQ-02727,Pro,Edtech,Hyderabad,Paid Search,Annual,38,1770.0,21240.0,0.0,61.0,6,8100.0,2022-10-23,,0,0.0
RIQ-02728,Basic,E-commerce,Delhi,Social Media,Monthly,7,660.0,7920.0,2.0,69.0,12,2600.0,2022-09-03,2023-04-04,1,7920.0
RIQ-02729,Basic,E-commerce,Bengaluru,Social Media,Annual,2,670.0,8040.0,2.0,51.0,2,3200.0,2023-11-24,,0,0.0
RIQ-02730,Basic,E-commerce,Mumbai,Social Media,Monthly,8,830.0,9960.0,4.0,43.0,5,4700.0,2023-09-20,,0,0.0
RIQ-02731,Basic,Fintech,Delhi,Paid Search,Annual,2,650.0,7800.0,3.0,35.0,6,3600.0,2023-01-06,2023-03-14,1,7800.0
RIQ-02732,Enterprise,Edtech,Mumbai,Social Media,Annual,60,7910.0,94920.0,0.0,64.0,20,31700.0,2022-06-27,,0,0.0
RIQ-02733,Pro,Healthcare,Chennai,Organic Search,Annual,14,1750.0,21000.0,0.0,85.0,15,13500.0,2023-09-05,,0,0.0
RIQ-02734,Pro,E-commerce,Hyderabad,Organic Search,Annual,9,2150.0,25800.0,0.0,59.0,16,9500.0,2023-05-24,,0,0.0
RIQ-02735,Pro,Fintech,Delhi,Referral,Monthly,13,2430.0,29160.0,1.0,65.0,13,7300.0,2023-04-16,,0,0.0
RIQ-02736,Basic,E-commerce,Mumbai,Social Media,Annual,21,630.0,7560.0,1.0,9.0,9,4400.0,2023-01-21,,0,0.0
RIQ-02737,Basic,Edtech,Pune,Social Media,Monthly,3,590.0,7080.0,0.0,54.0,16,3500.0,2022-09-18,2022-12-31,1,7080.0
RIQ-02738,Basic,Fintech,Mumbai,Email Campaign,Monthly,1,910.0,10920.0,1.0,43.0,1,3700.0,2023-06-08,,0,0.0
RIQ-02739,pro,Fintech,Delhi,Social Media,Annual,3,1930.0,23160.0,1.0,49.0,19,9900.0,2023-05-17,2023-08-19,1,23160.0
RIQ-02740,Basic,Fintech,Chennai,Referral,Annual,1,570.0,6840.0,2.0,52.0,4,3100.0,2022-05-06,,0,0.0
RIQ-02741,Enterprise,E-commerce,Bengaluru,Referral,Annual,34,9230.0,110760.0,2.0,72.0,20,25100.0,2022-10-12,,0,0.0
RIQ-02742,Pro,E-commerce,Mumbai,Social Media,Monthly,21,1590.0,19080.0,0.0,54.0,20,11900.0,2023-03-10,2024-11-20,1,19080.0
RIQ-02743,Pro,Edtech,Chennai,Social Media,Annual,7,1610.0,19320.0,0.0,66.0,9,8600.0,2023-10-02,,0,0.0
RIQ-02744,Basic,E-commerce,Mumbai,Paid Search,Monthly,5,610.0,7320.0,4.0,29.0,2,4300.0,2023-09-11,2024-02-11,1,7320.0
RIQ-02745,Pro,Healthcare,Delhi,Referral,Monthly,18,1740.0,20880.0,0.0,47.0,19,8900.0,2022-01-24,,0,0.0
RIQ-02746,Pro,E-commerce,Mumbai,Social Media,Annual,1,2300.0,27600.0,3.0,65.0,15,6200.0,2023-01-28,2023-02-18,1,27600.0
RIQ-02747,Basic,Healthcare,Hyderabad,Email Campaign,Annual,1,780.0,9360.0,2.0,49.0,8,4900.0,2023-09-21,,0,0.0
RIQ-02748,Enterprise,Edtech,Mumbai,Organic Search,Annual,60,5480.0,65760.0,0.0,85.0,20,26600.0,2023-02-21,,0,0.0
RIQ-02749,Enterprise,Edtech,Pune,Paid Search,Monthly,60,5870.0,70440.0,0.0,91.0,27,46800.0,2022-08-14,,0,0.0
RIQ-02750,Basic,E-commerce,Bengaluru,Direct,Annual,7,720.0,8640.0,1.0,45.0,1,4500.0,2023-09-07,,0,0.0
RIQ-02751,Basic,Edtech,Bengaluru,Referral,Monthly,10,920.0,11040.0,1.0,59.0,5,3300.0,2023-02-23,2023-12-27,1,11040.0
RIQ-02752,Basic,Fintech,Mumbai,Social Media,Monthly,4,920.0,11040.0,1.0,29.0,12,3600.0,2023-01-25,2023-05-10,1,11040.0
RIQ-02753,Pro,Fintech,Mumbai,Email Campaign,Monthly,32,1990.0,23880.0,0.0,89.0,20,6200.0,2023-06-21,,0,0.0
RIQ-02754,Enterprise,Fintech,Chennai,Referral,Monthly,1,6940.0,83280.0,0.0,82.0,28,48100.0,2023-03-29,,0,0.0
RIQ-02755,Pro,Fintech,Delhi,Paid Search,Monthly,55,2100.0,25200.0,1.0,55.0,15,13100.0,2023-12-01,,0,0.0
RIQ-02756,Basic,Healthcare,Bengaluru,Paid Search,Annual,16,660.0,7920.0,1.0,69.0,9,2800.0,2023-02-19,,0,0.0
RIQ-02757,Basic,Edtech,Pune,Email Campaign,Monthly,3,690.0,8280.0,0.0,38.0,9,2100.0,2023-04-26,2023-08-09,1,8280.0
RIQ-02758,Basic,Edtech,Bengaluru,Organic Search,Annual,29,850.0,10200.0,4.0,45.0,1,4100.0,2023-04-09,,0,0.0
RIQ-02759,Basic,Fintech,Mumbai,Direct,Monthly,7,680.0,8160.0,3.0,72.0,7,3500.0,2022-01-21,,0,0.0
RIQ-02760,Enterprise,Fintech,Hyderabad,Email Campaign,Monthly,14,5450.0,65400.0,2.0,79.0,30,56500.0,2022-09-19,,0,0.0
RIQ-02761,Pro,Fintech,Mumbai,Social Media,Monthly,24,1760.0,21120.0,3.0,56.0,15,11300.0,2022-06-11,2024-05-21,1,21120.0
RIQ-02762,Pro,E-commerce,Mumbai,Paid Search,Monthly,14,2030.0,24360.0,2.0,52.0,11,14800.0,2022-07-20,,0,0.0
RIQ-02763,Pro,E-commerce,Pune,Direct,Monthly,3,2260.0,27120.0,0.0,51.0,16,7400.0,2022-04-03,,0,0.0
RIQ-02764,Enterprise,Fintech,Mumbai,Organic Search,Annual,7,7760.0,93120.0,0.0,97.0,21,38100.0,2022-09-14,,0,0.0
RIQ-02765,Basic,E-commerce,Chennai,Organic Search,Monthly,3,650.0,7800.0,0.0,58.0,5,4600.0,2023-03-23,2023-06-14,1,7800.0
RIQ-02766,Basic,Fintech,Hyderabad,Referral,Monthly,6,580.0,6960.0,3.0,20.0,6,4600.0,2022-03-10,2022-08-29,1,6960.0
RIQ-02767,Basic,Fintech,Mumbai,Referral,Monthly,18,890.0,10680.0,1.0,50.0,8,2900.0,2022-06-30,,0,0.0
RIQ-02768,Pro,Fintech,Bengaluru,Social Media,Monthly,26,1670.0,20040.0,0.0,85.0,12,7800.0,2022-01-18,,0,0.0
RIQ-02769,Enterprise,E-commerce,Mumbai,Social Media,Annual,15,5340.0,64080.0,1.0,,19,41400.0,2022-04-14,,0,0.0
RIQ-02770,Pro,Edtech,Delhi,Email Campaign,Annual,2,2280.0,27360.0,0.0,46.0,17,12500.0,2023-07-21,,0,0.0
RIQ-02771,Basic,Edtech,Chennai,Paid Search,Annual,8,970.0,11640.0,4.0,48.0,9,2000.0,2022-09-09,2023-05-17,1,11640.0
RIQ-02772,Pro,E-commerce,Hyderabad,Social Media,Annual,19,2010.0,24120.0,1.0,29.0,14,14100.0,2022-01-22,,0,0.0
RIQ-02773,Basic,Edtech,Bengaluru,Paid Search,Monthly,25,580.0,6960.0,1.0,46.0,2,4500.0,2023-04-26,2025-05-04,1,6960.0
RIQ-02774,Basic,Fintech,Bengaluru,Organic Search,Annual,8,680.0,8160.0,5.0,82.0,2,2700.0,2022-10-13,2023-06-09,1,8160.0
RIQ-02775,Basic,Fintech,Bengaluru,Social Media,Monthly,3,620.0,7440.0,3.0,14.0,6,4300.0,2023-10-18,2024-01-20,1,7440.0
RIQ-02776,basic,Fintech,Delhi,Email Campaign,Monthly,1,500.0,6000.0,0.0,53.0,8,4400.0,2023-04-17,2023-05-18,1,6000.0
RIQ-02777,Basic,Healthcare,Mumbai,Email Campaign,Monthly,2,770.0,9240.0,1.0,63.0,10,3600.0,2023-02-18,2023-05-02,1,9240.0
RIQ-02778,Pro,Fintech,Delhi,Social Media,Monthly,3,1850.0,22200.0,1.0,82.0,18,13500.0,2023-09-13,,0,0.0
RIQ-02779,Basic,Healthcare,Delhi,Referral,Annual,12,620.0,7440.0,3.0,65.0,1,3500.0,2023-02-22,2024-02-07,1,7440.0
RIQ-02780,Pro,Healthcare,Mumbai,Social Media,Monthly,33,1710.0,20520.0,2.0,65.0,10,7000.0,2023-09-07,2026-05-20,1,20520.0
RIQ-02781,Pro,Fintech,Pune,Organic Search,Annual,4,1880.0,22560.0,5.0,73.0,6,8800.0,2022-11-03,,0,0.0
RIQ-02782,Pro,E-commerce,Pune,Organic Search,Annual,12,1520.0,18240.0,1.0,39.0,14,12800.0,2023-03-22,,0,0.0
RIQ-02783,Enterprise,Healthcare,Hyderabad,Organic Search,Monthly,11,7950.0,95400.0,1.0,62.0,24,29800.0,2022-05-24,,0,0.0
RIQ-02784,Basic,Fintech,Bengaluru,Referral,Monthly,1,510.0,6120.0,1.0,66.0,1,3300.0,2022-08-21,2022-10-03,1,6120.0
RIQ-02785,Basic,Fintech,Pune,Social Media,Annual,8,730.0,8760.0,1.0,53.0,2,2400.0,2022-07-29,2023-03-25,1,8760.0
RIQ-02786,Pro,Edtech,Delhi,Paid Search,Annual,28,1640.0,19680.0,0.0,47.0,6,8700.0,2023-10-18,,0,0.0
RIQ-02787,Basic,Healthcare,Delhi,Paid Search,Monthly,5,730.0,8760.0,1.0,18.0,1,4000.0,2023-01-31,2023-07-13,1,8760.0
RIQ-02788,Basic,Fintech,Bengaluru,Paid Search,Monthly,3,680.0,8160.0,1.0,72.0,10,3400.0,2023-06-09,2023-09-09,1,8160.0
RIQ-02789,Enterprise,E-commerce,Bengaluru,Referral,Monthly,2,7400.0,88800.0,2.0,67.0,26,40300.0,2022-12-27,,0,0.0
RIQ-02790,Basic,Edtech,Mumbai,Referral,Annual,6,500.0,6000.0,1.0,25.0,4,4200.0,2022-04-14,2022-09-30,1,6000.0
RIQ-02791,Pro,E-commerce,Hyderabad,Social Media,Annual,9,2010.0,24120.0,1.0,72.0,17,6200.0,2023-10-08,,0,0.0
RIQ-02792,Pro,Edtech,Mumbai,Social Media,Annual,8,2300.0,27600.0,1.0,86.0,18,8900.0,2023-04-17,,0,0.0
RIQ-02793,Basic,Fintech,Delhi,Email Campaign,Monthly,2,900.0,10800.0,1.0,13.0,6,4700.0,2023-08-23,2023-10-10,1,10800.0
RIQ-02794,Basic,E-commerce,Bengaluru,Email Campaign,Monthly,3,760.0,9120.0,0.0,58.0,7,3600.0,2023-11-14,2024-02-21,1,9120.0
RIQ-02795,Basic,E-commerce,Hyderabad,Direct,Monthly,10,1000.0,12000.0,3.0,51.0,3,4500.0,2022-06-07,2023-04-17,1,12000.0
RIQ-02796,Pro,Edtech,Bengaluru,Paid Search,Annual,25,2230.0,26760.0,0.0,54.0,14,7300.0,2023-10-13,,0,0.0
RIQ-02797,Basic,E-commerce,Delhi,Social Media,Monthly,7,550.0,6600.0,3.0,76.0,1,3200.0,2023-01-29,2023-08-20,1,6600.0
RIQ-02798,Basic,E-commerce,Bengaluru,Referral,Monthly,2,980.0,11760.0,1.0,36.0,8,3700.0,2022-07-19,2022-09-15,1,11760.0
RIQ-02799,Pro,Fintech,Delhi,Email Campaign,Annual,22,1650.0,19800.0,1.0,63.0,13,14900.0,2023-07-15,,0,0.0
RIQ-02800,Pro,Edtech,Delhi,Referral,Annual,20,2490.0,29880.0,2.0,70.0,10,8400.0,2022-06-17,,0,0.0
RIQ-02801,Pro,Edtech,Pune,Organic Search,Annual,18,1570.0,18840.0,1.0,71.0,14,7500.0,2023-04-25,,0,0.0
RIQ-02802,Basic,Edtech,Delhi,Direct,Monthly,1,560.0,6720.0,1.0,58.0,5,3400.0,2023-11-17,,0,0.0
RIQ-02803,Basic,Healthcare,Bengaluru,Paid Search,Monthly,5,990.0,11880.0,1.0,29.0,3,4900.0,2023-04-26,2023-10-08,1,11880.0
RIQ-02804,Basic,Fintech,Chennai,Paid Search,Monthly,5,950.0,11400.0,1.0,29.0,8,4000.0,2022-12-05,2023-05-09,1,11400.0
RIQ-02805,Pro,Fintech,Chennai,Direct,Annual,3,2330.0,27960.0,0.0,71.0,4,13300.0,2023-08-27,2023-11-26,1,27960.0
RIQ-02806,Basic,E-commerce,Pune,Direct,Monthly,1,620.0,7440.0,1.0,29.0,1,3500.0,2022-01-23,2022-02-20,1,7440.0
RIQ-02807,Pro,Edtech,Chennai,Organic Search,Annual,26,2000.0,24000.0,0.0,88.0,10,11300.0,2023-02-19,,0,0.0
RIQ-02808,Pro,Fintech,Delhi,Email Campaign,Monthly,25,1760.0,21120.0,1.0,74.0,16,13600.0,2022-06-01,,0,0.0
RIQ-02809,Pro,E-commerce,Hyderabad,Organic Search,Annual,2,2460.0,29520.0,2.0,62.0,19,14300.0,2023-04-21,,0,0.0
RIQ-02810,Pro,Fintech,Pune,Organic Search,Monthly,6,2000.0,24000.0,0.0,49.0,15,9800.0,2023-02-27,,0,0.0
RIQ-02811,Pro,Healthcare,Mumbai,Social Media,Monthly,6,1580.0,18960.0,0.0,47.0,8,14500.0,2022-06-16,,0,0.0
RIQ-02812,Basic,E-commerce,Hyderabad,Referral,Monthly,15,890.0,10680.0,4.0,57.0,6,3300.0,2022-02-28,,0,0.0
RIQ-02813,Pro,Healthcare,Delhi,Organic Search,Monthly,26,1970.0,23640.0,1.0,70.0,19,9300.0,2022-02-01,,0,0.0
RIQ-02814,Enterprise,Edtech,Pune,Organic Search,Monthly,37,7430.0,89160.0,2.0,86.0,22,28600.0,2023-05-19,,0,0.0
RIQ-02815,Basic,Edtech,Bengaluru,Direct,Monthly,5,710.0,8520.0,3.0,31.0,10,2700.0,2022-08-29,2023-01-20,1,8520.0
RIQ-02816,Basic,E-commerce,Chennai,Social Media,Monthly,16,800.0,9600.0,3.0,39.0,1,4600.0,2023-08-31,2024-12-20,1,9600.0
RIQ-02817,Pro,E-commerce,Chennai,Direct,Annual,15,2240.0,26880.0,0.0,65.0,19,10400.0,2022-06-03,,0,0.0
RIQ-02818,Basic,Fintech,Bengaluru,Direct,Monthly,3,980.0,11760.0,2.0,24.0,10,5000.0,2023-10-26,2024-01-13,1,11760.0
RIQ-02819,Basic,Healthcare,Mumbai,Social Media,Monthly,5,570.0,6840.0,2.0,42.0,8,4100.0,2023-01-11,2023-06-16,1,6840.0
RIQ-02820,Basic,E-commerce,Mumbai,Organic Search,Monthly,2,780.0,9360.0,3.0,43.0,7,4700.0,2022-02-11,2022-04-02,1,9360.0
RIQ-02821,Pro,E-commerce,Delhi,Social Media,Annual,15,2080.0,24960.0,1.0,75.0,13,13400.0,2022-02-10,,0,0.0
RIQ-02822,Pro,E-commerce,Mumbai,Paid Search,Monthly,11,1670.0,20040.0,1.0,58.0,9,10400.0,2023-02-05,,0,0.0
RIQ-02823,Basic,Edtech,Hyderabad,Paid Search,Monthly,1,640.0,7680.0,1.0,71.0,8,4500.0,2023-06-23,2023-07-10,1,7680.0
RIQ-02824,Enterprise,Edtech,Chennai,Organic Search,Annual,35,8030.0,96360.0,2.0,62.0,20,40600.0,2022-09-24,,0,0.0
RIQ-02825,Enterprise,E-commerce,Mumbai,Paid Search,Annual,26,7480.0,89760.0,1.0,71.0,23,54100.0,2022-08-18,,0,0.0
RIQ-02826,Basic,E-commerce,Delhi,Organic Search,Annual,19,830.0,9960.0,3.0,78.0,8,4400.0,2023-04-30,,0,0.0
RIQ-02827,Basic,Fintech,Bengaluru,Email Campaign,Monthly,5,650.0,7800.0,1.0,53.0,12,4400.0,2023-02-15,2023-07-13,1,7800.0
RIQ-02828,Basic,E-commerce,Delhi,Paid Search,Monthly,4,650.0,7800.0,1.0,16.0,1,2600.0,2022-12-01,,0,0.0
RIQ-02829,Basic,Fintech,Mumbai,Email Campaign,Monthly,20,520.0,6240.0,2.0,37.0,2,4600.0,2022-03-02,2023-10-26,1,6240.0
RIQ-02830,Basic,Edtech,Hyderabad,Paid Search,Monthly,1,560.0,6720.0,2.0,45.0,1,4300.0,2022-03-17,2022-04-10,1,6720.0
RIQ-02831,Basic,E-commerce,Bengaluru,Direct,Monthly,9,860.0,10320.0,1.0,18.0,5,3200.0,2023-03-22,,0,0.0
RIQ-02832,Basic,E-commerce,Hyderabad,Social Media,Annual,15,830.0,9960.0,2.0,62.0,1,2900.0,2023-08-25,,0,0.0
RIQ-02833,Pro,Fintech,Delhi,Email Campaign,Monthly,12,2160.0,25920.0,1.0,83.0,13,9100.0,2023-01-08,2023-12-24,1,25920.0
RIQ-02834,Pro,Healthcare,Delhi,Organic Search,Annual,19,2340.0,28080.0,0.0,47.0,13,10500.0,2022-09-16,2024-04-05,1,28080.0
RIQ-02835,Pro,Fintech,Bengaluru,Organic Search,Monthly,2,1900.0,22800.0,0.0,100.0,11,13300.0,2022-11-28,,0,0.0
RIQ-02836,Pro,Edtech,Delhi,Email Campaign,Monthly,25,2210.0,26520.0,1.0,45.0,4,14200.0,2023-11-06,,0,0.0
RIQ-02837,Basic,Healthcare,Bengaluru,Direct,Monthly,1,850.0,10200.0,2.0,29.0,8,4300.0,2022-01-08,2022-02-19,1,10200.0
RIQ-02838,Basic,E-commerce,Bengaluru,Social Media,Annual,10,740.0,8880.0,0.0,76.0,11,2400.0,2022-12-09,,0,0.0
RIQ-02839,Basic,Edtech,Mumbai,Paid Search,Monthly,1,800.0,9600.0,3.0,38.0,8,2600.0,2022-10-12,2022-11-25,1,9600.0
RIQ-02840,Basic,E-commerce,Bengaluru,Organic Search,Monthly,1,500.0,6000.0,0.0,65.0,1,3000.0,2023-01-05,2023-02-11,1,6000.0
RIQ-02841,Basic,Edtech,Mumbai,Paid Search,Annual,1,550.0,6600.0,4.0,17.0,4,2600.0,2023-05-29,,0,0.0
RIQ-02842,Pro,E-commerce,Delhi,Organic Search,Monthly,1,2360.0,28320.0,0.0,44.0,9,9500.0,2023-06-02,,0,0.0
RIQ-02843,Pro,E-commerce,Mumbai,Referral,Monthly,14,2090.0,25080.0,0.0,54.0,17,12900.0,2023-09-19,,0,0.0
RIQ-02844,Basic,Fintech,Delhi,Paid Search,Annual,19,520.0,6240.0,2.0,17.0,4,3600.0,2023-08-29,,0,0.0
RIQ-02845,Basic,E-commerce,Chennai,Email Campaign,Annual,6,520.0,6240.0,2.0,38.0,14,3200.0,2022-12-07,2023-05-21,1,6240.0
RIQ-02846,Pro,Fintech,Pune,Referral,Annual,34,1970.0,23640.0,1.0,68.0,10,14200.0,2023-03-04,,0,0.0
RIQ-02847,Pro,E-commerce,Mumbai,Referral,Annual,19,1730.0,20760.0,2.0,30.0,14,8000.0,2022-11-19,,0,0.0
RIQ-02848,Pro,Fintech,Delhi,Paid Search,Monthly,32,2390.0,28680.0,1.0,97.0,15,12000.0,2022-02-09,,0,0.0
RIQ-02849,Basic,Edtech,Hyderabad,Organic Search,Monthly,3,700.0,8400.0,3.0,60.0,1,2700.0,2022-01-05,2022-04-06,1,8400.0
RIQ-02850,Basic,Edtech,Mumbai,Organic Search,Monthly,27,620.0,7440.0,4.0,26.0,1,3300.0,2022-01-03,,0,0.0
RIQ-02851,Enterprise,Fintech,Pune,Email Campaign,Annual,46,6370.0,76440.0,0.0,81.0,16,54700.0,2023-07-14,,0,0.0
RIQ-02852,Pro,Healthcare,Bengaluru,Social Media,Annual,30,2230.0,26760.0,0.0,51.0,20,12900.0,2023-10-18,,0,0.0
RIQ-02853,Pro,Fintech,Mumbai,Paid Search,Monthly,40,2000.0,24000.0,0.0,60.0,8,12000.0,2023-08-18,,0,0.0
RIQ-02854,Basic,Fintech,Delhi,Email Campaign,Monthly,8,560.0,6720.0,2.0,48.0,6,4800.0,2022-08-29,,0,0.0
RIQ-02855,Basic,E-commerce,Mumbai,Direct,Monthly,32,590.0,7080.0,1.0,37.0,2,2600.0,2023-11-03,,0,0.0
RIQ-02856,Pro,Fintech,Hyderabad,Email Campaign,Annual,22,2150.0,25800.0,1.0,79.0,9,7200.0,2023-05-07,,0,0.0
RIQ-02857,Enterprise,E-commerce,Pune,Email Campaign,Annual,28,6290.0,75480.0,2.0,80.0,16,26500.0,2023-11-05,,0,0.0
RIQ-02858,Pro,Fintech,Mumbai,Organic Search,Monthly,8,1930.0,23160.0,0.0,51.0,11,12900.0,2022-06-17,,0,0.0
RIQ-02859,Pro,Fintech,Bengaluru,Direct,Monthly,34,2500.0,30000.0,2.0,48.0,18,6700.0,2023-07-16,,0,0.0
RIQ-02860,Basic,E-commerce,Bengaluru,Referral,Annual,21,560.0,6720.0,2.0,34.0,13,4900.0,2022-01-04,,0,0.0
RIQ-02861,Basic,Edtech,Pune,Direct,Monthly,4,880.0,10560.0,4.0,59.0,1,2500.0,2022-10-04,2023-02-16,1,10560.0
RIQ-02862,Basic,Fintech,Chennai,Direct,Annual,10,750.0,9000.0,2.0,47.0,4,3400.0,2023-07-02,,0,0.0
RIQ-02863,Basic,Fintech,Chennai,Paid Search,Monthly,13,640.0,7680.0,2.0,55.0,2,4400.0,2022-03-27,2023-04-17,1,7680.0
RIQ-02864,Pro,Healthcare,Delhi,Email Campaign,Monthly,27,1690.0,20280.0,2.0,37.0,10,14200.0,2022-09-14,,0,0.0
RIQ-02865,Basic,Fintech,Bengaluru,Direct,Monthly,2,980.0,11760.0,0.0,45.0,11,2500.0,2022-03-30,2022-05-16,1,11760.0
RIQ-02866,Basic,Edtech,Mumbai,Organic Search,Monthly,6,840.0,10080.0,1.0,36.0,4,5000.0,2022-07-18,2023-01-14,1,10080.0
RIQ-02867,Basic,E-commerce,Delhi,Paid Search,Annual,13,670.0,8040.0,2.0,66.0,8,4300.0,2023-02-03,2024-03-09,1,8040.0
RIQ-02868,Basic,Fintech,Pune,Organic Search,Annual,10,900.0,10800.0,1.0,22.0,5,2500.0,2022-08-06,,0,0.0
RIQ-02869,Pro,Edtech,Mumbai,Paid Search,Monthly,11,2090.0,25080.0,1.0,93.0,24,12700.0,2022-03-10,,0,0.0
RIQ-02870,Basic,Healthcare,Hyderabad,Organic Search,Monthly,6,970.0,11640.0,1.0,33.0,8,3700.0,2023-05-22,,0,0.0
RIQ-02871,Pro,Edtech,Mumbai,Organic Search,Annual,14,1870.0,22440.0,1.0,57.0,16,7700.0,2022-02-12,,0,0.0
RIQ-02872,Basic,Edtech,Delhi,Direct,Monthly,5,510.0,6120.0,2.0,46.0,12,4800.0,2023-11-12,,0,0.0
RIQ-02873,Pro,Edtech,Pune,Paid Search,Annual,18,2340.0,28080.0,0.0,35.0,18,7200.0,2022-11-19,2024-05-24,1,28080.0
RIQ-02874,Basic,Edtech,Delhi,Organic Search,Annual,42,760.0,9120.0,2.0,40.0,9,3800.0,2022-04-30,,0,0.0
RIQ-02875,Basic,Edtech,Bengaluru,Organic Search,Monthly,3,770.0,9240.0,1.0,100.0,1,3900.0,2022-12-15,2023-03-03,1,9240.0
RIQ-02876,Pro,E-commerce,Delhi,Social Media,Monthly,39,1820.0,21840.0,0.0,70.0,10,9800.0,2022-11-16,,0,0.0
RIQ-02877,Enterprise,Healthcare,Delhi,Social Media,Annual,60,5530.0,66360.0,0.0,36.0,18,47800.0,2022-11-04,,0,0.0
RIQ-02878,Pro,Edtech,Pune,Social Media,Annual,33,2310.0,27720.0,0.0,48.0,10,13600.0,2022-06-06,,0,0.0
RIQ-02879,Basic,Healthcare,Chennai,Referral,Annual,18,990.0,11880.0,5.0,29.0,1,2200.0,2023-01-08,,0,0.0
RIQ-02880,Pro,Fintech,Delhi,Referral,Monthly,4,1520.0,18240.0,1.0,82.0,15,12400.0,2022-10-19,,0,0.0
RIQ-02881,Basic,Edtech,Bengaluru,Social Media,Annual,2,960.0,11520.0,2.0,56.0,17,3800.0,2023-09-10,,0,0.0
RIQ-02882,Basic,Edtech,Bengaluru,Organic Search,Monthly,3,990.0,11880.0,1.0,21.0,12,3000.0,2022-12-08,,0,0.0
RIQ-02883,Pro,Healthcare,Delhi,Organic Search,Annual,2,2080.0,24960.0,0.0,69.0,12,8500.0,2022-03-22,,0,0.0
RIQ-02884,Pro,Fintech,Pune,Direct,Monthly,15,2050.0,24600.0,0.0,67.0,9,6700.0,2023-07-09,,0,0.0
RIQ-02885,Pro,Fintech,Mumbai,Social Media,Annual,10,2430.0,29160.0,1.0,73.0,14,11000.0,2023-07-14,,0,0.0
RIQ-02886,Pro,E-commerce,Bengaluru,Organic Search,Monthly,16,2390.0,28680.0,1.0,80.0,20,13900.0,2022-02-11,,0,0.0
RIQ-02887,Pro,Edtech,Chennai,Paid Search,Monthly,13,1830.0,21960.0,1.0,82.0,11,6800.0,2022-02-23,,0,0.0
RIQ-02888,Pro,Fintech,Hyderabad,Email Campaign,Annual,8,1500.0,18000.0,2.0,79.0,9,13300.0,2023-05-04,,0,0.0
RIQ-02889,Pro,Fintech,Hyderabad,Paid Search,Monthly,9,1610.0,19320.0,1.0,48.0,14,11100.0,2022-06-12,,0,0.0
RIQ-02890,Pro,Fintech,Bengaluru,Organic Search,Annual,6,1580.0,18960.0,0.0,51.0,16,14300.0,2022-06-22,,0,0.0
RIQ-02891,Enterprise,Healthcare,Chennai,Referral,Annual,39,5520.0,66240.0,3.0,54.0,12,25100.0,2022-01-18,,0,0.0
RIQ-02892,Pro,Edtech,Delhi,Direct,Monthly,5,2240.0,26880.0,0.0,46.0,16,14900.0,2023-11-30,,0,0.0
RIQ-02893,Basic,Fintech,Delhi,Social Media,Monthly,2,760.0,9120.0,2.0,37.0,1,4400.0,2022-10-07,2022-12-09,1,9120.0
RIQ-02894,Enterprise,Healthcare,Bengaluru,Organic Search,Annual,27,7740.0,92880.0,0.0,60.0,28,35500.0,2022-03-02,,0,0.0
RIQ-02895,Basic,Edtech,Bengaluru,Organic Search,Monthly,21,910.0,10920.0,1.0,31.0,8,3000.0,2022-10-27,,0,0.0
RIQ-02896,Pro,Fintech,Hyderabad,Organic Search,Annual,11,2410.0,28920.0,0.0,67.0,13,11500.0,2022-10-22,,0,0.0
RIQ-02897,Basic,Fintech,Delhi,Email Campaign,Annual,1,850.0,10200.0,1.0,53.0,2,3900.0,2022-09-19,,0,0.0
RIQ-02898,Basic,Healthcare,Mumbai,Paid Search,Annual,6,700.0,8400.0,0.0,41.0,2,4200.0,2022-07-15,,0,0.0
RIQ-02899,Basic,E-commerce,Mumbai,Paid Search,Monthly,2,910.0,10920.0,0.0,59.0,13,2400.0,2023-08-18,,0,0.0
RIQ-02900,Pro,Edtech,Mumbai,Direct,Annual,18,1540.0,18480.0,0.0,35.0,20,12600.0,2022-09-13,,0,0.0
RIQ-02901,Basic,Fintech,Bengaluru,Organic Search,Monthly,1,570.0,6840.0,1.0,60.0,1,4900.0,2022-08-12,2022-09-04,1,6840.0
RIQ-02902,Pro,E-commerce,Hyderabad,Direct,Annual,4,2220.0,26640.0,2.0,94.0,13,9100.0,2022-01-15,,0,0.0
RIQ-02903,Basic,E-commerce,Mumbai,Email Campaign,Annual,2,570.0,6840.0,1.0,43.0,10,4400.0,2023-10-26,,0,0.0
RIQ-02904,Pro,E-commerce,Delhi,Organic Search,Monthly,10,1910.0,22920.0,1.0,67.0,10,8500.0,2023-11-07,,0,0.0
RIQ-02905,Basic,Fintech,Bengaluru,Referral,Annual,3,930.0,11160.0,3.0,31.0,6,2600.0,2022-05-30,,0,0.0
RIQ-02906,Pro,Healthcare,Mumbai,Referral,Monthly,53,2360.0,28320.0,0.0,64.0,12,10400.0,2023-11-10,,0,0.0
RIQ-02907,Enterprise,Fintech,Delhi,Paid Search,Annual,38,5240.0,62880.0,3.0,82.0,24,51300.0,2022-01-04,,0,0.0
RIQ-02908,Pro,Healthcare,Hyderabad,Email Campaign,Annual,12,2330.0,27960.0,2.0,99.0,10,9700.0,2023-04-15,2024-04-10,1,27960.0
RIQ-02909,Basic,E-commerce,Delhi,Paid Search,Monthly,8,570.0,6840.0,3.0,22.0,8,3300.0,2022-10-14,2023-06-01,1,6840.0
RIQ-02910,Pro,Fintech,Mumbai,Email Campaign,Monthly,6,2030.0,24360.0,2.0,54.0,12,11800.0,2023-08-24,2024-02-19,1,24360.0
RIQ-02911,Pro,Fintech,Bengaluru,Referral,Monthly,27,2190.0,26280.0,1.0,48.0,14,14700.0,2022-10-10,,0,0.0
RIQ-02912,Basic,Fintech,Bengaluru,Organic Search,Annual,17,740.0,8880.0,0.0,34.0,2,4700.0,2023-03-25,,0,0.0
RIQ-02913,Basic,Fintech,Hyderabad,Email Campaign,Monthly,6,740.0,8880.0,3.0,48.0,7,3700.0,2022-08-13,2023-02-24,1,8880.0
RIQ-02914,Pro,E-commerce,Delhi,Social Media,Monthly,1,1770.0,21240.0,1.0,68.0,18,12200.0,2023-01-15,,0,0.0
RIQ-02915,Pro,Edtech,Delhi,Organic Search,Annual,29,2160.0,25920.0,1.0,63.0,13,6200.0,2022-11-14,,0,0.0
RIQ-02916,Basic,E-commerce,Chennai,Referral,Monthly,8,940.0,11280.0,2.0,68.0,13,2800.0,2022-09-05,2023-05-16,1,11280.0
RIQ-02917,Basic,Edtech,Mumbai,Organic Search,Annual,7,830.0,9960.0,2.0,48.0,2,4600.0,2023-07-24,,0,0.0
RIQ-02918,Pro,Fintech,Mumbai,Organic Search,Monthly,1,2420.0,29040.0,1.0,77.0,17,10800.0,2023-10-05,,0,0.0
RIQ-02919,Basic,Healthcare,Chennai,Organic Search,Annual,4,510.0,6120.0,0.0,45.0,12,3300.0,2023-07-22,,0,0.0
RIQ-02920,Pro,Healthcare,Hyderabad,Organic Search,Monthly,15,1690.0,20280.0,0.0,61.0,13,9800.0,2022-11-10,,0,0.0
RIQ-02921,Basic,Fintech,Mumbai,Organic Search,Monthly,1,630.0,7560.0,1.0,47.0,6,3200.0,2022-07-24,2022-08-28,1,7560.0
RIQ-02922,Basic,Healthcare,Hyderabad,Email Campaign,Monthly,2,780.0,9360.0,0.0,55.0,1,3400.0,2022-04-09,2022-06-05,1,9360.0
RIQ-02923,Basic,Fintech,Mumbai,Direct,Monthly,1,520.0,6240.0,0.0,62.0,3,3400.0,2022-12-11,2023-01-06,1,6240.0
RIQ-02924,Basic,E-commerce,Bengaluru,Organic Search,Annual,10,610.0,7320.0,2.0,56.0,5,4100.0,2023-07-30,2024-05-10,1,7320.0
RIQ-02925,Basic,Healthcare,Bengaluru,Email Campaign,Monthly,6,610.0,7320.0,0.0,46.0,5,2600.0,2022-02-14,,0,0.0
RIQ-02926,Pro,Edtech,Mumbai,Direct,Annual,12,1570.0,18840.0,2.0,56.0,13,10900.0,2023-11-29,,0,0.0
RIQ-02927,Basic,Edtech,Bengaluru,Email Campaign,Monthly,23,610.0,7320.0,2.0,27.0,8,2700.0,2022-08-08,,0,0.0
RIQ-02928,Basic,Healthcare,Mumbai,Email Campaign,Annual,2,960.0,11520.0,1.0,39.0,1,2400.0,2023-02-23,,0,0.0
RIQ-02929,Basic,E-commerce,Bengaluru,Social Media,Monthly,8,720.0,8640.0,2.0,,9,2300.0,2022-08-03,,0,0.0
RIQ-02930,Pro,Fintech,Bengaluru,Direct,Monthly,19,1590.0,19080.0,1.0,71.0,13,10800.0,2022-09-14,,0,0.0
RIQ-02931,Enterprise,Healthcare,Pune,Email Campaign,Annual,30,8800.0,105600.0,0.0,44.0,22,26700.0,2022-02-15,,0,0.0
RIQ-02932,Basic,Fintech,Bengaluru,Referral,Monthly,3,880.0,10560.0,1.0,13.0,9,4500.0,2022-01-07,2022-04-21,1,10560.0
RIQ-02933,Basic,Healthcare,Pune,Email Campaign,Annual,6,700.0,8400.0,1.0,34.0,12,2300.0,2022-12-05,,0,0.0
RIQ-02934,Basic,E-commerce,Pune,Paid Search,Monthly,3,790.0,9480.0,2.0,37.0,3,4100.0,2022-01-01,2022-03-30,1,9480.0
RIQ-02935,Basic,Healthcare,Mumbai,Paid Search,Monthly,29,780.0,9360.0,0.0,51.0,8,2100.0,2022-06-18,,0,0.0
RIQ-02936,Basic,Healthcare,Bengaluru,Social Media,Monthly,1,510.0,6120.0,1.0,32.0,4,2500.0,2022-10-09,2022-10-30,1,6120.0
RIQ-02937,Basic,E-commerce,Mumbai,Organic Search,Annual,9,870.0,10440.0,4.0,44.0,9,4500.0,2022-07-20,,0,0.0
RIQ-02938,Basic,Healthcare,Mumbai,Social Media,Annual,11,530.0,6360.0,3.0,40.0,8,3900.0,2023-04-06,2024-02-22,1,6360.0
RIQ-02939,Basic,Edtech,Hyderabad,Paid Search,Annual,1,860.0,10320.0,1.0,36.0,3,4300.0,2023-01-11,2023-02-15,1,10320.0
RIQ-02940,Basic,Healthcare,Bengaluru,Direct,Annual,3,710.0,8520.0,2.0,17.0,8,4500.0,2022-03-06,,0,0.0
RIQ-02941,Basic,Fintech,Pune,Paid Search,Annual,1,580.0,6960.0,2.0,41.0,8,3600.0,2022-02-05,,0,0.0
RIQ-02942,Enterprise,Fintech,Mumbai,Organic Search,Annual,21,5540.0,66480.0,0.0,85.0,21,24300.0,2022-06-11,,0,0.0
RIQ-02943,Basic,Fintech,Mumbai,Paid Search,Monthly,16,610.0,7320.0,5.0,40.0,2,4100.0,2022-06-20,2023-10-06,1,7320.0
RIQ-02944,Basic,Fintech,Delhi,Referral,Annual,6,760.0,9120.0,1.0,64.0,10,4700.0,2023-08-29,,0,0.0
RIQ-02945,Basic,E-commerce,Delhi,Social Media,Annual,15,940.0,11280.0,1.0,35.0,4,4500.0,2022-06-11,,0,0.0
RIQ-02946,Basic,E-commerce,Chennai,Organic Search,Annual,8,610.0,7320.0,2.0,44.0,5,3300.0,2023-04-05,,0,0.0
RIQ-02947,Basic,E-commerce,Bengaluru,Paid Search,Annual,3,640.0,7680.0,1.0,78.0,5,3800.0,2022-09-24,,0,0.0
RIQ-02948,Pro,Fintech,Delhi,Social Media,Annual,16,2330.0,27960.0,0.0,48.0,7,9400.0,2022-07-20,,0,0.0
RIQ-02949,Pro,Edtech,Chennai,Social Media,Monthly,12,2430.0,29160.0,0.0,76.0,12,12300.0,2023-08-19,,0,0.0
RIQ-02950,Basic,E-commerce,Bengaluru,Paid Search,Monthly,4,610.0,7320.0,3.0,58.0,9,4600.0,2023-07-01,2023-11-13,1,7320.0
RIQ-02951,Basic,E-commerce,Mumbai,Organic Search,Monthly,14,820.0,9840.0,2.0,30.0,11,3600.0,2022-05-19,2023-06-29,1,9840.0
RIQ-02952,Pro,Edtech,Bengaluru,Social Media,Annual,17,1630.0,19560.0,1.0,62.0,13,11500.0,2022-02-21,,0,0.0
RIQ-02953,Enterprise,E-commerce,Delhi,Social Media,Annual,8,6210.0,74520.0,0.0,46.0,19,23700.0,2023-07-20,,0,0.0
RIQ-02954,Basic,E-commerce,Mumbai,Email Campaign,Monthly,11,630.0,7560.0,0.0,57.0,2,2400.0,2023-07-17,,0,0.0
RIQ-02955,Basic,E-commerce,Pune,Paid Search,Annual,3,920.0,11040.0,2.0,38.0,5,4400.0,2022-07-30,2022-10-17,1,11040.0
RIQ-02956,Basic,Fintech,Hyderabad,Email Campaign,Monthly,4,760.0,9120.0,2.0,47.0,10,3300.0,2023-10-02,,0,0.0
RIQ-02957,Pro,E-commerce,Pune,Paid Search,Monthly,12,1580.0,18960.0,0.0,80.0,9,12100.0,2022-11-26,,0,0.0
RIQ-02958,Pro,Edtech,Bengaluru,Email Campaign,Monthly,21,1840.0,22080.0,1.0,36.0,6,13000.0,2022-02-03,,0,0.0
RIQ-02959,Basic,Healthcare,Pune,Paid Search,Monthly,1,840.0,10080.0,3.0,60.0,2,3000.0,2022-02-01,2022-02-18,1,10080.0
RIQ-02960,Basic,Fintech,Bengaluru,Direct,Monthly,1,790.0,9480.0,1.0,49.0,9,2600.0,2022-03-26,2022-05-02,1,9480.0
RIQ-02961,Basic,Edtech,Delhi,Email Campaign,Monthly,1,890.0,10680.0,4.0,26.0,7,3100.0,2023-07-06,2023-08-10,1,10680.0
RIQ-02962,Pro,E-commerce,Mumbai,Social Media,Annual,4,2100.0,25200.0,1.0,64.0,9,8800.0,2022-06-03,,0,0.0
RIQ-02963,Pro,E-commerce,Pune,Paid Search,Monthly,31,2290.0,27480.0,1.0,70.0,7,12800.0,2023-06-01,,0,0.0
RIQ-02964,Basic,Edtech,Delhi,Organic Search,Annual,10,540.0,6480.0,2.0,41.0,8,4000.0,2022-06-01,2023-04-01,1,6480.0
RIQ-02965,Pro,Fintech,Delhi,Organic Search,Annual,15,2020.0,24240.0,0.0,100.0,14,13400.0,2022-03-20,,0,0.0
RIQ-02966,Basic,Edtech,Delhi,Referral,Monthly,22,810.0,9720.0,7.0,55.0,11,2900.0,2022-02-13,,0,0.0
RIQ-02967,Basic,Healthcare,Pune,Direct,Annual,2,730.0,8760.0,2.0,85.0,3,3800.0,2022-02-15,,0,0.0
RIQ-02968,Enterprise,E-commerce,Delhi,Social Media,Monthly,11,6230.0,74760.0,2.0,71.0,28,49000.0,2022-12-20,,0,0.0
RIQ-02969,Pro,Healthcare,Mumbai,Social Media,Annual,2,1770.0,21240.0,0.0,37.0,16,11100.0,2022-06-03,,0,0.0
RIQ-02970,Basic,Edtech,Mumbai,Email Campaign,Annual,1,570.0,6840.0,0.0,50.0,6,2700.0,2022-10-03,2022-11-03,1,6840.0
RIQ-02971,Basic,Fintech,Pune,Paid Search,Monthly,5,680.0,8160.0,0.0,49.0,1,3700.0,2022-06-24,2022-12-01,1,8160.0
RIQ-02972,Basic,Edtech,Mumbai,Social Media,Monthly,22,520.0,6240.0,0.0,64.0,7,3200.0,2023-04-27,2025-02-01,1,6240.0
RIQ-02973,Basic,Fintech,Bengaluru,Paid Search,Monthly,15,810.0,9720.0,3.0,31.0,7,3100.0,2023-04-17,2024-07-14,1,9720.0
RIQ-02974,Pro,E-commerce,Hyderabad,Organic Search,Annual,3,2280.0,27360.0,0.0,64.0,9,6600.0,2023-06-23,,0,0.0
RIQ-02975,Basic,E-commerce,Mumbai,Paid Search,Monthly,11,520.0,6240.0,0.0,61.0,4,3200.0,2022-05-06,2023-04-13,1,6240.0
RIQ-02976,Basic,E-commerce,Chennai,Email Campaign,Monthly,7,780.0,9360.0,2.0,43.0,12,4200.0,2023-06-26,,0,0.0
RIQ-02977,Basic,Edtech,Chennai,Direct,Annual,40,980.0,11760.0,2.0,54.0,1,2500.0,2023-10-22,,0,0.0
RIQ-02978,Basic,Edtech,Pune,Social Media,Annual,14,960.0,11520.0,3.0,22.0,11,2600.0,2023-06-13,,0,0.0
RIQ-02979,Basic,Healthcare,Hyderabad,Email Campaign,Annual,1,820.0,9840.0,1.0,29.0,3,2700.0,2023-02-14,2023-03-09,1,9840.0
RIQ-02980,Enterprise,Fintech,Mumbai,Social Media,Annual,60,7000.0,84000.0,1.0,77.0,29,42900.0,2023-11-26,,0,0.0
RIQ-02981,Enterprise,Healthcare,Bengaluru,Paid Search,Monthly,4,8350.0,100200.0,0.0,40.0,22,29700.0,2022-11-11,,0,0.0
RIQ-02982,Pro,Healthcare,Bengaluru,Referral,Annual,8,1920.0,23040.0,1.0,52.0,20,12500.0,2022-05-14,,0,0.0
RIQ-02983,Pro,Fintech,Pune,Organic Search,Monthly,12,1710.0,20520.0,1.0,76.0,7,8300.0,2022-11-14,,0,0.0
RIQ-02984,basic,Fintech,Bengaluru,Social Media,Annual,4,520.0,6240.0,1.0,15.0,5,2900.0,2023-02-04,,0,0.0
RIQ-02985,Basic,E-commerce,Mumbai,Social Media,Monthly,2,680.0,8160.0,0.0,51.0,5,2900.0,2023-01-18,2023-03-28,1,8160.0
RIQ-02986,Basic,E-commerce,Mumbai,Direct,Annual,3,890.0,10680.0,2.0,51.0,1,3000.0,2023-11-23,2024-02-17,1,10680.0
RIQ-02987,Pro,Edtech,Pune,Paid Search,Annual,3,2460.0,29520.0,1.0,66.0,16,9400.0,2022-01-24,2022-04-30,1,29520.0
RIQ-02988,Pro,Fintech,Hyderabad,Paid Search,Annual,47,1780.0,21360.0,0.0,52.0,20,14600.0,2022-10-25,,0,0.0
RIQ-02989,Basic,Fintech,Mumbai,Direct,Annual,15,960.0,11520.0,2.0,57.0,6,4300.0,2022-01-24,,0,0.0
RIQ-02990,Basic,E-commerce,Bengaluru,Social Media,Monthly,1,780.0,9360.0,3.0,34.0,8,2500.0,2023-05-28,2023-06-28,1,9360.0
RIQ-02991,Basic,Edtech,Delhi,Social Media,Annual,6,990.0,11880.0,4.0,49.0,1,4500.0,2023-04-22,2023-10-23,1,11880.0
RIQ-02992,Basic,Edtech,Mumbai,Paid Search,Annual,33,520.0,6240.0,2.0,56.0,1,2200.0,2023-10-17,,0,0.0
RIQ-02993,Pro,Edtech,Bengaluru,Referral,Annual,27,2420.0,29040.0,4.0,52.0,7,13400.0,2022-08-02,,0,0.0
RIQ-02994,Pro,E-commerce,Mumbai,Email Campaign,Annual,1,2030.0,24360.0,0.0,84.0,11,12400.0,2023-08-25,,0,0.0
RIQ-02995,Basic,Healthcare,Delhi,Paid Search,Monthly,6,610.0,7320.0,0.0,16.0,1,2300.0,2022-05-25,2022-12-01,1,7320.0
RIQ-02996,Basic,Healthcare,Pune,Organic Search,Annual,6,760.0,9120.0,4.0,63.0,5,3600.0,2022-05-07,,0,0.0
RIQ-02997,Pro,E-commerce,Chennai,Direct,Monthly,3,2090.0,25080.0,0.0,90.0,14,8000.0,2023-10-09,2024-01-13,1,25080.0
RIQ-02998,Basic,Edtech,Delhi,Referral,Annual,18,660.0,7920.0,4.0,17.0,2,2100.0,2022-08-20,,0,0.0
RIQ-02999,Pro,Healthcare,Pune,Direct,Monthly,5,1580.0,18960.0,2.0,78.0,9,11500.0,2022-03-27,,0,0.0
RIQ-03000,Pro,E-commerce,Mumbai,Referral,Annual,13,2260.0,27120.0,2.0,67.0,7,6900.0,2022-12-02,,0,0.0
RIQ-03001,Basic,E-commerce,Delhi,Direct,Monthly,5,930.0,11160.0,1.0,47.0,4,4600.0,2023-07-20,2023-12-25,1,11160.0
RIQ-03002,Basic,Edtech,Pune,Organic Search,Annual,18,590.0,7080.0,0.0,43.0,1,5000.0,2022-01-28,,0,0.0
RIQ-03003,Pro,Fintech,Mumbai,Paid Search,Monthly,43,2280.0,27360.0,0.0,57.0,10,13500.0,2022-04-25,,0,0.0
RIQ-03004,Basic,Fintech,Hyderabad,Referral,Monthly,21,510.0,6120.0,1.0,23.0,3,3400.0,2023-01-22,2024-10-08,1,6120.0
RIQ-03005,Pro,Healthcare,Mumbai,Email Campaign,Monthly,28,1780.0,21360.0,1.0,61.0,15,12500.0,2023-09-03,,0,0.0
RIQ-03006,Enterprise,E-commerce,Mumbai,Social Media,Annual,14,5010.0,60120.0,0.0,49.0,27,51700.0,2023-09-28,2024-11-27,1,60120.0
RIQ-03007,Pro,E-commerce,Mumbai,Referral,Monthly,7,1630.0,19560.0,0.0,36.0,15,11400.0,2022-03-01,,0,0.0
RIQ-03008,Pro,Fintech,Bengaluru,Social Media,Monthly,25,2370.0,28440.0,0.0,69.0,10,8600.0,2023-10-17,,0,0.0
RIQ-03009,Basic,Edtech,Pune,Social Media,Annual,8,610.0,7320.0,0.0,48.0,5,3600.0,2023-02-11,,0,0.0
RIQ-03010,Pro,Fintech,Delhi,Organic Search,Monthly,17,1640.0,19680.0,0.0,83.0,12,13300.0,2023-02-22,,0,0.0
RIQ-03011,Basic,Fintech,Delhi,Social Media,Monthly,3,610.0,7320.0,3.0,60.0,10,2400.0,2023-09-09,2023-12-09,1,7320.0
RIQ-03012,Basic,Fintech,Bengaluru,Organic Search,Annual,1,670.0,8040.0,1.0,72.0,2,2300.0,2022-03-20,,0,0.0
RIQ-03013,Basic,E-commerce,Delhi,Paid Search,Monthly,4,930.0,11160.0,0.0,51.0,5,3600.0,2022-10-29,2023-02-15,1,11160.0
RIQ-03014,Basic,Healthcare,Mumbai,Referral,Annual,17,910.0,10920.0,0.0,25.0,13,2100.0,2023-10-08,,0,0.0
RIQ-03015,Pro,Fintech,Mumbai,Paid Search,Monthly,2,2430.0,29160.0,0.0,61.0,12,13100.0,2023-03-15,,0,0.0
RIQ-03016,Pro,Fintech,Bengaluru,Paid Search,Annual,11,2190.0,26280.0,2.0,80.0,17,9800.0,2022-04-30,,0,0.0
RIQ-03017,Basic,Edtech,Bengaluru,Social Media,Monthly,1,970.0,11640.0,1.0,30.0,2,5000.0,2022-07-17,2022-08-28,1,11640.0
RIQ-03018,Pro,Healthcare,Delhi,Paid Search,Annual,30,1890.0,22680.0,1.0,45.0,19,13800.0,2023-09-15,,0,0.0
RIQ-03019,Basic,Healthcare,Delhi,Social Media,Monthly,5,580.0,6960.0,1.0,68.0,8,3000.0,2023-04-12,2023-08-27,1,6960.0
RIQ-03020,Basic,Fintech,Pune,Social Media,Annual,7,590.0,7080.0,1.0,67.0,1,2800.0,2022-08-12,,0,0.0
RIQ-03021,Basic,Fintech,Mumbai,Paid Search,Monthly,2,710.0,8520.0,2.0,19.0,1,2600.0,2023-07-18,,0,0.0
RIQ-03022,Basic,Healthcare,Delhi,Paid Search,Monthly,2,920.0,11040.0,1.0,43.0,7,3700.0,2023-03-11,2023-05-19,1,11040.0
RIQ-03023,Basic,E-commerce,Pune,Social Media,Annual,6,990.0,11880.0,1.0,46.0,1,4200.0,2022-09-28,2023-03-21,1,11880.0
RIQ-03024,Pro,E-commerce,Mumbai,Organic Search,Monthly,24,2400.0,28800.0,1.0,69.0,16,14900.0,2022-01-06,,0,0.0
RIQ-03025,Pro,E-commerce,Bengaluru,Paid Search,Monthly,5,1840.0,22080.0,3.0,45.0,17,12000.0,2022-09-01,,0,0.0
RIQ-03026,Basic,E-commerce,Bengaluru,Organic Search,Monthly,18,950.0,11400.0,3.0,47.0,6,3200.0,2022-05-20,,0,0.0
RIQ-03027,Basic,Edtech,Delhi,Direct,Monthly,3,810.0,9720.0,4.0,11.0,3,2300.0,2022-05-08,2022-07-23,1,9720.0
RIQ-03028,Enterprise,Edtech,Hyderabad,Organic Search,Annual,49,5090.0,61080.0,2.0,64.0,17,43200.0,2022-02-18,,0,0.0
RIQ-03029,Pro,E-commerce,Bengaluru,Direct,Annual,2,1560.0,18720.0,0.0,44.0,18,7600.0,2022-10-24,,0,0.0
RIQ-03030,Enterprise,Healthcare,Hyderabad,Paid Search,Monthly,9,9980.0,119760.0,3.0,69.0,19,50200.0,2022-09-19,,0,0.0
RIQ-03031,Pro,E-commerce,Hyderabad,Email Campaign,Annual,20,2210.0,26520.0,1.0,58.0,17,9800.0,2023-10-01,,0,0.0
RIQ-03032,Pro,Healthcare,Hyderabad,Organic Search,Annual,4,2310.0,27720.0,0.0,53.0,14,11000.0,2023-11-04,,0,0.0
RIQ-03033,Pro,Healthcare,Delhi,Social Media,Annual,7,2100.0,25200.0,1.0,79.0,16,14800.0,2023-11-24,,0,0.0
RIQ-03034,Basic,E-commerce,Chennai,Email Campaign,Monthly,1,940.0,11280.0,1.0,30.0,9,3600.0,2022-10-30,2022-11-18,1,11280.0
RIQ-03035,Basic,Fintech,Delhi,Organic Search,Annual,9,970.0,11640.0,1.0,49.0,1,3000.0,2022-09-12,2023-05-29,1,11640.0
RIQ-03036,Pro,E-commerce,Delhi,Referral,Monthly,18,2000.0,24000.0,0.0,56.0,12,13100.0,2022-11-14,,0,0.0
RIQ-03037,Basic,Edtech,Mumbai,Social Media,Monthly,2,980.0,11760.0,1.0,59.0,9,2600.0,2022-07-14,2022-08-31,1,11760.0
RIQ-03038,Basic,Edtech,Pune,Direct,Monthly,9,650.0,7800.0,2.0,20.0,8,4900.0,2022-05-25,2023-02-28,1,7800.0
RIQ-03039,Basic,Fintech,Pune,Email Campaign,Annual,40,970.0,11640.0,0.0,100.0,1,3900.0,2023-02-22,,0,0.0
RIQ-03040,Basic,Edtech,Chennai,Email Campaign,Monthly,5,580.0,6960.0,1.0,65.0,2,3400.0,2023-10-18,2024-03-04,1,6960.0
RIQ-03041,Pro,Fintech,Chennai,Organic Search,Monthly,8,2140.0,25680.0,0.0,55.0,16,11100.0,2022-06-28,2023-03-03,1,25680.0
RIQ-03042,Pro,E-commerce,Mumbai,Social Media,Monthly,8,1730.0,20760.0,0.0,57.0,17,12000.0,2023-09-14,,0,0.0
RIQ-03043,Pro,Fintech,Pune,Paid Search,Monthly,19,1860.0,22320.0,0.0,100.0,14,7200.0,2022-09-07,2024-04-12,1,22320.0
RIQ-03044,Basic,Edtech,Pune,Social Media,Monthly,12,880.0,10560.0,1.0,31.0,1,2000.0,2022-10-19,2023-10-25,1,10560.0
RIQ-03045,Basic,Edtech,Mumbai,Organic Search,Monthly,1,830.0,9960.0,2.0,64.0,15,4100.0,2022-05-26,2022-07-08,1,9960.0
RIQ-03046,Pro,E-commerce,Hyderabad,Organic Search,Monthly,23,2050.0,24600.0,2.0,35.0,11,12900.0,2022-05-31,,0,0.0
RIQ-03047,Basic,E-commerce,Hyderabad,Referral,Monthly,1,570.0,6840.0,2.0,73.0,3,2300.0,2023-11-08,2023-12-01,1,6840.0
RIQ-03048,Basic,Fintech,Chennai,Email Campaign,Monthly,27,670.0,8040.0,4.0,35.0,8,2200.0,2023-10-08,,0,0.0
RIQ-03049,Basic,E-commerce,Chennai,Referral,Monthly,19,740.0,8880.0,2.0,46.0,1,2300.0,2023-03-13,,0,0.0
RIQ-03050,Basic,E-commerce,Bengaluru,Organic Search,Annual,17,880.0,10560.0,0.0,30.0,5,2900.0,2023-06-26,,0,0.0
RIQ-03051,Basic,Edtech,Chennai,Direct,Monthly,3,560.0,6720.0,1.0,44.0,1,2800.0,2022-07-16,2022-10-23,1,6720.0
RIQ-03052,Enterprise,E-commerce,Delhi,Social Media,Annual,24,8980.0,107760.0,3.0,63.0,24,21600.0,2022-11-15,2024-11-16,1,107760.0
RIQ-03053,Pro,E-commerce,Delhi,Referral,Monthly,19,1530.0,18360.0,2.0,63.0,14,8000.0,2022-06-18,,0,0.0
RIQ-03054,Enterprise,Fintech,Delhi,Referral,Annual,12,9260.0,111120.0,2.0,51.0,24,35600.0,2023-03-21,,0,0.0
RIQ-03055,Basic,Edtech,Mumbai,Direct,Monthly,7,1000.0,12000.0,3.0,52.0,5,4500.0,2022-04-30,,0,0.0
RIQ-03056,Basic,Edtech,Pune,Email Campaign,Monthly,7,540.0,6480.0,3.0,17.0,10,2600.0,2023-11-16,,0,0.0
RIQ-03057,Basic,E-commerce,Mumbai,Paid Search,Annual,5,910.0,10920.0,0.0,84.0,11,2100.0,2022-01-27,,0,0.0
RIQ-03058,Pro,E-commerce,Mumbai,Email Campaign,Annual,17,2110.0,25320.0,0.0,77.0,10,11700.0,2022-10-13,,0,0.0
RIQ-03059,Basic,Fintech,Pune,Email Campaign,Monthly,11,870.0,10440.0,3.0,46.0,10,3400.0,2022-02-25,,0,0.0
RIQ-03060,Enterprise,Fintech,Mumbai,Social Media,Annual,60,7610.0,91320.0,0.0,86.0,32,45100.0,2023-08-20,,0,0.0
RIQ-03061,Pro,E-commerce,Delhi,Referral,Monthly,6,1550.0,18600.0,1.0,50.0,12,8500.0,2023-01-13,,0,0.0
RIQ-03062,Enterprise,E-commerce,Mumbai,Paid Search,Annual,28,7480.0,89760.0,2.0,97.0,27,22300.0,2023-03-30,,0,0.0
RIQ-03063,Pro,Edtech,Delhi,Paid Search,Annual,10,2440.0,29280.0,0.0,78.0,15,12900.0,2022-05-24,,0,0.0
RIQ-03064,Pro,Fintech,Delhi,Referral,Annual,21,1630.0,19560.0,0.0,47.0,12,11000.0,2022-05-21,,0,0.0
RIQ-03065,Basic,Edtech,Pune,Paid Search,Monthly,12,940.0,11280.0,3.0,40.0,7,3400.0,2023-10-03,2024-10-08,1,11280.0
RIQ-03066,Basic,Fintech,Mumbai,Organic Search,Monthly,12,580.0,6960.0,7.0,54.0,10,4300.0,2023-09-09,2024-08-21,1,6960.0
RIQ-03067,Pro,Healthcare,Mumbai,Organic Search,Annual,1,2020.0,24240.0,0.0,78.0,10,14700.0,2023-07-01,,0,0.0
RIQ-03068,Basic,Fintech,Mumbai,Email Campaign,Annual,12,730.0,8760.0,1.0,56.0,3,4800.0,2022-04-02,,0,0.0
RIQ-03069,Basic,E-commerce,Mumbai,Organic Search,Monthly,2,860.0,10320.0,0.0,8.0,9,3000.0,2022-06-25,2022-08-15,1,10320.0
RIQ-03070,Pro,Fintech,Delhi,Email Campaign,Monthly,40,2040.0,24480.0,0.0,71.0,12,7800.0,2022-03-23,,0,0.0
RIQ-03071,Basic,E-commerce,Chennai,Paid Search,Monthly,2,950.0,11400.0,1.0,39.0,3,2200.0,2023-11-26,2024-01-13,1,11400.0
RIQ-03072,Enterprise,Edtech,Delhi,Paid Search,Monthly,53,6090.0,73080.0,3.0,100.0,24,46800.0,2023-03-09,,0,0.0
RIQ-03073,Pro,Edtech,Bengaluru,Social Media,Annual,23,1630.0,19560.0,0.0,50.0,23,14800.0,2023-05-23,,0,0.0
RIQ-03074,Enterprise,Edtech,Chennai,Email Campaign,Annual,25,5950.0,71400.0,0.0,98.0,19,31900.0,2023-04-04,,0,0.0
RIQ-03075,Pro,Fintech,Mumbai,Organic Search,Monthly,2,1760.0,21120.0,0.0,86.0,12,13800.0,2022-02-20,2022-04-29,1,21120.0
RIQ-03076,Basic,Healthcare,Delhi,Direct,Annual,1,570.0,6840.0,1.0,73.0,6,3500.0,2023-02-10,2023-03-06,1,6840.0
RIQ-03077,Pro,Fintech,Pune,Social Media,Annual,1,1770.0,21240.0,2.0,48.0,9,7800.0,2022-02-24,,0,0.0
RIQ-03078,Basic,Fintech,Mumbai,Organic Search,Annual,5,550.0,6600.0,1.0,39.0,2,2300.0,2023-04-27,2023-09-26,1,6600.0
RIQ-03079,Pro,E-commerce,Mumbai,Email Campaign,Annual,7,2290.0,27480.0,0.0,68.0,16,14200.0,2023-11-15,,0,0.0
RIQ-03080,Basic,Healthcare,Chennai,Paid Search,Monthly,14,920.0,11040.0,2.0,25.0,6,4600.0,2023-10-17,2024-11-27,1,11040.0
RIQ-03081,Basic,Fintech,Pune,Organic Search,Annual,18,910.0,10920.0,4.0,9.0,6,3900.0,2022-04-15,,0,0.0
RIQ-03082,Basic,E-commerce,Pune,Direct,Monthly,3,710.0,8520.0,1.0,21.0,1,3000.0,2023-08-10,2023-11-10,1,8520.0
RIQ-03083,Enterprise,Fintech,Bengaluru,Direct,Annual,26,8430.0,101160.0,3.0,58.0,31,53100.0,2023-03-25,,0,0.0
RIQ-03084,Pro,Edtech,Bengaluru,Paid Search,Monthly,5,2370.0,28440.0,1.0,64.0,8,13600.0,2023-07-07,2023-11-26,1,28440.0
RIQ-03085,Pro,Healthcare,Delhi,Paid Search,Annual,45,2180.0,26160.0,0.0,,19,9000.0,2022-11-23,,0,0.0
RIQ-03086,Basic,Edtech,Hyderabad,Direct,Annual,18,720.0,8640.0,2.0,53.0,1,3500.0,2022-01-24,,0,0.0
RIQ-03087,Pro,E-commerce,Hyderabad,Social Media,Annual,17,2140.0,25680.0,0.0,31.0,21,15000.0,2023-02-17,,0,0.0
RIQ-03088,Basic,Edtech,Hyderabad,Referral,Monthly,20,850.0,10200.0,3.0,56.0,2,4800.0,2023-02-17,2024-10-21,1,10200.0
RIQ-03089,Pro,Fintech,Pune,Paid Search,Annual,33,2280.0,27360.0,3.0,67.0,11,6100.0,2022-05-31,,0,0.0
RIQ-03090,Pro,Fintech,Bengaluru,Paid Search,Monthly,2,1880.0,22560.0,0.0,48.0,17,13600.0,2022-05-28,,0,0.0
RIQ-03091,Basic,Fintech,Chennai,Social Media,Annual,13,810.0,9720.0,4.0,48.0,6,4000.0,2022-12-02,,0,0.0
RIQ-03092,Basic,Edtech,Mumbai,Email Campaign,Monthly,3,940.0,11280.0,2.0,43.0,8,4300.0,2023-01-10,2023-03-26,1,11280.0
RIQ-03093,Enterprise,Edtech,Hyderabad,Direct,Annual,8,5520.0,66240.0,1.0,44.0,19,40900.0,2022-09-29,2023-05-24,1,66240.0
RIQ-03094,Basic,Edtech,Hyderabad,Referral,Annual,8,880.0,10560.0,2.0,50.0,1,4900.0,2022-06-28,2023-02-10,1,10560.0
RIQ-03095,Basic,Healthcare,Bengaluru,Social Media,Monthly,22,980.0,11760.0,0.0,16.0,10,2100.0,2023-09-01,2025-07-07,1,11760.0
RIQ-03096,Pro,E-commerce,Bengaluru,Direct,Monthly,26,1770.0,21240.0,0.0,60.0,9,10900.0,2023-03-17,,0,0.0
RIQ-03097,Enterprise,Edtech,Mumbai,Direct,Monthly,45,9340.0,112080.0,1.0,91.0,21,54000.0,2022-06-12,,0,0.0
RIQ-03098,Basic,Healthcare,Bengaluru,Paid Search,Monthly,1,900.0,10800.0,2.0,36.0,5,4200.0,2023-09-12,2023-10-19,1,10800.0
RIQ-03099,Basic,Edtech,Bengaluru,Social Media,Monthly,2,990.0,11880.0,1.0,50.0,13,4100.0,2023-09-05,2023-11-11,1,11880.0
RIQ-03100,Basic,Fintech,Mumbai,Referral,Annual,10,560.0,6720.0,5.0,7.0,9,3000.0,2023-09-13,,0,0.0
RIQ-03101,Basic,Fintech,Mumbai,Paid Search,Monthly,14,810.0,9720.0,5.0,66.0,6,2900.0,2023-10-25,2024-12-05,1,9720.0
RIQ-03102,Pro,Fintech,Hyderabad,Referral,Monthly,22,1960.0,23520.0,1.0,68.0,12,10000.0,2022-02-06,,0,0.0
RIQ-03103,Pro,Fintech,Chennai,Referral,Annual,1,1680.0,20160.0,1.0,49.0,5,9500.0,2023-07-12,,0,0.0
RIQ-03104,Basic,Edtech,Bengaluru,Paid Search,Annual,3,880.0,10560.0,2.0,67.0,1,2600.0,2023-11-04,,0,0.0
RIQ-03105,Pro,Edtech,Delhi,Organic Search,Monthly,16,1880.0,22560.0,1.0,48.0,9,6600.0,2022-03-21,,0,0.0
RIQ-03106,Basic,Fintech,Mumbai,Social Media,Annual,1,990.0,11880.0,1.0,21.0,1,3600.0,2023-05-22,2023-06-25,1,11880.0
RIQ-03107,Basic,Fintech,Hyderabad,Paid Search,Annual,8,810.0,9720.0,3.0,25.0,2,3500.0,2023-03-23,,0,0.0
RIQ-03108,Pro,Fintech,Hyderabad,Email Campaign,Annual,2,2330.0,27960.0,1.0,59.0,11,7800.0,2022-11-24,,0,0.0
RIQ-03109,Basic,Fintech,Bengaluru,Email Campaign,Annual,13,520.0,6240.0,6.0,56.0,4,3600.0,2023-10-21,,0,0.0
RIQ-03110,Basic,Edtech,Bengaluru,Email Campaign,Annual,18,820.0,9840.0,2.0,38.0,1,3900.0,2023-11-30,,0,0.0
RIQ-03111,Basic,Edtech,Hyderabad,Paid Search,Monthly,34,630.0,7560.0,2.0,46.0,1,4700.0,2022-01-31,2024-11-22,1,7560.0
RIQ-03112,Pro,Fintech,Chennai,Organic Search,Annual,29,1880.0,22560.0,1.0,75.0,12,10100.0,2023-09-27,,0,0.0
RIQ-03113,Enterprise,E-commerce,Bengaluru,Referral,Annual,27,8360.0,100320.0,0.0,100.0,24,51100.0,2022-06-21,,0,0.0
RIQ-03114,Basic,Healthcare,Bengaluru,Direct,Annual,1,670.0,8040.0,1.0,16.0,7,2800.0,2023-01-19,,0,0.0
RIQ-03115,Basic,E-commerce,Pune,Paid Search,Monthly,5,730.0,8760.0,1.0,57.0,1,2400.0,2023-02-08,2023-06-29,1,8760.0
RIQ-03116,Basic,Edtech,Delhi,Direct,Annual,6,590.0,7080.0,1.0,7.0,7,4900.0,2022-09-10,2023-03-14,1,7080.0
RIQ-03117,Pro,Edtech,Delhi,Direct,Annual,26,2350.0,28200.0,3.0,83.0,19,8000.0,2023-02-05,,0,0.0
RIQ-03118,Enterprise,Fintech,Hyderabad,Organic Search,Annual,60,7730.0,92760.0,1.0,66.0,16,26600.0,2023-08-10,,0,0.0
RIQ-03119,Basic,Healthcare,Pune,Referral,Annual,21,540.0,6480.0,4.0,72.0,6,4700.0,2023-11-28,,0,0.0
RIQ-03120,Basic,Fintech,Hyderabad,Social Media,Monthly,8,860.0,10320.0,3.0,27.0,8,4700.0,2023-05-10,2023-12-26,1,10320.0
RIQ-03121,Basic,Edtech,Bengaluru,Social Media,Monthly,2,790.0,9480.0,1.0,50.0,8,3800.0,2023-02-18,2023-05-04,1,9480.0
RIQ-03122,Enterprise,Fintech,Mumbai,Social Media,Annual,18,7650.0,91800.0,2.0,54.0,17,57600.0,2023-01-14,,0,0.0
RIQ-03123,Pro,Edtech,Hyderabad,Paid Search,Monthly,39,1610.0,19320.0,1.0,77.0,9,14600.0,2023-02-05,2026-04-16,1,19320.0
RIQ-03124,Basic,Fintech,Mumbai,Organic Search,Annual,6,630.0,7560.0,2.0,40.0,4,4600.0,2023-01-31,2023-08-14,1,7560.0
RIQ-03125,Pro,Edtech,Chennai,Organic Search,Monthly,29,2250.0,27000.0,1.0,51.0,7,8400.0,2023-11-28,,0,0.0
RIQ-03126,Enterprise,Edtech,Delhi,Email Campaign,Monthly,45,6530.0,78360.0,0.0,72.0,29,40500.0,2023-10-01,,0,0.0
RIQ-03127,Basic,Edtech,Delhi,Social Media,Monthly,7,790.0,9480.0,6.0,45.0,1,3400.0,2022-04-26,2022-12-06,1,9480.0
RIQ-03128,Basic,Healthcare,Delhi,Social Media,Monthly,1,760.0,9120.0,2.0,73.0,3,2700.0,2022-12-08,2023-01-10,1,9120.0
RIQ-03129,Basic,E-commerce,Bengaluru,Organic Search,Monthly,5,680.0,8160.0,2.0,52.0,1,2300.0,2023-02-08,2023-07-02,1,8160.0
RIQ-03130,Basic,Fintech,Mumbai,Social Media,Monthly,4,910.0,10920.0,2.0,39.0,8,2600.0,2022-07-27,2022-11-12,1,10920.0
RIQ-03131,Enterprise,Healthcare,Hyderabad,Organic Search,Annual,3,6070.0,72840.0,1.0,99.0,28,41000.0,2023-03-06,,0,0.0
RIQ-03132,Pro,Fintech,Bengaluru,Email Campaign,Annual,3,1740.0,20880.0,2.0,49.0,13,8900.0,2023-03-13,,0,0.0
RIQ-03133,Basic,Fintech,Pune,Direct,Monthly,7,810.0,9720.0,3.0,17.0,11,4600.0,2022-06-03,2023-01-06,1,9720.0
RIQ-03134,Basic,Edtech,Pune,Social Media,Monthly,3,880.0,10560.0,1.0,57.0,3,4300.0,2022-03-31,2022-06-15,1,10560.0
RIQ-03135,Enterprise,Fintech,Mumbai,Organic Search,Annual,27,7650.0,91800.0,1.0,45.0,29,42500.0,2022-05-05,,0,0.0
RIQ-03136,Basic,Healthcare,Mumbai,Direct,Monthly,2,800.0,9600.0,1.0,35.0,16,3400.0,2022-05-15,2022-07-23,1,9600.0
RIQ-03137,Basic,Fintech,Mumbai,Social Media,Monthly,1,920.0,11040.0,2.0,50.0,7,4600.0,2023-06-24,2023-07-26,1,11040.0
RIQ-03138,Enterprise,Edtech,Pune,Social Media,Monthly,24,5680.0,68160.0,0.0,83.0,19,51000.0,2022-12-05,,0,0.0
RIQ-03139,Pro,E-commerce,Delhi,Social Media,Monthly,5,1920.0,23040.0,1.0,36.0,15,10600.0,2022-11-29,2023-05-10,1,23040.0
RIQ-03140,Basic,Edtech,Bengaluru,Organic Search,Monthly,1,720.0,8640.0,3.0,63.0,1,2800.0,2023-03-29,,0,0.0
RIQ-03141,Basic,Healthcare,Mumbai,Paid Search,Monthly,13,850.0,10200.0,5.0,1.0,2,4900.0,2023-06-07,2024-06-26,1,10200.0
RIQ-03142,Basic,E-commerce,Chennai,Organic Search,Monthly,1,820.0,9840.0,1.0,27.0,5,4900.0,2023-08-26,2023-09-23,1,9840.0
RIQ-03143,Pro,E-commerce,Hyderabad,Referral,Monthly,20,2210.0,26520.0,1.0,41.0,19,10500.0,2023-09-21,,0,0.0
RIQ-03144,Pro,Edtech,Delhi,Email Campaign,Annual,35,2110.0,25320.0,1.0,51.0,14,13300.0,2022-05-02,,0,0.0
RIQ-03145,Basic,E-commerce,Mumbai,Referral,Monthly,3,670.0,8040.0,2.0,0.0,8,4600.0,2022-05-20,2022-09-01,1,8040.0
RIQ-03146,Basic,Healthcare,Hyderabad,Email Campaign,Monthly,2,900.0,10800.0,1.0,42.0,3,2700.0,2023-01-17,2023-03-23,1,10800.0
RIQ-03147,Basic,Healthcare,Pune,Direct,Annual,6,980.0,11760.0,2.0,38.0,1,3900.0,2022-05-15,,0,0.0
RIQ-03148,Basic,Fintech,Mumbai,Organic Search,Monthly,16,560.0,6720.0,2.0,46.0,1,3000.0,2022-11-30,2024-04-05,1,6720.0
RIQ-03149,Basic,E-commerce,Hyderabad,Organic Search,Annual,6,740.0,8880.0,5.0,47.0,8,2600.0,2023-06-19,,0,0.0
RIQ-03150,Pro,Healthcare,Bengaluru,Social Media,Annual,10,1680.0,20160.0,0.0,69.0,14,8600.0,2022-04-13,,0,0.0
RIQ-03151,Pro,Edtech,Mumbai,Paid Search,Monthly,1,2120.0,25440.0,2.0,57.0,11,15000.0,2023-01-31,,0,0.0
RIQ-03152,Basic,Edtech,Chennai,Paid Search,Monthly,13,750.0,9000.0,3.0,38.0,12,3300.0,2022-08-16,2023-09-08,1,9000.0
RIQ-03153,Basic,Fintech,Pune,Social Media,Monthly,3,970.0,11640.0,3.0,64.0,5,2400.0,2023-10-21,2024-01-17,1,11640.0
RIQ-03154,Pro,E-commerce,Pune,Organic Search,Monthly,21,2010.0,24120.0,4.0,65.0,10,8600.0,2022-06-21,,0,0.0
RIQ-03155,Basic,E-commerce,Delhi,Email Campaign,Monthly,21,530.0,6360.0,0.0,52.0,11,4400.0,2022-08-12,,0,0.0
RIQ-03156,Basic,Edtech,Delhi,Organic Search,Monthly,1,910.0,10920.0,1.0,47.0,2,4500.0,2022-05-17,2022-06-07,1,10920.0
RIQ-03157,Pro,Healthcare,Mumbai,Referral,Monthly,1,2380.0,28560.0,1.0,33.0,17,8700.0,2023-10-23,,0,0.0
RIQ-03158,Enterprise,E-commerce,Chennai,Organic Search,Annual,38,6880.0,82560.0,1.0,40.0,18,36600.0,2022-01-09,,0,0.0
RIQ-03159,Pro,Healthcare,Mumbai,Social Media,Annual,10,1990.0,23880.0,1.0,61.0,15,10200.0,2022-07-28,,0,0.0
RIQ-03160,Pro,Fintech,Hyderabad,Referral,Annual,8,1660.0,19920.0,0.0,50.0,17,12400.0,2023-04-28,,0,0.0
RIQ-03161,Basic,Fintech,Hyderabad,Referral,Monthly,14,590.0,7080.0,2.0,38.0,7,4700.0,2022-07-05,,0,0.0
RIQ-03162,Basic,Healthcare,Mumbai,Organic Search,Monthly,1,870.0,10440.0,1.0,5.0,6,3900.0,2023-01-07,2023-02-08,1,10440.0
RIQ-03163,Basic,Fintech,Pune,Email Campaign,Annual,28,930.0,11160.0,4.0,54.0,1,3000.0,2022-02-03,,0,0.0
RIQ-03164,Basic,Healthcare,Chennai,Paid Search,Monthly,19,890.0,10680.0,1.0,22.0,10,4200.0,2023-11-17,,0,0.0
RIQ-03165,Basic,Edtech,Chennai,Direct,Annual,1,620.0,7440.0,,66.0,3,3200.0,2022-04-15,,0,0.0
RIQ-03166,Basic,E-commerce,Chennai,Organic Search,Monthly,1,720.0,8640.0,3.0,46.0,3,3400.0,2022-05-04,2022-06-08,1,8640.0
RIQ-03167,Basic,Fintech,Bengaluru,Social Media,Monthly,16,600.0,7200.0,3.0,42.0,1,4800.0,2022-08-11,,0,0.0
RIQ-03168,Pro,Healthcare,Bengaluru,Paid Search,Monthly,3,2460.0,29520.0,1.0,80.0,4,7400.0,2022-01-30,2022-04-25,1,29520.0
RIQ-03169,Basic,Fintech,Pune,Referral,Annual,6,950.0,11400.0,2.0,57.0,5,4200.0,2022-08-08,,0,0.0
RIQ-03170,Enterprise,Healthcare,Hyderabad,Paid Search,Annual,60,8660.0,103920.0,1.0,61.0,21,45600.0,2022-12-01,,0,0.0
RIQ-03171,Basic,E-commerce,Chennai,Referral,Monthly,5,620.0,7440.0,1.0,47.0,3,2700.0,2023-07-18,2023-12-04,1,7440.0
RIQ-03172,Pro,E-commerce,Chennai,Paid Search,Monthly,2,2200.0,26400.0,0.0,90.0,11,13700.0,2022-09-08,,0,0.0
RIQ-03173,Enterprise,E-commerce,Pune,Organic Search,Monthly,6,6600.0,79200.0,1.0,100.0,28,49000.0,2022-11-12,,0,0.0
RIQ-03174,Basic,Fintech,Pune,Paid Search,Monthly,6,730.0,8760.0,1.0,40.0,5,2500.0,2023-05-20,2023-11-08,1,8760.0
RIQ-03175,Basic,Edtech,Mumbai,Organic Search,Monthly,9,510.0,6120.0,3.0,55.0,8,4600.0,2022-12-07,2023-08-27,1,6120.0
RIQ-03176,Pro,Edtech,Mumbai,Social Media,Monthly,17,2000.0,24000.0,0.0,89.0,18,10000.0,2022-04-30,,0,0.0
RIQ-03177,Enterprise,Healthcare,Delhi,Paid Search,Annual,4,9300.0,111600.0,0.0,80.0,21,37600.0,2023-03-26,,0,0.0
RIQ-03178,Basic,E-commerce,Bengaluru,Referral,Monthly,5,580.0,6960.0,5.0,,9,4000.0,2022-12-06,2023-04-27,1,6960.0
RIQ-03179,Basic,Healthcare,Delhi,Direct,Monthly,2,950.0,11400.0,1.0,68.0,1,3500.0,2022-04-26,2022-06-16,1,11400.0
RIQ-03180,Basic,Fintech,Delhi,Referral,Monthly,9,790.0,9480.0,1.0,55.0,6,4800.0,2023-07-26,,0,0.0
RIQ-03181,Basic,Edtech,Chennai,Referral,Annual,15,510.0,6120.0,1.0,53.0,6,4300.0,2023-11-23,,0,0.0
RIQ-03182,Basic,Edtech,Bengaluru,Organic Search,Annual,3,700.0,8400.0,4.0,52.0,9,2600.0,2022-02-25,2022-05-28,1,8400.0
RIQ-03183,Basic,Fintech,Chennai,Email Campaign,Monthly,11,880.0,10560.0,4.0,47.0,4,3800.0,2023-05-16,,0,0.0
RIQ-03184,Pro,Fintech,Chennai,Organic Search,Annual,6,2020.0,24240.0,1.0,75.0,12,9900.0,2023-06-03,,0,0.0
RIQ-03185,Basic,E-commerce,Bengaluru,Organic Search,Monthly,16,850.0,10200.0,1.0,60.0,1,4000.0,2023-01-17,,0,0.0
RIQ-03186,Enterprise,Edtech,Delhi,Email Campaign,Annual,11,7670.0,92040.0,0.0,55.0,22,51600.0,2022-03-04,,0,0.0
RIQ-03187,Basic,Healthcare,Delhi,Organic Search,Monthly,15,910.0,10920.0,,41.0,4,2100.0,2022-02-11,2023-04-28,1,10920.0
RIQ-03188,Basic,Edtech,Mumbai,Paid Search,Monthly,9,690.0,8280.0,1.0,92.0,7,3700.0,2022-03-25,2022-12-31,1,8280.0
RIQ-03189,Basic,Fintech,Delhi,Organic Search,Monthly,3,730.0,8760.0,0.0,51.0,2,4600.0,2022-12-22,2023-04-02,1,8760.0
RIQ-03190,Basic,Edtech,Pune,Paid Search,Monthly,5,780.0,9360.0,2.0,37.0,1,4300.0,2022-04-06,2022-08-19,1,9360.0
RIQ-03191,Pro,Edtech,Chennai,Referral,Annual,22,2430.0,29160.0,0.0,75.0,9,12000.0,2023-08-24,,0,0.0
RIQ-03192,Basic,E-commerce,Mumbai,Organic Search,Monthly,7,600.0,7200.0,3.0,75.0,5,4600.0,2022-10-11,2023-05-14,1,7200.0
RIQ-03193,Basic,E-commerce,Pune,Social Media,Monthly,4,910.0,10920.0,2.0,52.0,7,3200.0,2022-01-06,2022-05-09,1,10920.0
RIQ-03194,Basic,Edtech,Hyderabad,Paid Search,Monthly,1,800.0,9600.0,4.0,37.0,8,4900.0,2022-04-06,2022-05-10,1,9600.0
RIQ-03195,Enterprise,Edtech,Chennai,Email Campaign,Annual,36,5750.0,69000.0,1.0,41.0,22,54700.0,2022-06-05,,0,0.0
RIQ-03196,Pro,Edtech,Mumbai,Referral,Annual,8,2420.0,29040.0,2.0,91.0,17,12800.0,2023-04-17,,0,0.0
RIQ-03197,Basic,E-commerce,Pune,Organic Search,Monthly,13,560.0,6720.0,4.0,19.0,5,2300.0,2023-11-21,,0,0.0
RIQ-03198,Pro,E-commerce,Delhi,Social Media,Monthly,39,1630.0,19560.0,0.0,65.0,13,11600.0,2022-07-05,,0,0.0
RIQ-03199,Pro,Edtech,Bengaluru,Email Campaign,Annual,3,1630.0,19560.0,0.0,15.0,15,14300.0,2022-12-18,,0,0.0
RIQ-03200,Enterprise,E-commerce,Delhi,Organic Search,Monthly,60,9660.0,115920.0,1.0,76.0,27,28600.0,2022-07-22,,0,0.0
RIQ-03201,Pro,Fintech,Hyderabad,Organic Search,Annual,6,1790.0,21480.0,2.0,64.0,12,9000.0,2022-07-17,,0,0.0
RIQ-03202,Basic,Healthcare,Hyderabad,Social Media,Annual,15,830.0,9960.0,1.0,54.0,19,4000.0,2023-04-12,,0,0.0
RIQ-03203,Basic,Healthcare,Mumbai,Paid Search,Annual,7,760.0,9120.0,4.0,37.0,7,4300.0,2022-06-03,,0,0.0
RIQ-03204,Pro,Fintech,Bengaluru,Referral,Annual,22,1780.0,21360.0,0.0,47.0,11,11600.0,2023-07-26,,0,0.0
RIQ-03205,Basic,Healthcare,Hyderabad,Direct,Annual,1,670.0,8040.0,2.0,30.0,1,4000.0,2022-01-09,2022-02-11,1,8040.0
RIQ-03206,Basic,Edtech,Delhi,Direct,Annual,4,640.0,7680.0,1.0,60.0,5,2100.0,2022-05-12,,0,0.0
RIQ-03207,Basic,Edtech,Delhi,Referral,Annual,6,920.0,11040.0,3.0,50.0,10,4200.0,2022-12-25,,0,0.0
RIQ-03208,Pro,Healthcare,Bengaluru,Social Media,Annual,8,2240.0,26880.0,1.0,100.0,6,14400.0,2023-11-02,,0,0.0
RIQ-03209,Basic,E-commerce,Pune,Referral,Monthly,16,780.0,9360.0,2.0,66.0,4,2400.0,2022-12-20,,0,0.0
RIQ-03210,Pro,Edtech,Hyderabad,Organic Search,Annual,19,1520.0,18240.0,0.0,26.0,11,10100.0,2022-04-10,,0,0.0
RIQ-03211,Pro,Edtech,Delhi,Social Media,Monthly,19,1690.0,20280.0,0.0,88.0,5,10900.0,2023-01-03,,0,0.0
RIQ-03212,Basic,Edtech,Mumbai,Social Media,Monthly,2,880.0,10560.0,1.0,63.0,7,4500.0,2022-05-14,2022-07-04,1,10560.0
RIQ-03213,Pro,E-commerce,Mumbai,Organic Search,Annual,2,2240.0,26880.0,0.0,43.0,14,14900.0,2022-06-09,,0,0.0
RIQ-03214,Enterprise,E-commerce,Pune,Email Campaign,Annual,60,7110.0,85320.0,2.0,75.0,20,42300.0,2023-01-06,,0,0.0
RIQ-03215,Basic,Edtech,Delhi,Referral,Annual,4,640.0,7680.0,1.0,30.0,5,3800.0,2022-06-20,,0,0.0
RIQ-03216,Basic,Fintech,Bengaluru,Referral,Monthly,17,980.0,11760.0,3.0,36.0,2,4600.0,2023-03-18,2024-08-07,1,11760.0
RIQ-03217,Basic,Fintech,Mumbai,Referral,Monthly,6,560.0,6720.0,1.0,35.0,2,4000.0,2022-10-16,2023-04-15,1,6720.0
RIQ-03218,Pro,Edtech,Pune,Referral,Annual,4,1760.0,21120.0,0.0,71.0,14,12200.0,2022-06-12,,0,0.0
RIQ-03219,Basic,E-commerce,Hyderabad,Email Campaign,Monthly,7,610.0,7320.0,0.0,12.0,7,2700.0,2022-10-20,2023-05-04,1,7320.0
RIQ-03220,Enterprise,Healthcare,Mumbai,Email Campaign,Annual,33,9540.0,114480.0,0.0,,25,50700.0,2023-02-20,,0,0.0
RIQ-03221,Basic,E-commerce,Delhi,Social Media,Annual,24,720.0,8640.0,1.0,19.0,1,4700.0,2023-03-10,,0,0.0
RIQ-03222,Pro,E-commerce,Delhi,Email Campaign,Annual,38,1940.0,23280.0,3.0,46.0,8,9300.0,2023-11-25,2027-01-17,1,23280.0
RIQ-03223,Basic,Healthcare,Delhi,Paid Search,Monthly,11,590.0,7080.0,3.0,48.0,7,2800.0,2022-09-10,,0,0.0
RIQ-03224,Basic,E-commerce,Chennai,Organic Search,Monthly,1,900.0,10800.0,1.0,0.0,3,2000.0,2023-04-18,2023-05-16,1,10800.0
RIQ-03225,Basic,E-commerce,Bengaluru,Referral,Monthly,22,560.0,6720.0,5.0,46.0,4,2100.0,2023-06-11,2025-03-20,1,6720.0
RIQ-03226,Enterprise,E-commerce,Mumbai,Social Media,Annual,11,8960.0,107520.0,2.0,62.0,22,31000.0,2023-07-22,,0,0.0
RIQ-03227,Basic,Healthcare,Bengaluru,Referral,Monthly,21,970.0,11640.0,2.0,7.0,4,2500.0,2023-05-16,,0,0.0
RIQ-03228,Basic,Healthcare,Pune,Social Media,Monthly,2,760.0,9120.0,1.0,28.0,6,3300.0,2023-11-18,2024-01-13,1,9120.0
RIQ-03229,Pro,Fintech,Chennai,Paid Search,Annual,2,2220.0,26640.0,1.0,68.0,9,6800.0,2022-12-17,2023-02-22,1,26640.0
RIQ-03230,Basic,Edtech,Delhi,Email Campaign,Monthly,2,700.0,8400.0,1.0,62.0,2,2200.0,2022-04-15,2022-06-06,1,8400.0
RIQ-03231,Enterprise,Healthcare,Mumbai,Email Campaign,Monthly,17,9840.0,118080.0,0.0,81.0,22,31000.0,2022-10-22,,0,0.0
RIQ-03232,Basic,Edtech,Pune,Social Media,Monthly,1,650.0,7800.0,3.0,59.0,5,2300.0,2023-02-15,2023-03-07,1,7800.0
RIQ-03233,Pro,E-commerce,Bengaluru,Paid Search,Monthly,3,1930.0,23160.0,0.0,52.0,15,12100.0,2022-12-24,2023-03-26,1,23160.0
RIQ-03234,Basic,Edtech,Pune,Organic Search,Monthly,1,850.0,10200.0,3.0,43.0,11,3500.0,2023-09-03,2023-09-26,1,10200.0
RIQ-03235,Basic,Fintech,Delhi,Organic Search,Monthly,8,670.0,8040.0,3.0,59.0,5,4400.0,2023-11-19,,0,0.0
RIQ-03236,Basic,Healthcare,Mumbai,Social Media,Monthly,4,580.0,6960.0,3.0,66.0,4,2800.0,2023-03-27,2023-08-08,1,6960.0
RIQ-03237,Basic,Healthcare,Mumbai,Organic Search,Annual,8,910.0,10920.0,1.0,36.0,7,3100.0,2022-03-22,,0,0.0
RIQ-03238,Enterprise,Healthcare,Bengaluru,Social Media,Monthly,39,5690.0,68280.0,0.0,81.0,26,36100.0,2023-05-02,2026-06-30,1,68280.0
RIQ-03239,Basic,Healthcare,Chennai,Paid Search,Monthly,15,710.0,8520.0,2.0,11.0,6,3000.0,2022-11-15,2024-02-23,1,8520.0
RIQ-03240,Basic,Healthcare,Chennai,Email Campaign,Monthly,3,900.0,10800.0,2.0,45.0,3,3800.0,2022-02-21,2022-05-21,1,10800.0
RIQ-03241,Pro,Edtech,Hyderabad,Paid Search,Annual,5,1750.0,21000.0,0.0,51.0,16,8400.0,2022-01-21,,0,0.0
RIQ-03242,Basic,E-commerce,Hyderabad,Social Media,Monthly,11,880.0,10560.0,1.0,31.0,7,4500.0,2023-07-20,2024-06-01,1,10560.0
RIQ-03243,Pro,Fintech,Mumbai,Social Media,Monthly,20,2210.0,26520.0,1.0,79.0,20,8800.0,2022-10-04,,0,0.0
RIQ-03244,Basic,Fintech,Mumbai,Paid Search,Annual,7,850.0,10200.0,3.0,30.0,7,4400.0,2022-11-21,,0,0.0
RIQ-03245,Basic,E-commerce,Mumbai,Social Media,Monthly,4,750.0,9000.0,5.0,7.0,10,3900.0,2023-08-27,2023-12-19,1,9000.0
RIQ-03246,Pro,E-commerce,Hyderabad,Direct,Annual,3,2410.0,28920.0,1.0,69.0,13,11700.0,2023-09-13,2023-12-13,1,28920.0
RIQ-03247,Basic,Healthcare,Chennai,Social Media,Annual,1,600.0,7200.0,3.0,21.0,9,4100.0,2023-08-28,2023-09-26,1,7200.0
RIQ-03248,Basic,Edtech,Bengaluru,Email Campaign,Monthly,17,780.0,9360.0,2.0,65.0,2,2300.0,2022-10-27,,0,0.0
RIQ-03249,Pro,E-commerce,Mumbai,Paid Search,Monthly,7,1650.0,19800.0,1.0,32.0,10,6400.0,2023-05-12,,0,0.0
RIQ-03250,Pro,Fintech,Hyderabad,Email Campaign,Monthly,35,1770.0,21240.0,1.0,64.0,21,12900.0,2022-08-27,,0,0.0
RIQ-03251,Pro,Fintech,Hyderabad,Organic Search,Monthly,8,1710.0,20520.0,1.0,84.0,16,8600.0,2023-06-12,2024-02-13,1,20520.0
RIQ-03252,Pro,E-commerce,Delhi,Referral,Annual,28,1610.0,19320.0,2.0,65.0,18,6100.0,2023-09-18,,0,0.0
RIQ-03253,Basic,Edtech,Delhi,Paid Search,Annual,41,950.0,11400.0,1.0,64.0,1,4700.0,2022-06-19,,0,0.0
RIQ-03254,Pro,Healthcare,Chennai,Paid Search,Annual,10,1640.0,19680.0,1.0,42.0,20,10600.0,2022-08-08,,0,0.0
RIQ-03255,Basic,Edtech,Pune,Referral,Monthly,30,770.0,9240.0,2.0,66.0,9,2300.0,2022-06-25,,0,0.0
RIQ-03256,Pro,E-commerce,Chennai,Referral,Annual,6,2160.0,25920.0,0.0,79.0,18,13200.0,2023-11-07,,0,0.0
RIQ-03257,Pro,Edtech,Chennai,Social Media,Annual,1,1590.0,19080.0,0.0,55.0,10,6800.0,2023-07-13,2023-08-27,1,19080.0
RIQ-03258,Pro,Fintech,Delhi,Paid Search,Monthly,11,2200.0,26400.0,0.0,46.0,12,11400.0,2023-09-22,,0,0.0
RIQ-03259,Basic,Edtech,Mumbai,Organic Search,Monthly,11,890.0,10680.0,0.0,46.0,4,2400.0,2023-04-05,2024-03-13,1,10680.0
RIQ-03260,Basic,Edtech,Mumbai,Direct,Annual,6,980.0,11760.0,5.0,65.0,4,3900.0,2023-07-05,2024-01-02,1,11760.0
RIQ-03261,Basic,Fintech,Mumbai,Direct,Monthly,6,750.0,9000.0,1.0,34.0,4,4800.0,2022-03-14,2022-09-12,1,9000.0
RIQ-03262,Pro,Edtech,Delhi,Organic Search,Annual,16,1640.0,19680.0,2.0,50.0,16,13900.0,2022-05-04,,0,0.0
RIQ-03263,Pro,E-commerce,Bengaluru,Organic Search,Annual,1,2010.0,24120.0,3.0,81.0,12,10000.0,2022-08-27,,0,0.0
RIQ-03264,Enterprise,E-commerce,Bengaluru,Email Campaign,Monthly,23,7190.0,86280.0,0.0,87.0,18,21000.0,2022-01-12,,0,0.0
RIQ-03265,Basic,Fintech,Bengaluru,Social Media,Monthly,6,770.0,9240.0,3.0,52.0,2,3000.0,2023-03-05,2023-09-01,1,9240.0
RIQ-03266,Basic,Edtech,Pune,Direct,Monthly,21,590.0,7080.0,5.0,46.0,9,3700.0,2022-07-13,2024-03-31,1,7080.0
RIQ-03267,Pro,Edtech,Chennai,Organic Search,Annual,9,2260.0,27120.0,0.0,100.0,15,10600.0,2023-11-16,2024-07-30,1,27120.0
RIQ-03268,Basic,E-commerce,Pune,Paid Search,Annual,4,910.0,10920.0,2.0,51.0,3,4400.0,2022-10-04,,0,0.0
RIQ-03269,Basic,Edtech,Chennai,Social Media,Monthly,4,950.0,11400.0,4.0,9.0,9,4200.0,2022-06-04,2022-10-01,1,11400.0
RIQ-03270,Basic,E-commerce,Chennai,Organic Search,Monthly,11,830.0,9960.0,4.0,57.0,5,4000.0,2023-05-04,,0,0.0
RIQ-03271,Basic,E-commerce,Delhi,Organic Search,Monthly,39,680.0,8160.0,5.0,40.0,1,2800.0,2022-05-01,,0,0.0
RIQ-03272,Pro,Healthcare,Pune,Social Media,Monthly,36,1920.0,23040.0,1.0,53.0,15,10400.0,2022-12-30,,0,0.0
RIQ-03273,Basic,Healthcare,Chennai,Social Media,Monthly,7,620.0,7440.0,2.0,60.0,9,2900.0,2023-05-15,,0,0.0
RIQ-03274,Pro,E-commerce,Hyderabad,Paid Search,Annual,5,2060.0,24720.0,2.0,50.0,8,9200.0,2022-12-08,,0,0.0
RIQ-03275,Basic,Fintech,Delhi,Referral,Monthly,5,730.0,8760.0,2.0,28.0,1,3900.0,2023-11-06,2024-04-10,1,8760.0
RIQ-03276,Basic,Fintech,Bengaluru,Paid Search,Monthly,22,940.0,11280.0,2.0,20.0,5,3900.0,2023-03-08,2025-01-03,1,11280.0
RIQ-03277,Pro,E-commerce,Chennai,Organic Search,Annual,18,2050.0,24600.0,1.0,59.0,16,9900.0,2022-09-29,,0,0.0
RIQ-03278,Basic,Healthcare,Mumbai,Paid Search,Monthly,1,750.0,9000.0,1.0,70.0,5,2200.0,2022-06-05,,0,0.0
RIQ-03279,Basic,E-commerce,Hyderabad,Email Campaign,Monthly,13,550.0,6600.0,1.0,45.0,4,4900.0,2022-05-26,2023-06-10,1,6600.0
RIQ-03280,Pro,Fintech,Hyderabad,Paid Search,Annual,15,2320.0,27840.0,0.0,66.0,12,10900.0,2023-02-21,,0,0.0
RIQ-03281,Basic,Healthcare,Mumbai,Email Campaign,Monthly,4,980.0,11760.0,0.0,29.0,3,2800.0,2022-08-16,,0,0.0
RIQ-03282,Basic,Fintech,Pune,Referral,Monthly,4,610.0,7320.0,2.0,26.0,9,3300.0,2022-02-12,2022-06-25,1,7320.0
RIQ-03283,Enterprise,Healthcare,Mumbai,Organic Search,Annual,13,5760.0,69120.0,4.0,92.0,31,37000.0,2023-06-24,,0,0.0
RIQ-03284,Basic,Edtech,Chennai,Email Campaign,Monthly,1,810.0,9720.0,3.0,58.0,15,2900.0,2022-03-06,2022-03-23,1,9720.0
RIQ-03285,Basic,E-commerce,Pune,Referral,Monthly,5,790.0,9480.0,1.0,38.0,5,3100.0,2022-09-12,,0,0.0
RIQ-03286,Basic,Healthcare,Hyderabad,Organic Search,Monthly,9,910.0,10920.0,1.0,39.0,1,3200.0,2022-07-29,2023-05-02,1,10920.0
RIQ-03287,Basic,Edtech,Bengaluru,Email Campaign,Annual,2,700.0,8400.0,2.0,20.0,8,3000.0,2022-01-01,,0,0.0
RIQ-03288,Basic,Fintech,Bengaluru,Paid Search,Annual,1,630.0,7560.0,1.0,51.0,1,3500.0,2023-07-24,,0,0.0
RIQ-03289,Pro,Fintech,Bengaluru,Direct,Monthly,5,2200.0,26400.0,0.0,61.0,9,14600.0,2022-06-19,,0,0.0
RIQ-03290,Basic,Healthcare,Chennai,Referral,Monthly,4,750.0,9000.0,4.0,42.0,4,3800.0,2022-09-26,2023-01-12,1,9000.0
RIQ-03291,Enterprise,E-commerce,Mumbai,Direct,Annual,11,9360.0,112320.0,2.0,75.0,15,36700.0,2022-10-24,,0,0.0
RIQ-03292,Basic,E-commerce,Pune,Social Media,Monthly,8,920.0,11040.0,1.0,31.0,1,4200.0,2023-04-27,2024-01-01,1,11040.0
RIQ-03293,Pro,Edtech,Pune,Paid Search,Annual,4,1560.0,18720.0,1.0,86.0,12,8300.0,2023-06-13,,0,0.0
RIQ-03294,Basic,Fintech,Mumbai,Direct,Monthly,2,880.0,10560.0,2.0,20.0,4,3600.0,2023-10-08,2023-11-23,1,10560.0
RIQ-03295,Pro,E-commerce,Chennai,Organic Search,Monthly,18,2370.0,28440.0,2.0,50.0,15,7300.0,2023-04-18,,0,0.0
RIQ-03296,Basic,Edtech,Mumbai,Organic Search,Monthly,1,720.0,8640.0,1.0,63.0,9,4500.0,2023-02-28,2023-03-31,1,8640.0
RIQ-03297,Pro,Edtech,Delhi,Direct,Annual,58,1830.0,21960.0,1.0,58.0,2,11600.0,2022-07-09,,0,0.0
RIQ-03298,Basic,Fintech,Mumbai,Email Campaign,Monthly,2,770.0,9240.0,1.0,48.0,9,3600.0,2023-09-24,2023-11-29,1,9240.0
RIQ-03299,Pro,Fintech,Bengaluru,Organic Search,Annual,5,2470.0,29640.0,0.0,40.0,17,10900.0,2023-02-10,,0,0.0
RIQ-03300,Basic,Healthcare,Chennai,Organic Search,Annual,15,750.0,9000.0,2.0,43.0,9,2900.0,2023-08-04,,0,0.0
RIQ-03301,Basic,Edtech,Mumbai,Email Campaign,Monthly,34,670.0,8040.0,3.0,28.0,1,4900.0,2022-09-25,,0,0.0
RIQ-03302,Basic,Edtech,Hyderabad,Organic Search,Annual,6,560.0,6720.0,1.0,31.0,9,4200.0,2022-05-19,,0,0.0
RIQ-03303,Basic,Edtech,Pune,Organic Search,Annual,4,840.0,10080.0,2.0,63.0,3,2700.0,2023-05-05,2023-08-29,1,10080.0
RIQ-03304,Pro,E-commerce,Hyderabad,Organic Search,Annual,1,1540.0,18480.0,1.0,64.0,13,6700.0,2022-04-27,,0,0.0
RIQ-03305,Pro,Fintech,Bengaluru,Direct,Monthly,23,1560.0,18720.0,1.0,52.0,2,11000.0,2023-09-03,2025-07-26,1,18720.0
RIQ-03306,Basic,E-commerce,Mumbai,Paid Search,Annual,3,710.0,8520.0,2.0,47.0,9,3200.0,2022-09-12,,0,0.0
RIQ-03307,Basic,Edtech,Bengaluru,Paid Search,Monthly,1,760.0,9120.0,1.0,24.0,7,3100.0,2022-09-24,2022-10-19,1,9120.0
RIQ-03308,Basic,Healthcare,Delhi,Social Media,Monthly,15,520.0,6240.0,0.0,72.0,13,4000.0,2023-09-01,,0,0.0
RIQ-03309,Enterprise,Edtech,Bengaluru,Social Media,Annual,36,6490.0,77880.0,1.0,88.0,16,56800.0,2023-08-18,,0,0.0
RIQ-03310,Pro,E-commerce,Chennai,Organic Search,Monthly,10,2500.0,30000.0,2.0,29.0,11,13100.0,2023-11-30,,0,0.0
RIQ-03311,Basic,Fintech,Pune,Direct,Annual,8,780.0,9360.0,3.0,57.0,5,3300.0,2023-03-22,,0,0.0
RIQ-03312,Pro,Healthcare,Pune,Organic Search,Annual,54,1930.0,23160.0,0.0,87.0,12,13100.0,2022-06-15,,0,0.0
RIQ-03313,Basic,Edtech,Mumbai,Social Media,Monthly,11,710.0,8520.0,2.0,29.0,11,3500.0,2023-01-08,,0,0.0
RIQ-03314,Basic,Fintech,Hyderabad,Referral,Monthly,11,510.0,6120.0,3.0,30.0,4,4900.0,2023-04-07,2024-03-12,1,6120.0
RIQ-03315,Basic,Fintech,Chennai,Direct,Annual,1,600.0,7200.0,2.0,75.0,3,3800.0,2023-06-03,2023-07-13,1,7200.0
RIQ-03316,Basic,Edtech,Chennai,Direct,Annual,3,890.0,10680.0,5.0,51.0,10,4400.0,2022-09-22,,0,0.0
RIQ-03317,Basic,E-commerce,Bengaluru,Email Campaign,Annual,14,930.0,11160.0,3.0,57.0,1,4300.0,2022-07-08,,0,0.0
RIQ-03318,Pro,Edtech,Delhi,Social Media,Monthly,10,1610.0,19320.0,2.0,39.0,17,9100.0,2023-10-10,2024-07-31,1,19320.0
RIQ-03319,Basic,Healthcare,Mumbai,Social Media,Monthly,10,500.0,6000.0,2.0,29.0,2,2500.0,2023-11-23,2024-09-16,1,6000.0
RIQ-03320,Basic,Edtech,Mumbai,Direct,Annual,7,650.0,7800.0,3.0,54.0,3,3300.0,2023-04-08,,0,0.0
RIQ-03321,Pro,E-commerce,Delhi,Social Media,Monthly,3,1970.0,23640.0,3.0,47.0,14,8800.0,2023-02-15,,0,0.0
RIQ-03322,Enterprise,Edtech,Pune,Referral,Annual,60,5140.0,61680.0,0.0,34.0,26,24000.0,2022-03-22,,0,0.0
RIQ-03323,Basic,Fintech,Mumbai,Referral,Monthly,10,690.0,8280.0,2.0,24.0,5,4900.0,2023-05-31,2024-04-06,1,8280.0
RIQ-03324,Basic,E-commerce,Mumbai,Direct,Monthly,45,690.0,8280.0,1.0,47.0,10,4300.0,2022-03-03,2025-10-28,1,8280.0
RIQ-03325,Enterprise,Healthcare,Bengaluru,Paid Search,Annual,29,7370.0,88440.0,2.0,61.0,18,39800.0,2023-06-13,,0,0.0
RIQ-03326,Basic,E-commerce,Hyderabad,Social Media,Annual,7,780.0,9360.0,3.0,26.0,6,4600.0,2022-07-20,,0,0.0
RIQ-03327,Basic,E-commerce,Mumbai,Social Media,Monthly,1,970.0,11640.0,4.0,41.0,2,4400.0,2023-03-31,2023-05-14,1,11640.0
RIQ-03328,Pro,Edtech,Pune,Social Media,Monthly,15,1950.0,23400.0,2.0,100.0,12,7500.0,2023-02-23,2024-05-28,1,23400.0
RIQ-03329,Basic,Fintech,Delhi,Organic Search,Monthly,2,540.0,6480.0,3.0,43.0,9,4800.0,2022-04-24,,0,0.0
RIQ-03330,Enterprise,Fintech,Chennai,Social Media,Annual,11,6140.0,73680.0,0.0,100.0,26,47900.0,2023-05-06,,0,0.0
RIQ-03331,Basic,E-commerce,Mumbai,Direct,Monthly,14,860.0,10320.0,5.0,40.0,1,3400.0,2023-06-30,2024-08-09,1,10320.0
RIQ-03332,Basic,E-commerce,Chennai,Social Media,Monthly,21,580.0,6960.0,2.0,44.0,5,3500.0,2022-09-29,2024-07-05,1,6960.0
RIQ-03333,Basic,Fintech,Hyderabad,Social Media,Monthly,23,780.0,9360.0,2.0,34.0,4,3500.0,2022-08-27,,0,0.0
RIQ-03334,enterprise,Fintech,Bengaluru,Email Campaign,Annual,23,8760.0,105120.0,0.0,100.0,22,37200.0,2022-10-02,,0,0.0
RIQ-03335,Basic,Fintech,Mumbai,Referral,Annual,5,650.0,7800.0,3.0,39.0,9,2900.0,2023-01-12,,0,0.0
RIQ-03336,Basic,Fintech,Delhi,Organic Search,Monthly,1,930.0,11160.0,3.0,60.0,1,2400.0,2022-03-20,2022-04-07,1,11160.0
RIQ-03337,Enterprise,E-commerce,Chennai,Email Campaign,Annual,41,9920.0,119040.0,4.0,46.0,26,49500.0,2022-10-20,,0,0.0
RIQ-03338,Pro,Fintech,Chennai,Paid Search,Monthly,14,2480.0,29760.0,2.0,48.0,20,13300.0,2023-11-30,2025-02-07,1,29760.0
RIQ-03339,Basic,E-commerce,Bengaluru,Referral,Monthly,2,720.0,8640.0,2.0,71.0,3,2600.0,2023-02-12,2023-04-22,1,8640.0
RIQ-03340,Enterprise,Fintech,Bengaluru,Referral,Monthly,53,8390.0,100680.0,1.0,100.0,21,54700.0,2022-06-20,,0,0.0
RIQ-03341,Basic,Edtech,Chennai,Organic Search,Annual,1,780.0,9360.0,3.0,20.0,3,2500.0,2023-01-24,2023-03-01,1,9360.0
RIQ-03342,Basic,Healthcare,Chennai,Referral,Annual,5,860.0,10320.0,6.0,58.0,8,3600.0,2023-11-02,,0,0.0
RIQ-03343,Basic,Fintech,Mumbai,Social Media,Monthly,6,890.0,10680.0,3.0,74.0,2,2100.0,2022-09-10,2023-03-20,1,10680.0
RIQ-03344,Enterprise,E-commerce,Mumbai,Social Media,Annual,60,5170.0,62040.0,3.0,73.0,24,33000.0,2023-09-16,,0,0.0
RIQ-03345,Pro,Healthcare,Delhi,Social Media,Monthly,37,2040.0,24480.0,0.0,57.0,19,14000.0,2022-05-29,,0,0.0
RIQ-03346,Basic,Fintech,Chennai,Social Media,Annual,15,610.0,7320.0,3.0,43.0,4,2000.0,2022-11-09,,0,0.0
RIQ-03347,Basic,E-commerce,Mumbai,Social Media,Monthly,2,890.0,10680.0,0.0,67.0,1,2200.0,2022-04-17,2022-06-17,1,10680.0
RIQ-03348,Basic,E-commerce,Mumbai,Social Media,Monthly,5,750.0,9000.0,3.0,44.0,1,2200.0,2023-06-11,2023-11-21,1,9000.0
RIQ-03349,Basic,E-commerce,Mumbai,Social Media,Annual,22,640.0,7680.0,1.0,13.0,3,4800.0,2022-09-18,,0,0.0
RIQ-03350,Pro,Edtech,Mumbai,Social Media,Monthly,9,1930.0,23160.0,0.0,60.0,14,10800.0,2023-06-29,,0,0.0
RIQ-03351,Basic,Fintech,Chennai,Organic Search,Annual,5,530.0,6360.0,3.0,29.0,9,3900.0,2023-09-10,,0,0.0
RIQ-03352,Basic,E-commerce,Delhi,Social Media,Monthly,14,550.0,6600.0,0.0,32.0,1,4000.0,2023-10-20,2024-12-19,1,6600.0
RIQ-03353,Basic,Edtech,Bengaluru,Paid Search,Monthly,4,660.0,7920.0,2.0,18.0,4,2400.0,2023-10-22,2024-02-23,1,7920.0
RIQ-03354,Basic,Fintech,Bengaluru,Organic Search,Annual,1,760.0,9120.0,1.0,42.0,4,3600.0,2022-09-19,2022-10-31,1,9120.0
RIQ-03355,Enterprise,Healthcare,Pune,Email Campaign,Annual,3,7900.0,94800.0,0.0,92.0,19,55400.0,2023-08-24,,0,0.0
RIQ-03356,Pro,E-commerce,Delhi,Paid Search,Annual,31,2260.0,27120.0,1.0,83.0,9,14900.0,2023-09-06,,0,0.0
RIQ-03357,Basic,E-commerce,Delhi,Email Campaign,Monthly,2,790.0,9480.0,4.0,32.0,2,3400.0,2022-05-17,2022-07-27,1,9480.0
RIQ-03358,Basic,Edtech,Mumbai,Referral,Monthly,7,570.0,6840.0,,39.0,10,2700.0,2023-01-21,,0,0.0
RIQ-03359,Basic,E-commerce,Mumbai,Paid Search,Monthly,3,990.0,11880.0,2.0,37.0,7,4900.0,2023-07-08,2023-10-14,1,11880.0
RIQ-03360,Pro,E-commerce,Delhi,Organic Search,Annual,38,1630.0,19560.0,0.0,78.0,13,11800.0,2022-07-28,,0,0.0
RIQ-03361,Enterprise,Edtech,Bengaluru,Paid Search,Annual,60,5810.0,69720.0,0.0,62.0,26,26000.0,2022-08-30,,0,0.0
RIQ-03362,Pro,E-commerce,Mumbai,Paid Search,Annual,5,1610.0,19320.0,1.0,63.0,10,10500.0,2023-10-24,,0,0.0
RIQ-03363,Enterprise,E-commerce,Pune,Social Media,Monthly,21,9080.0,108960.0,1.0,94.0,16,54700.0,2023-08-04,,0,0.0
RIQ-03364,Pro,Edtech,Mumbai,Paid Search,Annual,2,2420.0,29040.0,0.0,45.0,9,7900.0,2023-08-15,,0,0.0
RIQ-03365,Basic,E-commerce,Bengaluru,Organic Search,Annual,6,520.0,6240.0,1.0,52.0,7,2600.0,2022-04-30,2022-10-12,1,6240.0
RIQ-03366,Enterprise,Edtech,Bengaluru,Email Campaign,Annual,60,5310.0,63720.0,1.0,100.0,21,24600.0,2023-06-19,,0,0.0
RIQ-03367,Basic,Edtech,Mumbai,Direct,Monthly,1,950.0,11400.0,5.0,75.0,2,3900.0,2023-06-05,2023-07-16,1,11400.0
RIQ-03368,Pro,E-commerce,Delhi,Organic Search,Monthly,3,2300.0,27600.0,1.0,69.0,11,7100.0,2023-05-08,,0,0.0
RIQ-03369,Basic,E-commerce,Hyderabad,Social Media,Monthly,4,910.0,10920.0,1.0,42.0,5,3200.0,2022-07-13,2022-11-06,1,10920.0
RIQ-03370,Pro,E-commerce,Pune,Social Media,Annual,4,2220.0,26640.0,1.0,49.0,12,11800.0,2023-07-21,2023-11-12,1,26640.0
RIQ-03371,Pro,Edtech,Bengaluru,Organic Search,Annual,28,1580.0,18960.0,1.0,81.0,6,13100.0,2023-06-07,,0,0.0
RIQ-03372,Basic,Edtech,Chennai,Paid Search,Monthly,2,890.0,10680.0,3.0,73.0,12,2400.0,2023-07-18,2023-09-21,1,10680.0
RIQ-03373,Basic,E-commerce,Mumbai,Email Campaign,Monthly,8,990.0,11880.0,2.0,46.0,1,4000.0,2022-11-20,2023-07-29,1,11880.0
RIQ-03374,Pro,Fintech,Delhi,Email Campaign,Monthly,16,2230.0,26760.0,0.0,35.0,10,12800.0,2022-01-18,,0,0.0
RIQ-03375,Enterprise,Edtech,Pune,Paid Search,Monthly,6,5020.0,60240.0,3.0,72.0,25,43500.0,2022-10-13,,0,0.0
RIQ-03376,Pro,E-commerce,Chennai,Referral,Annual,7,1940.0,23280.0,0.0,37.0,11,14100.0,2022-03-18,,0,0.0
RIQ-03377,Pro,Edtech,Mumbai,Direct,Annual,6,1930.0,23160.0,0.0,84.0,16,8400.0,2023-11-16,,0,0.0
RIQ-03378,Enterprise,Edtech,Mumbai,Social Media,Annual,1,9520.0,114240.0,0.0,31.0,19,23500.0,2023-02-07,,0,0.0
RIQ-03379,Pro,Healthcare,Bengaluru,Paid Search,Monthly,3,1590.0,19080.0,2.0,63.0,18,6000.0,2022-08-19,,0,0.0
RIQ-03380,Basic,E-commerce,Delhi,Email Campaign,Annual,7,660.0,7920.0,2.0,31.0,1,3800.0,2023-02-13,,0,0.0
RIQ-03381,Pro,Healthcare,Pune,Organic Search,Monthly,25,2270.0,27240.0,1.0,83.0,10,11500.0,2023-04-26,,0,0.0
RIQ-03382,Pro,Healthcare,Mumbai,Social Media,Monthly,15,2060.0,24720.0,3.0,63.0,10,7800.0,2022-07-19,2023-10-10,1,24720.0
RIQ-03383,Basic,Fintech,Pune,Organic Search,Monthly,7,690.0,8280.0,2.0,20.0,5,3700.0,2023-08-05,,0,0.0
RIQ-03384,Enterprise,Edtech,Pune,Paid Search,Annual,1,7290.0,87480.0,,62.0,21,42300.0,2022-01-16,,0,0.0
RIQ-03385,Basic,E-commerce,Bengaluru,Email Campaign,Annual,19,760.0,9120.0,3.0,48.0,4,3700.0,2023-10-13,,0,0.0
RIQ-03386,Basic,Fintech,Pune,Referral,Monthly,9,830.0,9960.0,3.0,47.0,5,4300.0,2023-05-12,,0,0.0
RIQ-03387,Basic,Fintech,Chennai,Referral,Monthly,2,900.0,10800.0,2.0,49.0,5,3100.0,2023-03-16,2023-05-05,1,10800.0
RIQ-03388,Basic,E-commerce,Chennai,Social Media,Annual,12,950.0,11400.0,3.0,52.0,6,4100.0,2022-01-24,,0,0.0
RIQ-03389,Pro,Fintech,Mumbai,Social Media,Annual,60,1590.0,19080.0,2.0,74.0,9,12900.0,2023-03-18,,0,0.0
RIQ-03390,Enterprise,Healthcare,Mumbai,Direct,Annual,60,9250.0,111000.0,0.0,58.0,16,54900.0,2023-10-09,,0,0.0
RIQ-03391,Basic,Healthcare,Chennai,Paid Search,Monthly,6,690.0,8280.0,2.0,38.0,5,3700.0,2022-11-06,2023-04-22,1,8280.0
RIQ-03392,Basic,Fintech,Bengaluru,Organic Search,Annual,5,950.0,11400.0,3.0,70.0,4,4800.0,2023-01-13,,0,0.0
RIQ-03393,Basic,Edtech,Bengaluru,Email Campaign,Annual,15,680.0,8160.0,1.0,18.0,2,2900.0,2023-06-07,,0,0.0
RIQ-03394,Basic,Healthcare,Mumbai,Paid Search,Monthly,5,730.0,8760.0,2.0,50.0,1,4200.0,2022-04-03,2022-09-06,1,8760.0
RIQ-03395,Basic,Edtech,Bengaluru,Organic Search,Monthly,2,590.0,7080.0,3.0,46.0,1,3600.0,2022-03-18,2022-05-05,1,7080.0
RIQ-03396,Basic,Fintech,Hyderabad,Social Media,Monthly,2,570.0,6840.0,2.0,12.0,8,4100.0,2022-04-05,2022-06-08,1,6840.0
RIQ-03397,Enterprise,Fintech,Pune,Referral,Annual,34,6330.0,75960.0,2.0,97.0,32,33400.0,2022-06-16,,0,0.0
RIQ-03398,Basic,Fintech,Delhi,Social Media,Monthly,21,790.0,9480.0,1.0,33.0,9,4400.0,2023-04-06,2024-12-12,1,9480.0
RIQ-03399,Basic,E-commerce,Mumbai,Organic Search,Monthly,3,630.0,7560.0,4.0,36.0,3,4700.0,2023-01-11,2023-04-04,1,7560.0
RIQ-03400,Basic,Edtech,Mumbai,Social Media,Annual,8,840.0,10080.0,1.0,42.0,1,4500.0,2023-01-17,2023-09-14,1,10080.0
RIQ-03401,Basic,Edtech,Mumbai,Email Campaign,Monthly,3,750.0,9000.0,3.0,39.0,7,3700.0,2022-01-03,2022-04-15,1,9000.0
RIQ-03402,Basic,Edtech,Chennai,Paid Search,Annual,24,750.0,9000.0,1.0,38.0,5,4100.0,2022-01-01,,0,0.0
RIQ-03403,Basic,E-commerce,Hyderabad,Social Media,Monthly,15,530.0,6360.0,3.0,34.0,1,4800.0,2023-02-13,2024-04-30,1,6360.0
RIQ-03404,Basic,Fintech,Mumbai,Social Media,Annual,2,970.0,11640.0,6.0,40.0,1,2600.0,2023-04-16,2023-06-05,1,11640.0
RIQ-03405,Basic,Healthcare,Delhi,Referral,Monthly,13,730.0,8760.0,5.0,36.0,10,2500.0,2022-07-01,2023-07-27,1,8760.0
RIQ-03406,Pro,E-commerce,Pune,Organic Search,Monthly,3,2220.0,26640.0,0.0,31.0,16,6800.0,2022-10-14,,0,0.0
RIQ-03407,Pro,Healthcare,Bengaluru,Email Campaign,Monthly,25,2440.0,29280.0,1.0,65.0,16,12200.0,2023-06-14,,0,0.0
RIQ-03408,Pro,Healthcare,Hyderabad,Email Campaign,Monthly,7,1740.0,20880.0,2.0,54.0,14,14500.0,2022-05-20,2022-12-14,1,20880.0
RIQ-03409,Pro,Edtech,Chennai,Referral,Annual,6,2430.0,29160.0,0.0,59.0,18,6600.0,2023-01-18,,0,0.0
RIQ-03410,Basic,E-commerce,Delhi,Paid Search,Annual,9,970.0,11640.0,4.0,31.0,7,4100.0,2023-10-19,,0,0.0
RIQ-03411,Enterprise,Healthcare,Bengaluru,Organic Search,Annual,24,7870.0,94440.0,2.0,89.0,21,55400.0,2022-01-02,,0,0.0
RIQ-03412,Pro,E-commerce,Pune,Paid Search,Annual,52,1610.0,19320.0,1.0,45.0,10,7700.0,2023-11-04,,0,0.0
RIQ-03413,Pro,Healthcare,Pune,Direct,Annual,23,2380.0,28560.0,0.0,50.0,18,13400.0,2023-01-07,,0,0.0
RIQ-03414,Basic,E-commerce,Hyderabad,Organic Search,Monthly,25,530.0,6360.0,1.0,11.0,1,2600.0,2023-08-07,2025-08-15,1,6360.0
RIQ-03415,Basic,Fintech,Bengaluru,Paid Search,Monthly,3,710.0,8520.0,2.0,37.0,4,2000.0,2022-11-18,2023-02-22,1,8520.0
RIQ-03416,Basic,Healthcare,Mumbai,Paid Search,Monthly,12,850.0,10200.0,1.0,75.0,6,4600.0,2023-11-01,2024-10-13,1,10200.0
RIQ-03417,Basic,Healthcare,Hyderabad,Organic Search,Annual,11,850.0,10200.0,4.0,50.0,4,4400.0,2022-10-28,2023-09-15,1,10200.0
RIQ-03418,Pro,Edtech,Mumbai,Organic Search,Annual,1,1970.0,23640.0,1.0,68.0,10,7900.0,2023-08-31,,0,0.0
RIQ-03419,Basic,Fintech,Bengaluru,Social Media,Monthly,7,670.0,8040.0,1.0,31.0,9,2800.0,2023-09-02,2024-03-23,1,8040.0
RIQ-03420,Basic,Healthcare,Mumbai,Paid Search,Annual,4,920.0,11040.0,0.0,58.0,8,4900.0,2022-04-01,,0,0.0
RIQ-03421,Basic,E-commerce,Hyderabad,Social Media,Annual,29,570.0,6840.0,3.0,53.0,8,2600.0,2023-05-01,,0,0.0
RIQ-03422,Pro,Fintech,Bengaluru,Email Campaign,Annual,9,1710.0,20520.0,1.0,53.0,14,9000.0,2022-03-14,,0,0.0
RIQ-03423,Basic,Healthcare,Delhi,Email Campaign,Monthly,5,890.0,10680.0,1.0,56.0,3,3800.0,2023-11-11,,0,0.0
RIQ-03424,Basic,Healthcare,Bengaluru,Social Media,Annual,1,730.0,8760.0,1.0,92.0,11,2600.0,2022-10-31,,0,0.0
RIQ-03425,Basic,E-commerce,Delhi,Email Campaign,Monthly,2,680.0,8160.0,1.0,54.0,1,4300.0,2022-09-20,2022-11-20,1,8160.0
RIQ-03426,Pro,E-commerce,Delhi,Referral,Monthly,13,2420.0,29040.0,0.0,81.0,20,9700.0,2023-03-07,,0,0.0
RIQ-03427,Basic,E-commerce,Bengaluru,Social Media,Monthly,21,770.0,9240.0,2.0,47.0,6,3300.0,2022-02-09,2023-11-09,1,9240.0
RIQ-03428,Pro,Fintech,Mumbai,Referral,Annual,6,2490.0,29880.0,0.0,66.0,5,14400.0,2022-09-15,,0,0.0
RIQ-03429,Basic,Healthcare,Mumbai,Email Campaign,Monthly,13,770.0,9240.0,1.0,47.0,10,3000.0,2022-07-01,,0,0.0
RIQ-03430,Basic,Edtech,Hyderabad,Referral,Monthly,4,900.0,10800.0,1.0,62.0,7,4900.0,2023-10-08,,0,0.0
RIQ-03431,Basic,Healthcare,Delhi,Referral,Monthly,20,770.0,9240.0,6.0,43.0,1,2200.0,2022-12-05,2024-07-22,1,9240.0
RIQ-03432,Pro,E-commerce,Mumbai,Social Media,Annual,7,2200.0,26400.0,2.0,44.0,11,11600.0,2023-02-07,,0,0.0
RIQ-03433,Basic,E-commerce,Mumbai,Paid Search,Monthly,5,680.0,8160.0,6.0,40.0,8,2500.0,2023-02-11,,0,0.0
RIQ-03434,Basic,Fintech,Pune,Social Media,Monthly,7,500.0,6000.0,1.0,47.0,1,4800.0,2022-02-04,2022-09-04,1,6000.0
RIQ-03435,Basic,Fintech,Pune,Social Media,Monthly,5,520.0,6240.0,1.0,25.0,2,2900.0,2023-10-07,2024-03-12,1,6240.0
RIQ-03436,Basic,E-commerce,Bengaluru,Social Media,Monthly,9,550.0,6600.0,1.0,42.0,11,4900.0,2022-08-28,2023-05-13,1,6600.0
RIQ-03437,Pro,Fintech,Bengaluru,Paid Search,Monthly,10,2010.0,24120.0,2.0,70.0,9,14900.0,2023-02-02,,0,0.0
RIQ-03438,Pro,Edtech,Hyderabad,Social Media,Annual,10,1830.0,21960.0,2.0,73.0,17,10000.0,2022-10-30,,0,0.0
RIQ-03439,Basic,Edtech,Hyderabad,Organic Search,Monthly,14,840.0,10080.0,2.0,75.0,6,3900.0,2022-07-01,2023-08-15,1,10080.0
RIQ-03440,Basic,Healthcare,Pune,Organic Search,Annual,3,960.0,11520.0,2.0,37.0,4,4500.0,2022-11-19,,0,0.0
RIQ-03441,Basic,E-commerce,Bengaluru,Paid Search,Monthly,1,540.0,6480.0,4.0,33.0,8,4700.0,2022-07-01,2022-07-16,1,6480.0
RIQ-03442,Enterprise,Fintech,Mumbai,Organic Search,Annual,52,9500.0,114000.0,2.0,100.0,20,20400.0,2023-08-03,,0,0.0
RIQ-03443,Basic,E-commerce,Bengaluru,Paid Search,Annual,15,930.0,11160.0,1.0,63.0,4,3000.0,2022-02-21,2023-05-04,1,11160.0
RIQ-03444,Basic,Fintech,Bengaluru,Paid Search,Monthly,13,960.0,11520.0,0.0,38.0,3,4400.0,2022-12-22,2024-01-31,1,11520.0
RIQ-03445,Pro,Edtech,Mumbai,Email Campaign,Annual,47,1940.0,23280.0,2.0,45.0,9,9900.0,2023-09-25,,0,0.0
RIQ-03446,Basic,Edtech,Mumbai,Paid Search,Monthly,5,920.0,11040.0,1.0,47.0,1,3300.0,2022-04-13,2022-09-19,1,11040.0
RIQ-03447,Pro,E-commerce,Mumbai,Email Campaign,Annual,7,2090.0,25080.0,2.0,55.0,6,12400.0,2022-02-20,,0,0.0
RIQ-03448,Pro,Healthcare,Mumbai,Email Campaign,Monthly,3,1870.0,22440.0,0.0,61.0,16,12000.0,2022-01-29,,0,0.0
RIQ-03449,Basic,Edtech,Hyderabad,Email Campaign,Monthly,1,520.0,6240.0,1.0,62.0,7,4900.0,2023-02-07,2023-03-03,1,6240.0
RIQ-03450,Basic,Healthcare,Bengaluru,Social Media,Monthly,3,890.0,10680.0,3.0,64.0,3,4100.0,2022-01-13,2022-04-04,1,10680.0
RIQ-03451,Basic,E-commerce,Pune,Direct,Annual,6,670.0,8040.0,2.0,48.0,6,4600.0,2022-02-02,,0,0.0
RIQ-03452,Pro,Fintech,Delhi,Email Campaign,Monthly,60,2200.0,26400.0,3.0,61.0,18,10900.0,2022-10-19,,0,0.0
RIQ-03453,Enterprise,Edtech,Pune,Paid Search,Annual,60,9550.0,114600.0,2.0,76.0,21,44600.0,2022-08-15,,0,0.0
RIQ-03454,Basic,Edtech,Delhi,Email Campaign,Monthly,1,940.0,11280.0,2.0,32.0,11,3000.0,2023-07-13,2023-08-08,1,11280.0
RIQ-03455,Basic,Edtech,Pune,Social Media,Monthly,1,840.0,10080.0,1.0,30.0,5,2100.0,2022-12-15,2023-01-03,1,10080.0
RIQ-03456,Basic,E-commerce,Pune,Email Campaign,Monthly,9,700.0,8400.0,2.0,42.0,7,4800.0,2023-05-14,2024-02-11,1,8400.0
RIQ-03457,Pro,Healthcare,Delhi,Referral,Monthly,15,2070.0,24840.0,0.0,82.0,12,10900.0,2023-07-15,,0,0.0
RIQ-03458,Basic,Fintech,Pune,Organic Search,Monthly,6,740.0,8880.0,1.0,51.0,3,4100.0,2022-02-15,2022-08-23,1,8880.0
RIQ-03459,Pro,E-commerce,Mumbai,Organic Search,Monthly,4,1770.0,21240.0,0.0,68.0,15,14000.0,2023-11-28,,0,0.0
RIQ-03460,Basic,Fintech,Mumbai,Organic Search,Annual,12,600.0,7200.0,2.0,46.0,5,3700.0,2022-10-23,2023-10-12,1,7200.0
RIQ-03461,Basic,Fintech,Bengaluru,Social Media,Monthly,10,610.0,7320.0,4.0,72.0,1,3500.0,2022-01-03,2022-10-27,1,7320.0
RIQ-03462,Basic,Edtech,Pune,Email Campaign,Annual,12,580.0,6960.0,1.0,27.0,5,2000.0,2022-12-02,,0,0.0
RIQ-03463,Pro,Healthcare,Pune,Email Campaign,Monthly,14,1510.0,18120.0,1.0,58.0,13,9400.0,2023-05-21,,0,0.0
RIQ-03464,Basic,Fintech,Mumbai,Direct,Monthly,4,950.0,11400.0,3.0,53.0,10,2300.0,2022-07-08,2022-10-30,1,11400.0
RIQ-03465,Pro,E-commerce,Pune,Organic Search,Annual,16,1560.0,18720.0,2.0,67.0,15,11200.0,2022-07-11,,0,0.0
RIQ-03466,Pro,Healthcare,Pune,Paid Search,Monthly,5,1720.0,20640.0,1.0,64.0,15,13700.0,2022-08-15,,0,0.0
RIQ-03467,Basic,Healthcare,Delhi,Paid Search,Monthly,21,870.0,10440.0,0.0,49.0,18,2100.0,2022-02-02,2023-10-28,1,10440.0
RIQ-03468,Basic,E-commerce,Bengaluru,Referral,Annual,10,840.0,10080.0,2.0,36.0,1,2000.0,2022-12-31,2023-10-19,1,10080.0
RIQ-03469,Basic,Fintech,Hyderabad,Direct,Monthly,2,960.0,11520.0,0.0,29.0,4,2700.0,2023-06-07,2023-07-30,1,11520.0
RIQ-03470,Pro,E-commerce,Mumbai,Direct,Monthly,11,1590.0,19080.0,4.0,58.0,20,13200.0,2023-02-07,,0,0.0
RIQ-03471,Basic,E-commerce,Mumbai,Social Media,Annual,25,500.0,6000.0,2.0,55.0,1,3000.0,2023-11-26,,0,0.0
RIQ-03472,Pro,Fintech,Mumbai,Paid Search,Monthly,21,1830.0,21960.0,1.0,75.0,9,14800.0,2023-07-31,,0,0.0
RIQ-03473,Basic,E-commerce,Delhi,Direct,Monthly,13,930.0,11160.0,4.0,70.0,4,2300.0,2022-07-10,,0,0.0
RIQ-03474,Pro,Fintech,Pune,Social Media,Annual,13,1920.0,23040.0,0.0,69.0,10,8100.0,2022-06-21,,0,0.0
RIQ-03475,Basic,Edtech,Hyderabad,Referral,Monthly,1,710.0,8520.0,2.0,48.0,4,2000.0,2022-07-03,2022-08-12,1,8520.0
RIQ-03476,Basic,Edtech,Pune,Organic Search,Monthly,10,680.0,8160.0,2.0,40.0,8,2200.0,2022-07-11,,0,0.0
RIQ-03477,Basic,Edtech,Mumbai,Direct,Monthly,5,510.0,6120.0,2.0,40.0,8,2000.0,2023-09-03,2024-01-20,1,6120.0
RIQ-03478,Enterprise,E-commerce,Pune,Social Media,Annual,2,6720.0,80640.0,0.0,76.0,22,20200.0,2022-06-15,,0,0.0
RIQ-03479,Basic,Fintech,Bengaluru,Referral,Annual,4,590.0,7080.0,1.0,20.0,10,2300.0,2022-06-22,,0,0.0
RIQ-03480,Basic,Fintech,Delhi,Organic Search,Monthly,3,580.0,6960.0,1.0,47.0,9,4700.0,2022-12-28,2023-04-11,1,6960.0
RIQ-03481,Pro,Fintech,Mumbai,Organic Search,Annual,32,2410.0,28920.0,0.0,67.0,17,11100.0,2022-01-05,,0,0.0
RIQ-03482,Pro,Fintech,Mumbai,Direct,Monthly,32,2270.0,27240.0,2.0,52.0,11,10800.0,2023-05-31,,0,0.0
RIQ-03483,Pro,Fintech,Delhi,Social Media,Annual,7,2050.0,24600.0,3.0,90.0,13,11100.0,2023-08-26,,0,0.0
RIQ-03484,Basic,E-commerce,Delhi,Email Campaign,Monthly,6,990.0,11880.0,1.0,47.0,6,4100.0,2022-06-21,2022-12-25,1,11880.0
RIQ-03485,Basic,Edtech,Bengaluru,Social Media,Monthly,10,850.0,10200.0,4.0,27.0,8,2700.0,2022-12-14,2023-10-24,1,10200.0
RIQ-03486,Basic,Fintech,Hyderabad,Email Campaign,Annual,7,800.0,9600.0,2.0,58.0,10,2200.0,2022-08-10,,0,0.0
RIQ-03487,Pro,E-commerce,Chennai,Paid Search,Annual,54,1650.0,19800.0,1.0,65.0,15,7600.0,2023-08-19,,0,0.0
RIQ-03488,Pro,Fintech,Bengaluru,Direct,Annual,18,1830.0,21960.0,0.0,100.0,15,11900.0,2022-11-15,,0,0.0
RIQ-03489,Pro,Fintech,Mumbai,Organic Search,Monthly,14,1640.0,19680.0,2.0,89.0,18,7600.0,2023-05-04,2024-06-17,1,19680.0
RIQ-03490,Pro,Fintech,Bengaluru,Social Media,Annual,16,1790.0,21480.0,0.0,57.0,22,13500.0,2022-05-11,,0,0.0
RIQ-03491,Pro,Edtech,Delhi,Social Media,Monthly,23,2160.0,25920.0,1.0,61.0,15,6800.0,2022-06-09,,0,0.0
RIQ-03492,Pro,Edtech,Hyderabad,Organic Search,Monthly,8,2490.0,29880.0,0.0,82.0,5,7200.0,2023-11-02,,0,0.0
RIQ-03493,Basic,Edtech,Mumbai,Paid Search,Monthly,2,760.0,9120.0,4.0,58.0,12,3300.0,2022-04-23,2022-06-09,1,9120.0
RIQ-03494,Basic,Edtech,Bengaluru,Email Campaign,Monthly,20,800.0,9600.0,3.0,62.0,5,2000.0,2022-07-20,2024-03-18,1,9600.0
RIQ-03495,Basic,Edtech,Delhi,Social Media,Monthly,4,510.0,6120.0,1.0,51.0,8,2600.0,2022-02-06,2022-06-11,1,6120.0
RIQ-03496,Basic,Healthcare,Chennai,Organic Search,Monthly,1,850.0,10200.0,3.0,24.0,1,2400.0,2022-08-13,2022-09-24,1,10200.0
RIQ-03497,enterprise,E-commerce,Chennai,Organic Search,Monthly,38,9250.0,111000.0,0.0,100.0,17,34900.0,2022-05-11,,0,0.0
RIQ-03498,Basic,Edtech,Bengaluru,Email Campaign,Annual,2,600.0,7200.0,0.0,61.0,5,3500.0,2022-05-14,,0,0.0
RIQ-03499,Enterprise,Healthcare,Delhi,Organic Search,Annual,11,7030.0,84360.0,0.0,97.0,29,53000.0,2023-02-10,,0,0.0
RIQ-03500,Pro,Edtech,Bengaluru,Direct,Monthly,6,1840.0,22080.0,1.0,68.0,14,13500.0,2023-09-02,,0,0.0
RIQ-03501,Pro,E-commerce,Delhi,Email Campaign,Annual,15,1850.0,22200.0,0.0,81.0,8,10800.0,2023-08-22,,0,0.0
RIQ-03502,Pro,Edtech,Chennai,Direct,Monthly,1,1570.0,18840.0,0.0,45.0,11,14900.0,2022-01-24,,0,0.0
RIQ-03503,Basic,E-commerce,Mumbai,Organic Search,Annual,6,840.0,10080.0,2.0,20.0,8,2900.0,2022-03-17,2022-09-13,1,10080.0
RIQ-03504,Enterprise,E-commerce,Delhi,Social Media,Annual,40,9720.0,116640.0,2.0,84.0,28,24800.0,2023-08-20,,0,0.0
RIQ-03505,Basic,Fintech,Bengaluru,Email Campaign,Monthly,15,890.0,10680.0,1.0,20.0,2,4500.0,2022-09-27,2023-12-13,1,10680.0
RIQ-03506,Basic,Edtech,Chennai,Referral,Monthly,10,530.0,6360.0,4.0,39.0,7,2500.0,2023-02-01,2023-11-25,1,6360.0
RIQ-03507,Pro,Fintech,Mumbai,Email Campaign,Monthly,10,1700.0,20400.0,0.0,70.0,3,10500.0,2022-05-02,2023-02-24,1,20400.0
RIQ-03508,Enterprise,Healthcare,Mumbai,Social Media,Monthly,14,7780.0,93360.0,1.0,72.0,20,58800.0,2023-01-13,,0,0.0
RIQ-03509,Enterprise,Healthcare,Chennai,Direct,Annual,1,6970.0,83640.0,1.0,79.0,23,57200.0,2022-02-11,,0,0.0
RIQ-03510,Basic,E-commerce,Chennai,Email Campaign,Annual,2,540.0,6480.0,1.0,78.0,7,3200.0,2023-06-09,2023-08-18,1,6480.0
RIQ-03511,Enterprise,Edtech,Mumbai,Social Media,Annual,26,6430.0,77160.0,0.0,87.0,23,58600.0,2022-09-18,,0,0.0
RIQ-03512,Basic,E-commerce,Bengaluru,Paid Search,Monthly,22,690.0,8280.0,2.0,76.0,4,2900.0,2022-07-21,2024-05-17,1,8280.0
RIQ-03513,Basic,E-commerce,Delhi,Paid Search,Annual,11,780.0,9360.0,4.0,82.0,5,2900.0,2022-12-19,2023-10-30,1,9360.0
RIQ-03514,Pro,Fintech,Chennai,Direct,Annual,19,1690.0,20280.0,5.0,52.0,16,9900.0,2022-06-22,,0,0.0
RIQ-03515,Basic,Edtech,Pune,Email Campaign,Annual,6,540.0,6480.0,4.0,41.0,8,2600.0,2022-05-31,2022-11-20,1,6480.0
RIQ-03516,Basic,E-commerce,Bengaluru,Referral,Monthly,6,910.0,10920.0,4.0,46.0,8,4000.0,2022-12-18,2023-07-01,1,10920.0
RIQ-03517,Basic,Edtech,Chennai,Email Campaign,Annual,3,570.0,6840.0,3.0,50.0,5,4600.0,2023-11-27,2024-02-26,1,6840.0
RIQ-03518,Basic,Fintech,Pune,Paid Search,Annual,22,770.0,9240.0,3.0,37.0,1,5000.0,2023-05-20,2025-03-25,1,9240.0
RIQ-03519,Pro,Fintech,Bengaluru,Direct,Annual,15,2240.0,26880.0,2.0,64.0,12,8200.0,2023-02-22,,0,0.0
RIQ-03520,Basic,E-commerce,Delhi,Email Campaign,Monthly,16,910.0,10920.0,0.0,56.0,4,4000.0,2022-03-28,,0,0.0
RIQ-03521,Basic,Fintech,Delhi,Organic Search,Monthly,3,610.0,7320.0,3.0,57.0,1,4400.0,2023-07-28,2023-10-21,1,7320.0
RIQ-03522,Basic,Fintech,Chennai,Email Campaign,Monthly,2,980.0,11760.0,1.0,37.0,3,3400.0,2022-10-16,2022-12-30,1,11760.0
RIQ-03523,Basic,Edtech,Mumbai,Paid Search,Annual,10,830.0,9960.0,1.0,44.0,2,2700.0,2023-01-09,2023-11-07,1,9960.0
RIQ-03524,Basic,Fintech,Bengaluru,Email Campaign,Annual,17,970.0,11640.0,0.0,70.0,1,4400.0,2022-02-05,,0,0.0
RIQ-03525,Basic,E-commerce,Pune,Social Media,Monthly,7,920.0,11040.0,1.0,85.0,3,3500.0,2023-11-16,2024-06-14,1,11040.0
RIQ-03526,Basic,E-commerce,Chennai,Paid Search,Monthly,1,630.0,7560.0,1.0,44.0,2,4200.0,2023-04-24,2023-06-02,1,7560.0
RIQ-03527,Pro,Fintech,Bengaluru,Referral,Monthly,6,1770.0,21240.0,1.0,41.0,10,9600.0,2022-12-05,,0,0.0
RIQ-03528,Basic,Edtech,Chennai,Social Media,Monthly,18,860.0,10320.0,1.0,15.0,5,4200.0,2022-10-02,,0,0.0
RIQ-03529,Basic,Fintech,Hyderabad,Organic Search,Monthly,10,670.0,8040.0,2.0,46.0,11,4900.0,2022-07-24,2023-05-16,1,8040.0
RIQ-03530,Basic,Healthcare,Bengaluru,Paid Search,Monthly,11,990.0,11880.0,2.0,48.0,3,3200.0,2022-10-05,2023-08-28,1,11880.0
RIQ-03531,Pro,Fintech,Hyderabad,Social Media,Monthly,46,1880.0,22560.0,0.0,75.0,14,14200.0,2022-03-07,,0,0.0
RIQ-03532,Enterprise,Healthcare,Pune,Social Media,Monthly,20,5880.0,70560.0,0.0,41.0,14,56300.0,2022-10-20,,0,0.0
RIQ-03533,Basic,Fintech,Bengaluru,Email Campaign,Monthly,4,790.0,9480.0,2.0,73.0,2,4800.0,2023-09-26,,0,0.0
RIQ-03534,Pro,E-commerce,Bengaluru,Email Campaign,Monthly,17,1840.0,22080.0,2.0,67.0,10,8900.0,2023-02-13,,0,0.0
RIQ-03535,Pro,Fintech,Delhi,Referral,Annual,3,2070.0,24840.0,2.0,77.0,11,7600.0,2023-02-11,2023-05-06,1,24840.0
RIQ-03536,Enterprise,Fintech,Bengaluru,Social Media,Annual,60,6200.0,74400.0,2.0,59.0,19,29600.0,2023-04-10,,0,0.0
RIQ-03537,Pro,E-commerce,Pune,Social Media,Monthly,8,2280.0,27360.0,0.0,25.0,14,8400.0,2023-08-26,,0,0.0
RIQ-03538,Pro,Fintech,Hyderabad,Email Campaign,Annual,4,2430.0,29160.0,2.0,74.0,21,12000.0,2022-10-20,,0,0.0
RIQ-03539,Basic,E-commerce,Mumbai,Referral,Monthly,1,770.0,9240.0,3.0,27.0,11,4400.0,2022-07-20,2022-08-11,1,9240.0
RIQ-03540,Basic,Fintech,Hyderabad,Social Media,Monthly,18,560.0,6720.0,1.0,38.0,6,2900.0,2022-11-21,2024-05-27,1,6720.0
RIQ-03541,Basic,Edtech,Bengaluru,Paid Search,Annual,1,780.0,9360.0,1.0,36.0,10,4000.0,2022-08-14,,0,0.0
RIQ-03542,Basic,Fintech,Hyderabad,Organic Search,Monthly,4,950.0,11400.0,0.0,24.0,1,3600.0,2022-01-19,2022-05-04,1,11400.0
RIQ-03543,Basic,Edtech,Pune,Social Media,Monthly,5,970.0,11640.0,3.0,34.0,3,2500.0,2022-12-31,2023-06-13,1,11640.0
RIQ-03544,Basic,Fintech,Delhi,Referral,Monthly,4,860.0,10320.0,5.0,66.0,2,4700.0,2023-04-03,2023-07-19,1,10320.0
RIQ-03545,Enterprise,E-commerce,Hyderabad,Referral,Monthly,11,6040.0,72480.0,1.0,87.0,23,37300.0,2023-11-05,,0,0.0
RIQ-03546,Basic,Fintech,Mumbai,Social Media,Monthly,9,950.0,11400.0,0.0,31.0,10,2800.0,2023-04-17,2024-01-05,1,11400.0
RIQ-03547,Basic,Edtech,Hyderabad,Social Media,Annual,7,750.0,9000.0,1.0,38.0,6,2600.0,2022-04-26,2022-11-22,1,9000.0
RIQ-03548,Basic,E-commerce,Pune,Referral,Monthly,5,970.0,11640.0,2.0,25.0,1,4100.0,2023-11-24,2024-04-07,1,11640.0
RIQ-03549,Basic,E-commerce,Delhi,Email Campaign,Monthly,8,870.0,10440.0,2.0,55.0,12,2700.0,2022-06-01,,0,0.0
RIQ-03550,Pro,Fintech,Hyderabad,Direct,Monthly,48,2080.0,24960.0,1.0,58.0,11,9700.0,2023-02-14,,0,0.0
RIQ-03551,Basic,Edtech,Mumbai,Email Campaign,Monthly,13,500.0,6000.0,2.0,48.0,11,2200.0,2022-10-13,2023-11-21,1,6000.0
RIQ-03552,Basic,Healthcare,Bengaluru,Paid Search,Annual,6,810.0,9720.0,0.0,6.0,3,2500.0,2023-01-01,2023-07-11,1,9720.0
RIQ-03553,Basic,E-commerce,Bengaluru,Social Media,Monthly,1,510.0,6120.0,4.0,55.0,2,3900.0,2023-01-12,2023-02-06,1,6120.0
RIQ-03554,Basic,Fintech,Mumbai,Paid Search,Monthly,2,510.0,6120.0,2.0,59.0,9,4600.0,2022-06-05,2022-08-04,1,6120.0
RIQ-03555,Pro,Healthcare,Mumbai,Paid Search,Monthly,6,1810.0,21720.0,2.0,55.0,18,13600.0,2022-11-24,,0,0.0
RIQ-03556,Basic,Edtech,Bengaluru,Direct,Monthly,1,710.0,8520.0,1.0,35.0,6,2900.0,2023-09-11,,0,0.0
RIQ-03557,Basic,Fintech,Delhi,Organic Search,Annual,7,560.0,6720.0,6.0,45.0,8,4300.0,2022-08-11,,0,0.0
RIQ-03558,Basic,E-commerce,Delhi,Paid Search,Annual,5,540.0,6480.0,2.0,43.0,7,2100.0,2022-06-18,2022-11-29,1,6480.0
RIQ-03559,Pro,E-commerce,Hyderabad,Referral,Annual,39,1840.0,22080.0,0.0,41.0,11,9500.0,2022-06-07,,0,0.0
RIQ-03560,Basic,Edtech,Delhi,Social Media,Monthly,4,510.0,6120.0,2.0,62.0,4,3700.0,2023-10-23,2024-02-10,1,6120.0
RIQ-03561,Pro,Edtech,Mumbai,Organic Search,Annual,20,1750.0,21000.0,2.0,56.0,8,14700.0,2022-05-11,,0,0.0
RIQ-03562,Pro,Healthcare,Pune,Organic Search,Monthly,9,2390.0,28680.0,0.0,89.0,13,14200.0,2023-11-07,,0,0.0
RIQ-03563,Pro,Fintech,Mumbai,Organic Search,Monthly,16,1650.0,19800.0,3.0,66.0,13,11500.0,2023-03-30,,0,0.0
RIQ-03564,Basic,Edtech,Bengaluru,Direct,Monthly,16,800.0,9600.0,2.0,13.0,6,2900.0,2022-06-28,2023-10-06,1,9600.0
RIQ-03565,Enterprise,Healthcare,Delhi,Organic Search,Annual,31,9140.0,109680.0,2.0,81.0,19,29100.0,2022-08-16,,0,0.0
RIQ-03566,Basic,Edtech,Delhi,Paid Search,Monthly,16,710.0,8520.0,0.0,71.0,3,3100.0,2023-06-04,,0,0.0
RIQ-03567,Pro,E-commerce,Pune,Social Media,Annual,17,2410.0,28920.0,2.0,47.0,10,6400.0,2023-07-19,,0,0.0
RIQ-03568,Basic,E-commerce,Pune,Social Media,Monthly,3,800.0,9600.0,1.0,48.0,5,3500.0,2022-05-04,2022-08-11,1,9600.0
RIQ-03569,Basic,Healthcare,Delhi,Organic Search,Monthly,22,690.0,8280.0,2.0,15.0,13,2000.0,2022-04-12,,0,0.0
RIQ-03570,Basic,Edtech,Hyderabad,Referral,Monthly,26,680.0,8160.0,2.0,14.0,5,2700.0,2023-07-21,,0,0.0
RIQ-03571,Pro,Fintech,Bengaluru,Social Media,Monthly,17,2130.0,25560.0,2.0,78.0,17,13700.0,2022-07-07,2023-12-06,1,25560.0
RIQ-03572,Pro,Fintech,Pune,Organic Search,Annual,1,2340.0,28080.0,0.0,85.0,3,12900.0,2023-03-22,,0,0.0
RIQ-03573,Enterprise,E-commerce,Mumbai,Organic Search,Monthly,22,6290.0,75480.0,0.0,60.0,23,50200.0,2023-02-17,,0,0.0
RIQ-03574,Basic,Healthcare,Pune,Organic Search,Monthly,14,560.0,6720.0,2.0,36.0,4,4900.0,2022-08-03,,0,0.0
RIQ-03575,Enterprise,Fintech,Chennai,Email Campaign,Annual,10,9910.0,118920.0,1.0,100.0,28,40300.0,2022-05-26,,0,0.0
RIQ-03576,Pro,E-commerce,Mumbai,Social Media,Monthly,14,2130.0,25560.0,0.0,100.0,19,15000.0,2023-09-15,,0,0.0
RIQ-03577,Basic,Fintech,Delhi,Social Media,Monthly,18,990.0,11880.0,2.0,47.0,3,2500.0,2023-08-03,,0,0.0
RIQ-03578,Basic,Edtech,Bengaluru,Email Campaign,Monthly,3,810.0,9720.0,5.0,47.0,11,4200.0,2022-07-08,2022-09-26,1,9720.0
RIQ-03579,Pro,E-commerce,Mumbai,Organic Search,Annual,1,1680.0,20160.0,1.0,53.0,10,9000.0,2023-09-25,,0,0.0
RIQ-03580,Basic,Edtech,Bengaluru,Email Campaign,Annual,1,520.0,6240.0,3.0,60.0,1,4500.0,2023-02-03,2023-02-25,1,6240.0
RIQ-03581,Basic,E-commerce,Chennai,Email Campaign,Annual,5,930.0,11160.0,3.0,32.0,5,2200.0,2022-09-08,,0,0.0
RIQ-03582,Pro,Edtech,Delhi,Social Media,Monthly,30,1770.0,21240.0,1.0,89.0,16,8500.0,2023-12-02,,0,0.0
RIQ-03583,Basic,Fintech,Pune,Email Campaign,Annual,9,500.0,6000.0,3.0,58.0,5,2900.0,2023-11-17,,0,0.0
RIQ-03584,Enterprise,Edtech,Pune,Social Media,Annual,2,8860.0,106320.0,1.0,68.0,17,55500.0,2023-10-31,,0,0.0
RIQ-03585,Basic,Healthcare,Hyderabad,Email Campaign,Annual,1,530.0,6360.0,2.0,44.0,1,3200.0,2023-01-30,2023-02-19,1,6360.0
RIQ-03586,Basic,Fintech,Chennai,Organic Search,Monthly,2,830.0,9960.0,0.0,40.0,3,4500.0,2022-08-23,2022-10-25,1,9960.0
RIQ-03587,Basic,Edtech,Chennai,Organic Search,Annual,4,530.0,6360.0,2.0,46.0,11,4400.0,2022-10-11,,0,0.0
RIQ-03588,Basic,E-commerce,Hyderabad,Direct,Monthly,4,780.0,9360.0,2.0,44.0,4,3900.0,2022-06-28,2022-11-09,1,9360.0
RIQ-03589,Pro,E-commerce,Bengaluru,Paid Search,Monthly,23,2480.0,29760.0,1.0,63.0,13,11100.0,2022-10-02,,0,0.0
RIQ-03590,Basic,Healthcare,Chennai,Organic Search,Monthly,7,670.0,8040.0,3.0,76.0,1,2800.0,2023-03-15,,0,0.0
RIQ-03591,Pro,Fintech,Chennai,Organic Search,Annual,25,2080.0,24960.0,1.0,54.0,11,7900.0,2023-01-20,,0,0.0
RIQ-03592,Pro,E-commerce,Chennai,Paid Search,Monthly,15,2050.0,24600.0,1.0,57.0,14,6500.0,2023-01-02,,0,0.0
RIQ-03593,Basic,Edtech,Delhi,Social Media,Monthly,1,900.0,10800.0,1.0,53.0,9,2500.0,2022-01-19,2022-02-11,1,10800.0
RIQ-03594,Basic,E-commerce,Mumbai,Social Media,Monthly,35,530.0,6360.0,1.0,45.0,9,3500.0,2023-10-30,,0,0.0
RIQ-03595,Pro,Edtech,Hyderabad,Email Campaign,Monthly,4,1650.0,19800.0,2.0,56.0,13,11100.0,2022-03-17,,0,0.0
RIQ-03596,Basic,E-commerce,Bengaluru,Paid Search,Monthly,1,710.0,8520.0,2.0,37.0,8,3400.0,2023-09-28,2023-10-25,1,8520.0
RIQ-03597,Basic,Healthcare,Pune,Paid Search,Monthly,1,520.0,6240.0,0.0,37.0,5,2600.0,2023-06-20,2023-07-20,1,6240.0
RIQ-03598,Basic,E-commerce,Pune,Organic Search,Monthly,5,740.0,8880.0,0.0,8.0,8,3800.0,2022-03-23,2022-08-30,1,8880.0
RIQ-03599,Pro,E-commerce,Pune,Paid Search,Annual,23,2150.0,25800.0,2.0,70.0,12,10100.0,2023-11-23,,0,0.0
RIQ-03600,Basic,Fintech,Bengaluru,Referral,Monthly,32,790.0,9480.0,2.0,26.0,1,3900.0,2023-06-28,2026-02-14,1,9480.0
RIQ-03601,Basic,Edtech,Bengaluru,Email Campaign,Monthly,6,620.0,7440.0,1.0,44.0,7,2600.0,2023-10-15,2024-04-26,1,7440.0
RIQ-03602,Basic,E-commerce,Delhi,Social Media,Monthly,2,960.0,11520.0,3.0,58.0,11,2300.0,2022-11-13,2023-01-03,1,11520.0
RIQ-03603,Basic,Healthcare,Bengaluru,Direct,Annual,60,660.0,7920.0,2.0,67.0,2,2100.0,2022-07-12,,0,0.0
RIQ-03604,Pro,E-commerce,Mumbai,Social Media,Annual,49,2080.0,24960.0,1.0,74.0,7,7100.0,2022-12-09,,0,0.0
RIQ-03605,Basic,Healthcare,Chennai,Social Media,Annual,9,560.0,6720.0,2.0,63.0,4,3100.0,2022-03-12,,0,0.0
RIQ-03606,Pro,E-commerce,Bengaluru,Referral,Monthly,12,2310.0,27720.0,0.0,46.0,16,11100.0,2022-10-06,,0,0.0
RIQ-03607,Basic,Fintech,Hyderabad,Paid Search,Annual,27,960.0,11520.0,1.0,31.0,11,2000.0,2023-05-07,,0,0.0
RIQ-03608,Basic,Fintech,Pune,Paid Search,Monthly,1,980.0,11760.0,0.0,23.0,1,2900.0,2023-04-21,2023-05-18,1,11760.0
RIQ-03609,Enterprise,Healthcare,Delhi,Email Campaign,Monthly,60,7480.0,89760.0,3.0,74.0,18,56900.0,2022-11-01,,0,0.0
RIQ-03610,Basic,Healthcare,Pune,Social Media,Monthly,2,940.0,11280.0,2.0,58.0,3,4400.0,2022-04-02,2022-05-30,1,11280.0
RIQ-03611,Basic,Edtech,Bengaluru,Social Media,Annual,4,840.0,10080.0,2.0,72.0,3,4600.0,2022-02-04,2022-05-28,1,10080.0
RIQ-03612,Pro,Edtech,Pune,Paid Search,Monthly,45,1850.0,22200.0,1.0,29.0,10,11300.0,2022-08-14,2026-04-25,1,22200.0
RIQ-03613,Basic,Edtech,Delhi,Organic Search,Monthly,7,640.0,7680.0,1.0,46.0,1,2600.0,2023-03-13,2023-10-13,1,7680.0
RIQ-03614,Basic,E-commerce,Bengaluru,Paid Search,Monthly,16,940.0,11280.0,5.0,7.0,9,3100.0,2023-08-03,2024-11-30,1,11280.0
RIQ-03615,Pro,Healthcare,Mumbai,Email Campaign,Annual,5,1820.0,21840.0,0.0,58.0,14,10200.0,2022-02-20,2022-07-27,1,21840.0
RIQ-03616,Pro,Edtech,Chennai,Referral,Annual,3,1870.0,22440.0,0.0,64.0,15,7400.0,2022-04-23,,0,0.0
RIQ-03617,Basic,Fintech,Pune,Organic Search,Monthly,29,600.0,7200.0,1.0,45.0,4,5000.0,2022-11-03,2025-03-14,1,7200.0
RIQ-03618,Enterprise,Edtech,Delhi,Social Media,Monthly,4,9580.0,114960.0,1.0,95.0,21,50500.0,2023-09-28,,0,0.0
RIQ-03619,basic,Edtech,Bengaluru,Organic Search,Annual,7,800.0,9600.0,3.0,49.0,3,2800.0,2022-12-24,2023-08-05,1,9600.0
RIQ-03620,Basic,Edtech,Hyderabad,Organic Search,Monthly,25,990.0,11880.0,3.0,61.0,10,4600.0,2022-09-26,,0,0.0
RIQ-03621,Enterprise,E-commerce,Bengaluru,Paid Search,Annual,60,6110.0,73320.0,1.0,98.0,24,32200.0,2022-09-21,,0,0.0
RIQ-03622,Basic,Edtech,Hyderabad,Paid Search,Monthly,4,560.0,6720.0,1.0,42.0,11,4800.0,2023-08-07,,0,0.0
RIQ-03623,Basic,Edtech,Delhi,Direct,Monthly,11,620.0,7440.0,3.0,43.0,13,3700.0,2022-09-22,2023-08-11,1,7440.0
RIQ-03624,Basic,Fintech,Bengaluru,Paid Search,Monthly,3,630.0,7560.0,1.0,61.0,1,2100.0,2023-02-24,2023-05-18,1,7560.0
RIQ-03625,Basic,Healthcare,Hyderabad,Social Media,Annual,21,850.0,10200.0,4.0,64.0,12,2400.0,2022-06-25,,0,0.0
RIQ-03626,Basic,Fintech,Bengaluru,Social Media,Monthly,31,710.0,8520.0,4.0,39.0,1,3400.0,2023-09-12,2026-04-07,1,8520.0
RIQ-03627,Pro,E-commerce,Pune,Organic Search,Annual,12,2170.0,26040.0,2.0,49.0,13,13900.0,2023-06-30,,0,0.0
RIQ-03628,Basic,E-commerce,Mumbai,Paid Search,Monthly,5,970.0,11640.0,2.0,44.0,9,2500.0,2022-04-13,2022-09-02,1,11640.0
RIQ-03629,Pro,Fintech,Bengaluru,Email Campaign,Annual,24,2260.0,27120.0,1.0,41.0,9,12200.0,2023-04-02,,0,0.0
RIQ-03630,Pro,Edtech,Delhi,Paid Search,Monthly,4,1980.0,23760.0,0.0,48.0,20,8700.0,2022-02-14,,0,0.0
RIQ-03631,Enterprise,Edtech,Chennai,Social Media,Annual,60,6740.0,80880.0,0.0,93.0,17,34800.0,2022-10-21,,0,0.0
RIQ-03632,Pro,E-commerce,Delhi,Organic Search,Monthly,6,1970.0,23640.0,0.0,81.0,12,13000.0,2023-08-23,,0,0.0
RIQ-03633,Basic,E-commerce,Delhi,Paid Search,Monthly,23,500.0,6000.0,1.0,20.0,5,3700.0,2022-11-06,2024-09-19,1,6000.0
RIQ-03634,Basic,Fintech,Pune,Social Media,Monthly,10,530.0,6360.0,1.0,65.0,1,3700.0,2023-09-18,2024-07-06,1,6360.0
RIQ-03635,Pro,Healthcare,Mumbai,Organic Search,Annual,2,2240.0,26880.0,3.0,28.0,14,13000.0,2022-12-31,,0,0.0
RIQ-03636,Basic,Edtech,Hyderabad,Organic Search,Annual,16,930.0,11160.0,2.0,21.0,9,4600.0,2022-12-08,,0,0.0
RIQ-03637,Basic,Fintech,Bengaluru,Social Media,Annual,24,800.0,9600.0,1.0,31.0,8,3000.0,2022-07-14,,0,0.0
RIQ-03638,Enterprise,Healthcare,Mumbai,Social Media,Annual,30,7360.0,88320.0,1.0,74.0,22,52200.0,2022-01-03,,0,0.0
RIQ-03639,Basic,Edtech,Mumbai,Paid Search,Annual,5,960.0,11520.0,2.0,59.0,5,4800.0,2023-09-17,2024-02-05,1,11520.0
RIQ-03640,Pro,Healthcare,Chennai,Email Campaign,Monthly,16,1800.0,21600.0,0.0,85.0,18,9600.0,2022-09-23,,0,0.0
RIQ-03641,Basic,Fintech,Delhi,Social Media,Annual,19,540.0,6480.0,2.0,22.0,2,3700.0,2023-07-10,,0,0.0
RIQ-03642,Enterprise,Fintech,Bengaluru,Paid Search,Annual,25,9450.0,113400.0,1.0,78.0,24,46800.0,2022-07-15,,0,0.0
RIQ-03643,Basic,Fintech,Delhi,Social Media,Annual,5,570.0,6840.0,1.0,32.0,4,2900.0,2022-09-12,2023-01-31,1,6840.0
RIQ-03644,Basic,Edtech,Hyderabad,Organic Search,Monthly,7,600.0,7200.0,3.0,72.0,1,2100.0,2022-04-21,,0,0.0
RIQ-03645,Basic,E-commerce,Mumbai,Referral,Monthly,5,790.0,9480.0,0.0,38.0,7,4100.0,2023-06-01,2023-11-06,1,9480.0
RIQ-03646,Enterprise,Fintech,Hyderabad,Organic Search,Monthly,21,9110.0,109320.0,1.0,90.0,20,59500.0,2022-01-29,,0,0.0
RIQ-03647,Basic,Fintech,Mumbai,Paid Search,Annual,8,820.0,9840.0,3.0,16.0,13,3700.0,2022-05-25,,0,0.0
RIQ-03648,Basic,Fintech,Mumbai,Referral,Monthly,6,980.0,11760.0,1.0,49.0,5,4700.0,2022-06-06,,0,0.0
RIQ-03649,Pro,Healthcare,Delhi,Organic Search,Monthly,26,2470.0,29640.0,2.0,52.0,14,6600.0,2023-03-25,,0,0.0
RIQ-03650,Pro,Fintech,Chennai,Organic Search,Monthly,8,2490.0,29880.0,0.0,53.0,7,8900.0,2022-11-06,,0,0.0
RIQ-03651,Enterprise,Fintech,Pune,Email Campaign,Monthly,14,7680.0,92160.0,2.0,72.0,26,52600.0,2023-01-11,,0,0.0
RIQ-03652,Pro,Fintech,Mumbai,Social Media,Annual,9,2110.0,25320.0,3.0,42.0,7,7600.0,2022-10-15,2023-07-10,1,25320.0
RIQ-03653,Pro,Edtech,Bengaluru,Organic Search,Monthly,7,2230.0,26760.0,2.0,76.0,15,7200.0,2022-06-13,,0,0.0
RIQ-03654,Basic,Healthcare,Hyderabad,Social Media,Monthly,2,810.0,9720.0,3.0,34.0,4,2400.0,2022-08-28,2022-10-12,1,9720.0
RIQ-03655,Basic,Fintech,Hyderabad,Organic Search,Monthly,6,990.0,11880.0,3.0,29.0,5,4600.0,2022-08-09,2023-01-27,1,11880.0
RIQ-03656,Pro,E-commerce,Chennai,Email Campaign,Monthly,19,1750.0,21000.0,1.0,73.0,14,12600.0,2023-04-25,,0,0.0
RIQ-03657,Basic,Fintech,Mumbai,Social Media,Annual,11,950.0,11400.0,1.0,60.0,3,4800.0,2023-04-13,2024-03-04,1,11400.0
RIQ-03658,Basic,Healthcare,Hyderabad,Organic Search,Monthly,7,570.0,6840.0,1.0,41.0,4,3800.0,2023-05-05,2023-12-05,1,6840.0
RIQ-03659,Pro,Fintech,Bengaluru,Organic Search,Monthly,60,2400.0,28800.0,1.0,20.0,9,11800.0,2022-02-28,,0,0.0
RIQ-03660,Pro,Edtech,Hyderabad,Email Campaign,Annual,5,1580.0,18960.0,1.0,53.0,15,12600.0,2022-06-27,,0,0.0
RIQ-03661,Basic,E-commerce,Hyderabad,Paid Search,Monthly,8,630.0,7560.0,3.0,37.0,2,2700.0,2023-05-15,2023-12-31,1,7560.0
RIQ-03662,Basic,Fintech,Mumbai,Paid Search,Monthly,7,970.0,11640.0,3.0,58.0,6,2400.0,2022-05-15,2022-11-27,1,11640.0
RIQ-03663,Basic,Fintech,Hyderabad,Referral,Monthly,7,990.0,11880.0,1.0,54.0,8,4400.0,2023-08-19,,0,0.0
RIQ-03664,Pro,Fintech,Chennai,Organic Search,Monthly,12,1520.0,18240.0,1.0,33.0,16,14600.0,2023-04-11,,0,0.0
RIQ-03665,Basic,E-commerce,Mumbai,Email Campaign,Monthly,1,570.0,6840.0,3.0,43.0,10,3100.0,2022-02-23,2022-04-07,1,6840.0
RIQ-03666,Basic,Edtech,Bengaluru,Paid Search,Monthly,9,710.0,8520.0,2.0,48.0,12,4000.0,2022-09-23,,0,0.0
RIQ-03667,Enterprise,Fintech,Mumbai,Social Media,Annual,20,9790.0,117480.0,1.0,28.0,16,32800.0,2023-05-03,,0,0.0
RIQ-03668,Enterprise,Fintech,Delhi,Paid Search,Annual,36,6300.0,75600.0,1.0,80.0,18,57400.0,2022-04-19,,0,0.0
RIQ-03669,Basic,Edtech,Hyderabad,Organic Search,Annual,17,590.0,7080.0,0.0,51.0,4,2200.0,2022-09-28,,0,0.0
RIQ-03670,Basic,Edtech,Mumbai,Organic Search,Monthly,2,770.0,9240.0,0.0,70.0,11,2500.0,2023-03-28,,0,0.0
RIQ-03671,Basic,Healthcare,Chennai,Direct,Annual,12,670.0,8040.0,1.0,10.0,9,2500.0,2022-03-07,,0,0.0
RIQ-03672,Basic,E-commerce,Delhi,Social Media,Monthly,1,980.0,11760.0,2.0,74.0,11,3200.0,2022-12-18,,0,0.0
RIQ-03673,Basic,Edtech,Pune,Social Media,Monthly,5,630.0,7560.0,2.0,9.0,3,4200.0,2023-06-04,2023-11-09,1,7560.0
RIQ-03674,Pro,Fintech,Delhi,Paid Search,Monthly,8,2130.0,25560.0,0.0,78.0,20,14500.0,2023-04-08,,0,0.0
RIQ-03675,Basic,E-commerce,Mumbai,Social Media,Monthly,4,550.0,6600.0,3.0,58.0,7,4900.0,2022-03-28,2022-07-13,1,6600.0
RIQ-03676,Basic,Healthcare,Hyderabad,Referral,Monthly,9,760.0,9120.0,0.0,30.0,5,4100.0,2022-08-30,,0,0.0
RIQ-03677,Pro,Healthcare,Mumbai,Social Media,Monthly,27,2310.0,27720.0,0.0,57.0,9,14200.0,2023-09-21,,0,0.0
RIQ-03678,Basic,Healthcare,Pune,Organic Search,Monthly,11,540.0,6480.0,1.0,38.0,8,4500.0,2022-02-20,2023-01-28,1,6480.0
RIQ-03679,Basic,Edtech,Bengaluru,Social Media,Monthly,20,810.0,9720.0,1.0,55.0,2,3800.0,2022-08-19,,0,0.0
RIQ-03680,Pro,E-commerce,Mumbai,Social Media,Annual,18,2120.0,25440.0,0.0,80.0,15,7600.0,2022-09-15,,0,0.0
RIQ-03681,Pro,E-commerce,Mumbai,Organic Search,Annual,3,2380.0,28560.0,1.0,84.0,18,7600.0,2022-04-23,,0,0.0
RIQ-03682,Basic,Edtech,Chennai,Organic Search,Monthly,1,750.0,9000.0,2.0,39.0,9,2800.0,2023-02-02,2023-03-12,1,9000.0
RIQ-03683,Pro,Edtech,Pune,Direct,Monthly,11,1660.0,19920.0,0.0,67.0,14,7300.0,2023-01-05,,0,0.0
RIQ-03684,Pro,E-commerce,Bengaluru,Paid Search,Monthly,31,1680.0,20160.0,2.0,40.0,12,13300.0,2023-11-27,,0,0.0
RIQ-03685,Basic,Fintech,Hyderabad,Social Media,Monthly,19,820.0,9840.0,1.0,42.0,8,2600.0,2022-07-16,2024-02-20,1,9840.0
RIQ-03686,Pro,Fintech,Pune,Organic Search,Monthly,11,2320.0,27840.0,2.0,72.0,12,8600.0,2022-07-27,,0,0.0
RIQ-03687,Basic,E-commerce,Delhi,Referral,Annual,4,950.0,11400.0,6.0,67.0,10,2900.0,2022-01-19,,0,0.0
RIQ-03688,Pro,E-commerce,Chennai,Social Media,Monthly,3,2100.0,25200.0,1.0,51.0,10,6200.0,2022-12-05,2023-02-18,1,25200.0
RIQ-03689,Pro,Healthcare,Bengaluru,Referral,Annual,27,2360.0,28320.0,0.0,38.0,19,12900.0,2023-09-21,,0,0.0
RIQ-03690,Enterprise,E-commerce,Bengaluru,Paid Search,Annual,26,5360.0,64320.0,1.0,61.0,19,39900.0,2022-11-17,,0,0.0
RIQ-03691,Pro,Edtech,Mumbai,Organic Search,Monthly,36,2120.0,25440.0,1.0,77.0,16,11700.0,2022-07-06,,0,0.0
RIQ-03692,Basic,E-commerce,Delhi,Email Campaign,Monthly,5,970.0,11640.0,2.0,62.0,1,2900.0,2023-09-05,2024-02-10,1,11640.0
RIQ-03693,Basic,Fintech,Bengaluru,Email Campaign,Monthly,14,960.0,11520.0,2.0,36.0,3,4400.0,2023-05-01,2024-06-19,1,11520.0
RIQ-03694,Enterprise,E-commerce,Bengaluru,Social Media,Monthly,12,5770.0,69240.0,1.0,92.0,20,23300.0,2023-03-05,2024-02-15,1,69240.0
RIQ-03695,Enterprise,Fintech,Pune,Referral,Annual,16,9050.0,108600.0,1.0,79.0,28,49000.0,2022-05-18,,0,0.0
RIQ-03696,Basic,Edtech,Mumbai,Referral,Annual,6,580.0,6960.0,4.0,19.0,7,2900.0,2023-08-30,,0,0.0
RIQ-03697,Pro,E-commerce,Mumbai,Referral,Monthly,11,2450.0,29400.0,1.0,55.0,10,7400.0,2023-02-25,,0,0.0
RIQ-03698,Basic,Fintech,Pune,Organic Search,Monthly,21,880.0,10560.0,3.0,30.0,5,3200.0,2023-08-19,,0,0.0
RIQ-03699,Pro,E-commerce,Mumbai,Social Media,Annual,4,2220.0,26640.0,2.0,80.0,11,13400.0,2022-06-07,2022-10-10,1,26640.0
RIQ-03700,Enterprise,Edtech,Chennai,Social Media,Annual,8,8320.0,99840.0,1.0,59.0,28,33400.0,2022-07-04,,0,0.0
RIQ-03701,Basic,Fintech,Chennai,Paid Search,Monthly,5,630.0,7560.0,1.0,50.0,13,3900.0,2023-06-11,2023-10-24,1,7560.0
RIQ-03702,Pro,Edtech,Mumbai,Organic Search,Monthly,25,1700.0,20400.0,0.0,65.0,16,10800.0,2022-04-20,,0,0.0
RIQ-03703,Basic,Healthcare,Bengaluru,Organic Search,Annual,8,520.0,6240.0,4.0,61.0,5,3600.0,2023-08-11,,0,0.0
RIQ-03704,Basic,Edtech,Delhi,Paid Search,Monthly,1,580.0,6960.0,1.0,20.0,2,2500.0,2023-10-20,2023-11-06,1,6960.0
RIQ-03705,Basic,Fintech,Delhi,Email Campaign,Annual,2,590.0,7080.0,1.0,39.0,3,3100.0,2022-03-20,,0,0.0
RIQ-03706,Basic,Healthcare,Bengaluru,Organic Search,Monthly,10,940.0,11280.0,3.0,35.0,14,3600.0,2023-01-17,,0,0.0
RIQ-03707,Pro,Healthcare,Pune,Social Media,Annual,7,2030.0,24360.0,1.0,69.0,7,6100.0,2023-02-16,,0,0.0
RIQ-03708,Enterprise,E-commerce,Delhi,Referral,Annual,26,5550.0,66600.0,0.0,55.0,18,35600.0,2022-12-01,,0,0.0
RIQ-03709,Basic,E-commerce,Mumbai,Organic Search,Monthly,3,990.0,11880.0,1.0,56.0,1,4500.0,2022-05-17,2022-08-26,1,11880.0
RIQ-03710,Enterprise,Edtech,Mumbai,Paid Search,Annual,4,5890.0,70680.0,0.0,80.0,30,45500.0,2023-05-30,,0,0.0
RIQ-03711,Basic,E-commerce,Hyderabad,Organic Search,Annual,10,740.0,8880.0,2.0,0.0,8,3600.0,2022-11-18,,0,0.0
RIQ-03712,Basic,Healthcare,Mumbai,Paid Search,Annual,4,820.0,9840.0,2.0,37.0,9,4800.0,2022-10-16,,0,0.0
RIQ-03713,Pro,E-commerce,Hyderabad,Email Campaign,Monthly,23,2240.0,26880.0,1.0,56.0,5,7200.0,2023-09-03,,0,0.0
RIQ-03714,Basic,Healthcare,Chennai,Organic Search,Annual,2,590.0,7080.0,1.0,27.0,7,2400.0,2023-09-18,,0,0.0
RIQ-03715,Enterprise,E-commerce,Bengaluru,Organic Search,Annual,26,5890.0,70680.0,0.0,86.0,26,22600.0,2022-07-17,,0,0.0
RIQ-03716,Basic,E-commerce,Hyderabad,Direct,Monthly,8,640.0,7680.0,4.0,18.0,6,3600.0,2023-09-19,2024-05-09,1,7680.0
RIQ-03717,Basic,E-commerce,Delhi,Organic Search,Monthly,14,870.0,10440.0,1.0,39.0,10,4600.0,2023-06-08,2024-08-15,1,10440.0
RIQ-03718,Pro,Healthcare,Chennai,Paid Search,Annual,7,1610.0,19320.0,0.0,48.0,17,10000.0,2023-04-28,,0,0.0
RIQ-03719,Pro,E-commerce,Mumbai,Email Campaign,Annual,13,1910.0,22920.0,1.0,68.0,15,11500.0,2023-09-17,,0,0.0
RIQ-03720,Basic,E-commerce,Chennai,Organic Search,Annual,2,760.0,9120.0,2.0,49.0,11,3500.0,2023-10-30,2023-12-19,1,9120.0
RIQ-03721,Pro,Edtech,Bengaluru,Organic Search,Monthly,1,1520.0,18240.0,0.0,60.0,8,9700.0,2022-08-13,2022-09-25,1,18240.0
RIQ-03722,Pro,Healthcare,Chennai,Referral,Annual,24,2240.0,26880.0,2.0,53.0,11,9100.0,2022-01-03,,0,0.0
RIQ-03723,Basic,E-commerce,Delhi,Referral,Monthly,6,580.0,6960.0,2.0,44.0,4,3600.0,2022-12-11,2023-05-31,1,6960.0
RIQ-03724,Pro,E-commerce,Pune,Social Media,Annual,60,1820.0,21840.0,0.0,,10,7600.0,2022-02-17,,0,0.0
RIQ-03725,Enterprise,Edtech,Delhi,Direct,Annual,22,7650.0,91800.0,0.0,89.0,27,34200.0,2022-08-29,,0,0.0
RIQ-03726,Basic,E-commerce,Chennai,Organic Search,Monthly,2,840.0,10080.0,3.0,47.0,10,4400.0,2023-03-04,2023-05-14,1,10080.0
RIQ-03727,Basic,Healthcare,Bengaluru,Direct,Monthly,2,880.0,10560.0,5.0,72.0,5,3400.0,2022-03-05,2022-04-20,1,10560.0
RIQ-03728,Pro,E-commerce,Pune,Referral,Annual,13,2320.0,27840.0,0.0,73.0,16,13700.0,2023-03-23,,0,0.0
RIQ-03729,Basic,Fintech,Hyderabad,Paid Search,Annual,13,780.0,9360.0,1.0,54.0,7,4600.0,2022-07-31,,0,0.0
RIQ-03730,Basic,Healthcare,Mumbai,Social Media,Monthly,6,840.0,10080.0,3.0,43.0,14,4400.0,2022-07-28,2023-01-15,1,10080.0
RIQ-03731,Enterprise,Fintech,Bengaluru,Email Campaign,Annual,3,7530.0,90360.0,1.0,63.0,23,41700.0,2023-10-13,,0,0.0
RIQ-03732,Basic,Edtech,Mumbai,Direct,Annual,2,900.0,10800.0,1.0,52.0,2,2500.0,2023-02-17,,0,0.0
RIQ-03733,Basic,E-commerce,Mumbai,Paid Search,Monthly,7,780.0,9360.0,3.0,52.0,11,4900.0,2022-04-22,2022-11-03,1,9360.0
RIQ-03734,Basic,E-commerce,Bengaluru,Organic Search,Monthly,7,890.0,10680.0,8.0,39.0,7,4700.0,2022-07-25,,0,0.0
RIQ-03735,Basic,E-commerce,Bengaluru,Referral,Monthly,12,840.0,10080.0,1.0,59.0,3,4900.0,2023-06-05,2024-06-07,1,10080.0
RIQ-03736,Pro,Healthcare,Delhi,Organic Search,Monthly,4,2240.0,26880.0,3.0,73.0,12,8900.0,2022-03-06,,0,0.0
RIQ-03737,Pro,E-commerce,Delhi,Paid Search,Monthly,17,2240.0,26880.0,2.0,42.0,13,14100.0,2022-01-21,,0,0.0
RIQ-03738,Enterprise,Healthcare,Pune,Referral,Annual,60,5470.0,65640.0,2.0,73.0,18,34800.0,2022-02-14,,0,0.0
RIQ-03739,Basic,Fintech,Bengaluru,Direct,Monthly,2,790.0,9480.0,5.0,38.0,2,4700.0,2022-01-07,2022-03-13,1,9480.0
RIQ-03740,Basic,Fintech,Bengaluru,Social Media,Monthly,1,830.0,9960.0,3.0,46.0,1,4300.0,2022-09-30,2022-10-22,1,9960.0
RIQ-03741,Enterprise,E-commerce,Mumbai,Paid Search,Annual,25,7220.0,86640.0,0.0,68.0,27,47800.0,2023-02-24,,0,0.0
RIQ-03742,Enterprise,E-commerce,Hyderabad,Referral,Monthly,30,6760.0,81120.0,1.0,91.0,24,45700.0,2023-08-31,,0,0.0
RIQ-03743,Basic,Fintech,Pune,Referral,Annual,4,770.0,9240.0,,17.0,7,4000.0,2022-11-03,2023-02-27,1,9240.0
RIQ-03744,Basic,E-commerce,Hyderabad,Social Media,Annual,13,990.0,11880.0,1.0,75.0,1,3200.0,2022-06-04,2023-07-06,1,11880.0
RIQ-03745,Pro,E-commerce,Delhi,Paid Search,Annual,28,1900.0,22800.0,1.0,59.0,17,11500.0,2023-01-29,,0,0.0
RIQ-03746,Pro,E-commerce,Delhi,Social Media,Monthly,9,2330.0,27960.0,1.0,71.0,10,8800.0,2022-05-22,2023-02-11,1,27960.0
RIQ-03747,Basic,E-commerce,Delhi,Paid Search,Annual,6,780.0,9360.0,2.0,35.0,4,3000.0,2022-06-16,,0,0.0
RIQ-03748,Basic,Healthcare,Hyderabad,Organic Search,Monthly,28,720.0,8640.0,2.0,53.0,2,4300.0,2023-10-14,2026-01-16,1,8640.0
RIQ-03749,Pro,E-commerce,Chennai,Social Media,Monthly,34,2080.0,24960.0,1.0,82.0,8,8400.0,2023-09-15,,0,0.0
RIQ-03750,Basic,E-commerce,Delhi,Referral,Monthly,2,880.0,10560.0,5.0,46.0,9,3800.0,2023-02-26,2023-04-25,1,10560.0
RIQ-03751,Pro,Fintech,Bengaluru,Organic Search,Monthly,25,1940.0,23280.0,0.0,65.0,21,6200.0,2023-09-26,,0,0.0
RIQ-03752,Pro,Healthcare,Delhi,Direct,Annual,52,2280.0,27360.0,3.0,89.0,15,12100.0,2023-04-14,,0,0.0
RIQ-03753,pro,Fintech,Delhi,Organic Search,Annual,23,1850.0,22200.0,0.0,74.0,8,8600.0,2023-09-25,,0,0.0
RIQ-03754,Enterprise,E-commerce,Delhi,Referral,Annual,50,9770.0,117240.0,1.0,92.0,24,53900.0,2022-07-18,,0,0.0
RIQ-03755,Basic,E-commerce,Delhi,Organic Search,Annual,3,560.0,6720.0,1.0,46.0,5,2900.0,2023-04-19,2023-07-10,1,6720.0
RIQ-03756,Basic,Fintech,Delhi,Social Media,Annual,15,670.0,8040.0,1.0,46.0,3,3700.0,2023-02-13,2024-05-16,1,8040.0
RIQ-03757,Basic,E-commerce,Delhi,Organic Search,Monthly,4,690.0,8280.0,4.0,48.0,2,2100.0,2023-08-22,2023-12-22,1,8280.0
RIQ-03758,Basic,Edtech,Mumbai,Social Media,Annual,1,800.0,9600.0,1.0,47.0,4,3500.0,2023-11-10,2023-12-15,1,9600.0
RIQ-03759,Pro,Edtech,Bengaluru,Direct,Annual,13,2460.0,29520.0,0.0,68.0,17,14900.0,2022-05-02,,0,0.0
RIQ-03760,Basic,E-commerce,Delhi,Referral,Monthly,8,570.0,6840.0,4.0,20.0,2,3200.0,2023-04-15,2023-11-27,1,6840.0
RIQ-03761,Pro,E-commerce,Delhi,Email Campaign,Annual,1,1560.0,18720.0,3.0,50.0,16,10800.0,2023-07-12,,0,0.0
RIQ-03762,Basic,E-commerce,Bengaluru,Email Campaign,Monthly,17,760.0,9120.0,2.0,32.0,9,2000.0,2022-08-15,,0,0.0
RIQ-03763,Basic,Fintech,Bengaluru,Organic Search,Monthly,2,590.0,7080.0,2.0,61.0,10,2100.0,2023-11-13,2024-01-22,1,7080.0
RIQ-03764,Enterprise,E-commerce,Bengaluru,Social Media,Annual,1,7700.0,92400.0,1.0,94.0,21,30500.0,2022-08-31,,0,0.0
RIQ-03765,Pro,Fintech,Hyderabad,Referral,Annual,13,2350.0,28200.0,1.0,52.0,17,9700.0,2022-04-19,,0,0.0
RIQ-03766,Pro,Healthcare,Pune,Referral,Annual,14,1510.0,18120.0,1.0,42.0,7,14200.0,2023-04-03,,0,0.0
RIQ-03767,Pro,Healthcare,Bengaluru,Paid Search,Annual,8,1710.0,20520.0,1.0,80.0,10,9500.0,2023-11-27,,0,0.0
RIQ-03768,Basic,Fintech,Delhi,Social Media,Monthly,9,550.0,6600.0,3.0,36.0,4,3900.0,2023-09-03,2024-05-26,1,6600.0
RIQ-03769,Pro,Edtech,Hyderabad,Paid Search,Monthly,38,1860.0,22320.0,0.0,71.0,14,8300.0,2022-10-27,,0,0.0
RIQ-03770,Basic,Healthcare,Pune,Direct,Monthly,10,910.0,10920.0,1.0,44.0,9,4000.0,2023-07-09,,0,0.0
RIQ-03771,Basic,Edtech,Hyderabad,Organic Search,Monthly,2,720.0,8640.0,2.0,25.0,3,4300.0,2022-02-23,2022-04-25,1,8640.0
RIQ-03772,Basic,Fintech,Chennai,Organic Search,Monthly,6,830.0,9960.0,3.0,30.0,5,2500.0,2023-06-28,2023-12-25,1,9960.0
RIQ-03773,Basic,Fintech,Delhi,Referral,Annual,4,510.0,6120.0,4.0,24.0,1,4300.0,2023-10-09,,0,0.0
RIQ-03774,Pro,Fintech,Bengaluru,Social Media,Monthly,5,1620.0,19440.0,0.0,75.0,15,8700.0,2022-08-25,,0,0.0
RIQ-03775,Basic,Edtech,Mumbai,Email Campaign,Monthly,6,630.0,7560.0,1.0,22.0,8,4800.0,2023-09-08,2024-03-10,1,7560.0
RIQ-03776,Basic,E-commerce,Pune,Social Media,Monthly,8,670.0,8040.0,5.0,30.0,7,4700.0,2023-03-09,2023-11-06,1,8040.0
RIQ-03777,Enterprise,Fintech,Hyderabad,Organic Search,Annual,17,5820.0,69840.0,1.0,77.0,17,25000.0,2022-02-09,,0,0.0
RIQ-03778,Pro,Edtech,Chennai,Email Campaign,Annual,31,1820.0,21840.0,2.0,68.0,10,9900.0,2022-12-19,,0,0.0
RIQ-03779,Pro,E-commerce,Mumbai,Paid Search,Annual,4,1810.0,21720.0,3.0,62.0,13,7700.0,2023-03-12,,0,0.0
RIQ-03780,Basic,Healthcare,Chennai,Paid Search,Monthly,2,560.0,6720.0,1.0,68.0,8,2700.0,2022-01-09,2022-03-05,1,6720.0
RIQ-03781,Pro,Healthcare,Pune,Organic Search,Annual,10,1790.0,21480.0,1.0,22.0,14,8800.0,2022-01-31,,0,0.0
RIQ-03782,Basic,Healthcare,Mumbai,Organic Search,Monthly,2,650.0,7800.0,1.0,29.0,14,4400.0,2022-10-23,2022-12-28,1,7800.0
RIQ-03783,Basic,Fintech,Delhi,Paid Search,Monthly,1,720.0,8640.0,0.0,50.0,4,4500.0,2022-06-24,2022-07-12,1,8640.0
RIQ-03784,Basic,Edtech,Bengaluru,Organic Search,Monthly,12,660.0,7920.0,2.0,53.0,3,2200.0,2023-05-16,2024-05-21,1,7920.0
RIQ-03785,Basic,Healthcare,Bengaluru,Paid Search,Monthly,9,670.0,8040.0,1.0,60.0,7,4100.0,2022-04-15,2022-12-31,1,8040.0
RIQ-03786,Pro,Healthcare,Bengaluru,Organic Search,Monthly,35,1500.0,18000.0,0.0,55.0,11,11900.0,2022-09-13,,0,0.0
RIQ-03787,Basic,E-commerce,Hyderabad,Referral,Monthly,14,960.0,11520.0,1.0,26.0,6,4800.0,2022-03-11,,0,0.0
RIQ-03788,Basic,Edtech,Hyderabad,Social Media,Monthly,1,890.0,10680.0,1.0,32.0,5,4900.0,2022-05-27,2022-07-01,1,10680.0
RIQ-03789,Enterprise,E-commerce,Chennai,Social Media,Annual,7,6350.0,76200.0,0.0,71.0,28,33900.0,2023-10-20,,0,0.0
RIQ-03790,Pro,E-commerce,Mumbai,Organic Search,Monthly,27,1820.0,21840.0,1.0,86.0,11,8900.0,2023-11-23,,0,0.0
RIQ-03791,Enterprise,Fintech,Hyderabad,Referral,Annual,9,8340.0,100080.0,0.0,38.0,24,48500.0,2022-06-24,,0,0.0
RIQ-03792,Pro,E-commerce,Bengaluru,Paid Search,Annual,3,1810.0,21720.0,3.0,77.0,14,10500.0,2023-02-20,,0,0.0
RIQ-03793,Basic,Healthcare,Bengaluru,Referral,Monthly,1,810.0,9720.0,2.0,53.0,9,2200.0,2023-04-05,2023-04-22,1,9720.0
RIQ-03794,Basic,E-commerce,Delhi,Organic Search,Monthly,5,820.0,9840.0,1.0,49.0,3,3800.0,2023-01-07,2023-05-31,1,9840.0
RIQ-03795,Basic,Healthcare,Hyderabad,Organic Search,Monthly,4,630.0,7560.0,1.0,85.0,7,4300.0,2022-08-24,,0,0.0
RIQ-03796,Pro,Healthcare,Pune,Direct,Monthly,55,1640.0,19680.0,1.0,63.0,6,12600.0,2023-03-25,,0,0.0
RIQ-03797,Basic,E-commerce,Mumbai,Direct,Monthly,2,650.0,7800.0,1.0,20.0,10,2400.0,2023-04-18,,0,0.0
RIQ-03798,Basic,E-commerce,Bengaluru,Referral,Monthly,33,990.0,11880.0,3.0,20.0,7,2800.0,2023-04-16,2025-12-22,1,11880.0
RIQ-03799,Basic,E-commerce,Delhi,Referral,Monthly,1,520.0,6240.0,0.0,42.0,5,3500.0,2022-08-25,,0,0.0
RIQ-03800,Basic,Edtech,Hyderabad,Referral,Annual,1,560.0,6720.0,2.0,44.0,5,3300.0,2022-08-11,,0,0.0
RIQ-03801,Basic,Edtech,Bengaluru,Paid Search,Monthly,17,600.0,7200.0,2.0,47.0,7,4800.0,2023-10-22,2025-03-16,1,7200.0
RIQ-03802,Basic,Healthcare,Delhi,Organic Search,Annual,5,520.0,6240.0,2.0,28.0,1,3600.0,2023-05-01,2023-09-29,1,6240.0
RIQ-03803,Basic,Fintech,Pune,Social Media,Monthly,3,530.0,6360.0,1.0,13.0,7,3400.0,2022-06-28,,0,0.0
RIQ-03804,Pro,Edtech,Mumbai,Referral,Annual,60,2330.0,27960.0,1.0,45.0,13,12200.0,2023-03-22,,0,0.0
RIQ-03805,Pro,E-commerce,Mumbai,Referral,Annual,30,1620.0,19440.0,0.0,95.0,8,13500.0,2022-11-10,,0,0.0
RIQ-03806,Basic,Edtech,Pune,Email Campaign,Monthly,8,660.0,7920.0,1.0,72.0,5,3400.0,2022-08-20,,0,0.0
RIQ-03807,Basic,Edtech,Mumbai,Paid Search,Monthly,7,550.0,6600.0,1.0,35.0,9,2300.0,2023-08-02,2024-03-11,1,6600.0
RIQ-03808,Pro,Fintech,Chennai,Paid Search,Annual,13,1790.0,21480.0,3.0,32.0,13,12600.0,2023-01-26,,0,0.0
RIQ-03809,Enterprise,Fintech,Hyderabad,Social Media,Annual,27,6890.0,82680.0,0.0,78.0,24,57300.0,2022-06-16,,0,0.0
RIQ-03810,Basic,E-commerce,Chennai,Direct,Monthly,5,990.0,11880.0,3.0,21.0,6,4400.0,2022-08-18,2023-01-06,1,11880.0
RIQ-03811,Basic,Healthcare,Bengaluru,Paid Search,Annual,4,630.0,7560.0,0.0,43.0,1,4400.0,2023-01-21,2023-05-26,1,7560.0
RIQ-03812,Basic,Healthcare,Pune,Email Campaign,Monthly,7,530.0,6360.0,4.0,15.0,7,3800.0,2023-08-25,2024-03-25,1,6360.0
RIQ-03813,Basic,Edtech,Bengaluru,Paid Search,Annual,13,520.0,6240.0,2.0,53.0,10,3000.0,2023-09-02,2024-09-28,1,6240.0
RIQ-03814,Basic,E-commerce,Mumbai,Social Media,Monthly,18,950.0,11400.0,3.0,68.0,1,3000.0,2023-12-02,2025-06-01,1,11400.0
RIQ-03815,Basic,Edtech,Chennai,Direct,Annual,3,800.0,9600.0,2.0,45.0,11,3600.0,2023-11-11,,0,0.0
RIQ-03816,Pro,E-commerce,Hyderabad,Direct,Monthly,11,1790.0,21480.0,0.0,48.0,13,10600.0,2022-10-11,,0,0.0
RIQ-03817,Basic,Fintech,Bengaluru,Social Media,Annual,6,810.0,9720.0,3.0,37.0,5,4200.0,2023-11-18,2024-05-20,1,9720.0
RIQ-03818,Basic,E-commerce,Bengaluru,Organic Search,Monthly,12,780.0,9360.0,2.0,83.0,2,4500.0,2023-01-15,,0,0.0
RIQ-03819,Basic,E-commerce,Bengaluru,Organic Search,Monthly,10,850.0,10200.0,2.0,21.0,7,3600.0,2022-12-23,2023-10-28,1,10200.0
RIQ-03820,Basic,Edtech,Bengaluru,Paid Search,Monthly,13,920.0,11040.0,4.0,43.0,1,2400.0,2022-02-22,2023-03-09,1,11040.0
RIQ-03821,Basic,Edtech,Hyderabad,Organic Search,Annual,10,860.0,10320.0,3.0,55.0,5,4000.0,2023-09-16,,0,0.0
RIQ-03822,Basic,Fintech,Pune,Direct,Monthly,8,540.0,6480.0,4.0,60.0,7,3600.0,2022-05-21,2023-01-10,1,6480.0
RIQ-03823,Pro,Fintech,Mumbai,Referral,Monthly,9,2360.0,28320.0,4.0,52.0,14,14300.0,2022-03-25,,0,0.0
RIQ-03824,Enterprise,Edtech,Delhi,Social Media,Annual,58,7640.0,91680.0,0.0,92.0,19,51600.0,2022-09-26,,0,0.0
RIQ-03825,Pro,Fintech,Delhi,Email Campaign,Monthly,21,2290.0,27480.0,0.0,91.0,14,12800.0,2022-07-31,,0,0.0
RIQ-03826,Basic,Edtech,Mumbai,Social Media,Monthly,2,1000.0,12000.0,1.0,60.0,10,2300.0,2023-06-20,,0,0.0
RIQ-03827,Pro,Fintech,Bengaluru,Organic Search,Annual,53,1530.0,18360.0,0.0,63.0,21,12800.0,2023-06-25,,0,0.0
RIQ-03828,Basic,Fintech,Mumbai,Organic Search,Annual,2,560.0,6720.0,1.0,67.0,8,3700.0,2022-03-25,,0,0.0
RIQ-03829,Basic,Healthcare,Pune,Referral,Monthly,3,920.0,11040.0,2.0,50.0,11,2800.0,2022-03-23,,0,0.0
RIQ-03830,Pro,Healthcare,Delhi,Organic Search,Monthly,12,2390.0,28680.0,1.0,33.0,11,11600.0,2022-01-24,,0,0.0
RIQ-03831,Basic,Fintech,Delhi,Paid Search,Annual,23,980.0,11760.0,3.0,15.0,7,3900.0,2023-08-10,,0,0.0
RIQ-03832,Basic,Healthcare,Bengaluru,Social Media,Monthly,1,730.0,8760.0,4.0,54.0,1,2900.0,2022-02-18,2022-03-16,1,8760.0
RIQ-03833,Basic,Fintech,Delhi,Paid Search,Annual,7,710.0,8520.0,2.0,59.0,4,2700.0,2022-08-01,,0,0.0
RIQ-03834,Basic,Fintech,Delhi,Social Media,Monthly,3,910.0,10920.0,0.0,39.0,5,3500.0,2022-11-17,2023-02-23,1,10920.0
RIQ-03835,Enterprise,E-commerce,Delhi,Social Media,Annual,6,7320.0,87840.0,0.0,100.0,16,27800.0,2022-01-13,,0,0.0
RIQ-03836,Pro,E-commerce,Hyderabad,Social Media,Monthly,10,2170.0,26040.0,3.0,67.0,15,7100.0,2022-01-21,2022-11-25,1,26040.0
RIQ-03837,Basic,E-commerce,Hyderabad,Organic Search,Monthly,21,790.0,9480.0,2.0,33.0,4,4900.0,2022-01-11,2023-09-25,1,9480.0
RIQ-03838,Enterprise,Healthcare,Pune,Referral,Monthly,55,9920.0,119040.0,1.0,84.0,22,34000.0,2022-11-11,,0,0.0
RIQ-03839,Basic,E-commerce,Delhi,Social Media,Monthly,23,620.0,7440.0,2.0,18.0,7,3700.0,2023-03-13,2025-01-17,1,7440.0
RIQ-03840,Pro,E-commerce,Delhi,Paid Search,Annual,18,2030.0,24360.0,2.0,65.0,8,12500.0,2022-04-14,,0,0.0
RIQ-03841,Enterprise,Healthcare,Delhi,Paid Search,Annual,60,6640.0,79680.0,1.0,75.0,22,28300.0,2022-05-19,,0,0.0
RIQ-03842,Basic,Edtech,Delhi,Organic Search,Monthly,8,530.0,6360.0,3.0,34.0,11,4800.0,2022-12-18,,0,0.0
RIQ-03843,Basic,Fintech,Bengaluru,Email Campaign,Monthly,10,600.0,7200.0,3.0,5.0,2,4700.0,2023-02-16,2023-12-02,1,7200.0
RIQ-03844,Basic,E-commerce,Pune,Email Campaign,Monthly,15,750.0,9000.0,2.0,48.0,7,3200.0,2023-09-06,,0,0.0
RIQ-03845,Basic,E-commerce,Bengaluru,Email Campaign,Monthly,9,900.0,10800.0,3.0,19.0,8,2000.0,2022-03-03,2022-12-05,1,10800.0
RIQ-03846,Pro,E-commerce,Delhi,Paid Search,Annual,16,2370.0,28440.0,1.0,76.0,16,11700.0,2023-03-17,,0,0.0
RIQ-03847,Basic,Fintech,Pune,Organic Search,Monthly,5,830.0,9960.0,3.0,36.0,4,3000.0,2022-03-30,2022-09-01,1,9960.0
RIQ-03848,Basic,E-commerce,Pune,Referral,Monthly,1,790.0,9480.0,2.0,38.0,6,3100.0,2023-08-05,2023-08-25,1,9480.0
RIQ-03849,Enterprise,Fintech,Delhi,Email Campaign,Annual,7,6900.0,82800.0,2.0,85.0,26,21700.0,2022-09-10,,0,0.0
RIQ-03850,Basic,E-commerce,Mumbai,Paid Search,Annual,4,570.0,6840.0,0.0,64.0,3,2700.0,2023-06-05,2023-10-17,1,6840.0
RIQ-03851,Basic,E-commerce,Pune,Social Media,Monthly,33,930.0,11160.0,2.0,48.0,5,3800.0,2023-07-12,,0,0.0
RIQ-03852,Basic,Edtech,Pune,Social Media,Monthly,12,700.0,8400.0,6.0,32.0,1,2700.0,2022-12-18,2023-12-27,1,8400.0
RIQ-03853,Basic,Edtech,Mumbai,Referral,Annual,4,900.0,10800.0,2.0,42.0,4,2200.0,2022-09-20,,0,0.0
RIQ-03854,Basic,Healthcare,Pune,Referral,Monthly,18,520.0,6240.0,2.0,38.0,7,5000.0,2022-04-18,2023-10-14,1,6240.0
RIQ-03855,Basic,E-commerce,Pune,Email Campaign,Annual,2,820.0,9840.0,2.0,31.0,2,3600.0,2022-07-29,2022-09-22,1,9840.0
RIQ-03856,Basic,E-commerce,Chennai,Email Campaign,Annual,6,700.0,8400.0,3.0,60.0,4,4900.0,2022-09-29,2023-03-14,1,8400.0
RIQ-03857,Basic,Edtech,Pune,Organic Search,Monthly,9,830.0,9960.0,3.0,64.0,8,2400.0,2023-07-14,2024-03-25,1,9960.0
RIQ-03858,Enterprise,E-commerce,Bengaluru,Paid Search,Monthly,18,5710.0,68520.0,1.0,86.0,17,40400.0,2023-03-06,2024-08-18,1,68520.0
RIQ-03859,Basic,Edtech,Delhi,Social Media,Annual,6,550.0,6600.0,3.0,32.0,9,2800.0,2023-10-11,,0,0.0
RIQ-03860,Pro,Healthcare,Delhi,Paid Search,Monthly,2,2250.0,27000.0,2.0,86.0,9,7900.0,2022-08-24,2022-10-26,1,27000.0
RIQ-03861,Basic,Edtech,Bengaluru,Paid Search,Annual,7,700.0,8400.0,1.0,63.0,11,3300.0,2022-02-15,,0,0.0
RIQ-03862,Pro,Fintech,Delhi,Social Media,Annual,12,2360.0,28320.0,1.0,43.0,10,11600.0,2023-11-07,,0,0.0
RIQ-03863,Basic,E-commerce,Chennai,Referral,Monthly,18,500.0,6000.0,1.0,38.0,7,3500.0,2022-06-27,2023-12-09,1,6000.0
RIQ-03864,Basic,Healthcare,Delhi,Email Campaign,Monthly,14,810.0,9720.0,2.0,52.0,5,2800.0,2023-04-11,2024-06-13,1,9720.0
RIQ-03865,Pro,Fintech,Hyderabad,Email Campaign,Monthly,1,1610.0,19320.0,2.0,26.0,17,9000.0,2022-08-31,2022-10-11,1,19320.0
RIQ-03866,Pro,Healthcare,Hyderabad,Email Campaign,Monthly,3,1950.0,23400.0,0.0,73.0,8,8400.0,2023-05-18,,0,0.0
RIQ-03867,Pro,Fintech,Delhi,Paid Search,Annual,6,2140.0,25680.0,2.0,52.0,16,14600.0,2023-03-12,,0,0.0
RIQ-03868,Basic,Edtech,Chennai,Social Media,Monthly,11,890.0,10680.0,3.0,41.0,4,4500.0,2023-01-28,2024-01-04,1,10680.0
RIQ-03869,Pro,E-commerce,Pune,Referral,Annual,6,2330.0,27960.0,0.0,51.0,11,7900.0,2022-07-27,,0,0.0
RIQ-03870,Pro,Edtech,Mumbai,Social Media,Monthly,23,2020.0,24240.0,0.0,41.0,16,7800.0,2022-03-08,,0,0.0
RIQ-03871,Basic,Fintech,Bengaluru,Organic Search,Annual,9,820.0,9840.0,2.0,36.0,1,4900.0,2023-01-03,,0,0.0
RIQ-03872,Basic,Fintech,Delhi,Social Media,Monthly,11,700.0,8400.0,1.0,37.0,6,2000.0,2023-05-02,2024-03-26,1,8400.0
RIQ-03873,Pro,Edtech,Mumbai,Direct,Annual,17,1510.0,18120.0,0.0,69.0,10,7000.0,2022-01-13,,0,0.0
RIQ-03874,Basic,Fintech,Delhi,Email Campaign,Monthly,1,600.0,7200.0,4.0,81.0,2,3300.0,2023-10-15,2023-11-26,1,7200.0
RIQ-03875,Basic,Fintech,Pune,Referral,Annual,2,700.0,8400.0,2.0,41.0,6,2800.0,2022-12-24,,0,0.0
RIQ-03876,Pro,E-commerce,Chennai,Organic Search,Annual,1,1760.0,21120.0,0.0,61.0,10,13800.0,2023-11-02,,0,0.0
RIQ-03877,Pro,Fintech,Chennai,Organic Search,Annual,3,1580.0,18960.0,0.0,58.0,5,9200.0,2022-02-05,,0,0.0
RIQ-03878,Pro,Edtech,Delhi,Organic Search,Annual,15,1510.0,18120.0,3.0,48.0,10,6500.0,2022-10-14,,0,0.0
RIQ-03879,Pro,Fintech,Delhi,Email Campaign,Annual,3,2190.0,26280.0,0.0,75.0,6,7900.0,2022-10-06,,0,0.0
RIQ-03880,Pro,Edtech,Delhi,Referral,Monthly,26,2500.0,30000.0,1.0,49.0,14,6700.0,2022-09-03,2024-11-02,1,30000.0
RIQ-03881,Pro,Edtech,Mumbai,Social Media,Monthly,37,2210.0,26520.0,0.0,72.0,16,11700.0,2022-11-13,,0,0.0
RIQ-03882,Enterprise,Edtech,Mumbai,Organic Search,Annual,35,8750.0,105000.0,1.0,74.0,27,49200.0,2023-07-12,,0,0.0
RIQ-03883,Basic,E-commerce,Bengaluru,Email Campaign,Monthly,11,780.0,9360.0,2.0,59.0,1,3200.0,2022-06-04,2023-05-08,1,9360.0
RIQ-03884,Pro,E-commerce,Mumbai,Social Media,Monthly,7,1910.0,22920.0,3.0,95.0,12,6700.0,2022-07-07,,0,0.0
RIQ-03885,Pro,Edtech,Hyderabad,Organic Search,Annual,25,1800.0,21600.0,0.0,56.0,17,6100.0,2022-05-28,,0,0.0
RIQ-03886,Basic,E-commerce,Chennai,Social Media,Monthly,10,850.0,10200.0,1.0,48.0,4,2500.0,2023-11-21,2024-09-07,1,10200.0
RIQ-03887,Basic,Fintech,Delhi,Social Media,Monthly,9,810.0,9720.0,2.0,26.0,6,2900.0,2022-02-06,2022-10-25,1,9720.0
RIQ-03888,Pro,Edtech,Mumbai,Organic Search,Annual,53,1880.0,22560.0,1.0,77.0,19,7300.0,2022-02-21,,0,0.0
RIQ-03889,Basic,Fintech,Delhi,Organic Search,Annual,11,850.0,10200.0,2.0,65.0,2,2200.0,2022-06-23,,0,0.0
RIQ-03890,Pro,Fintech,Delhi,Organic Search,Annual,23,1530.0,18360.0,0.0,23.0,15,8100.0,2022-12-10,,0,0.0
RIQ-03891,Pro,E-commerce,Pune,Referral,Monthly,1,1910.0,22920.0,0.0,37.0,14,7800.0,2022-05-19,2022-06-05,1,22920.0
RIQ-03892,Enterprise,E-commerce,Delhi,Paid Search,Annual,38,7920.0,95040.0,2.0,45.0,28,32500.0,2022-01-11,,0,0.0
RIQ-03893,Pro,E-commerce,Pune,Social Media,Monthly,13,1560.0,18720.0,2.0,31.0,11,14600.0,2023-05-22,2024-06-07,1,18720.0
RIQ-03894,Basic,Healthcare,Pune,Paid Search,Monthly,1,510.0,6120.0,3.0,55.0,5,3800.0,2023-04-18,2023-05-09,1,6120.0
RIQ-03895,Basic,Edtech,Delhi,Email Campaign,Annual,23,520.0,6240.0,4.0,49.0,3,2500.0,2023-04-08,2025-02-16,1,6240.0
RIQ-03896,Basic,Healthcare,Delhi,Paid Search,Monthly,19,690.0,8280.0,0.0,31.0,5,3500.0,2022-02-12,2023-09-13,1,8280.0
RIQ-03897,Pro,Edtech,Hyderabad,Referral,Annual,14,1990.0,23880.0,3.0,75.0,20,13200.0,2022-07-10,,0,0.0
RIQ-03898,Basic,Edtech,Mumbai,Paid Search,Annual,6,930.0,11160.0,2.0,37.0,9,3200.0,2022-10-14,2023-04-20,1,11160.0
RIQ-03899,Basic,E-commerce,Chennai,Email Campaign,Annual,14,780.0,9360.0,3.0,28.0,5,4400.0,2023-07-15,,0,0.0
RIQ-03900,Enterprise,Fintech,Mumbai,Social Media,Annual,36,5030.0,60360.0,0.0,54.0,20,59300.0,2022-09-20,,0,0.0
RIQ-03901,Pro,Fintech,Delhi,Social Media,Annual,13,1640.0,19680.0,4.0,62.0,9,8600.0,2022-08-19,,0,0.0
RIQ-03902,Basic,Fintech,Delhi,Organic Search,Monthly,18,950.0,11400.0,2.0,43.0,11,2400.0,2022-07-08,2023-12-26,1,11400.0
RIQ-03903,Basic,Fintech,Delhi,Organic Search,Monthly,20,670.0,8040.0,1.0,53.0,1,3800.0,2022-08-08,2024-04-13,1,8040.0
RIQ-03904,Basic,Healthcare,Chennai,Email Campaign,Monthly,10,870.0,10440.0,3.0,36.0,7,4200.0,2023-11-12,,0,0.0
RIQ-03905,Basic,E-commerce,Bengaluru,Paid Search,Monthly,1,910.0,10920.0,1.0,56.0,1,2500.0,2023-05-01,2023-06-13,1,10920.0
RIQ-03906,Pro,Fintech,Hyderabad,Organic Search,Annual,5,1680.0,20160.0,1.0,68.0,19,8800.0,2023-10-19,,0,0.0
RIQ-03907,Basic,E-commerce,Hyderabad,Email Campaign,Annual,1,560.0,6720.0,1.0,27.0,6,2200.0,2023-02-23,,0,0.0
RIQ-03908,Enterprise,Healthcare,Mumbai,Organic Search,Annual,56,8600.0,103200.0,1.0,74.0,24,30800.0,2022-01-25,,0,0.0
RIQ-03909,Pro,E-commerce,Delhi,Paid Search,Annual,30,1840.0,22080.0,1.0,43.0,20,9200.0,2023-01-03,,0,0.0
RIQ-03910,Basic,Healthcare,Hyderabad,Organic Search,Monthly,13,560.0,6720.0,1.0,60.0,6,3700.0,2022-04-19,,0,0.0
RIQ-03911,Enterprise,E-commerce,Pune,Paid Search,Annual,3,7680.0,92160.0,2.0,49.0,23,36200.0,2022-04-04,2022-06-23,1,92160.0
RIQ-03912,Basic,Healthcare,Chennai,Social Media,Monthly,2,880.0,10560.0,2.0,30.0,5,3800.0,2022-10-20,2022-12-27,1,10560.0
RIQ-03913,Basic,E-commerce,Pune,Email Campaign,Monthly,1,740.0,8880.0,2.0,27.0,1,4600.0,2023-03-15,2023-04-24,1,8880.0
RIQ-03914,Basic,E-commerce,Chennai,Organic Search,Monthly,9,560.0,6720.0,0.0,34.0,7,3100.0,2023-04-20,,0,0.0
RIQ-03915,Basic,Edtech,Mumbai,Paid Search,Monthly,11,760.0,9120.0,0.0,40.0,4,2800.0,2022-11-16,2023-10-11,1,9120.0
RIQ-03916,Basic,E-commerce,Pune,Organic Search,Monthly,16,910.0,10920.0,1.0,76.0,9,4900.0,2023-07-25,,0,0.0
RIQ-03917,Basic,Healthcare,Delhi,Direct,Annual,4,520.0,6240.0,2.0,33.0,12,3900.0,2022-10-26,,0,0.0
RIQ-03918,Basic,E-commerce,Hyderabad,Direct,Monthly,8,650.0,7800.0,3.0,43.0,1,3700.0,2022-02-21,2022-10-16,1,7800.0
RIQ-03919,Enterprise,Healthcare,Pune,Organic Search,Annual,3,9120.0,109440.0,2.0,82.0,30,45000.0,2022-07-26,,0,0.0
RIQ-03920,Pro,E-commerce,Mumbai,Direct,Annual,7,2330.0,27960.0,1.0,25.0,13,8500.0,2022-11-30,,0,0.0
RIQ-03921,Basic,E-commerce,Hyderabad,Email Campaign,Monthly,9,720.0,8640.0,1.0,69.0,9,4800.0,2023-04-05,,0,0.0
RIQ-03922,Enterprise,Healthcare,Delhi,Paid Search,Annual,20,6120.0,73440.0,0.0,61.0,26,27500.0,2023-06-25,,0,0.0
RIQ-03923,Basic,Edtech,Hyderabad,Email Campaign,Monthly,1,860.0,10320.0,1.0,34.0,8,2200.0,2022-01-10,2022-01-30,1,10320.0
RIQ-03924,Basic,E-commerce,Bengaluru,Direct,Annual,2,740.0,8880.0,7.0,37.0,6,2000.0,2022-06-01,2022-08-12,1,8880.0
RIQ-03925,Basic,Fintech,Bengaluru,Social Media,Annual,3,600.0,7200.0,2.0,38.0,5,2000.0,2022-08-12,,0,0.0
RIQ-03926,Basic,Healthcare,Hyderabad,Social Media,Monthly,4,690.0,8280.0,1.0,22.0,6,4100.0,2022-10-26,2023-03-03,1,8280.0
RIQ-03927,Pro,Healthcare,Pune,Referral,Annual,25,1610.0,19320.0,1.0,49.0,13,10700.0,2022-01-05,,0,0.0
RIQ-03928,Pro,E-commerce,Delhi,Direct,Annual,2,2070.0,24840.0,1.0,66.0,11,7100.0,2022-04-03,,0,0.0
RIQ-03929,Pro,Fintech,Delhi,Paid Search,Monthly,23,1520.0,18240.0,1.0,40.0,11,12800.0,2022-04-05,,0,0.0
RIQ-03930,Enterprise,Fintech,Pune,Paid Search,Monthly,1,9100.0,109200.0,0.0,43.0,23,49700.0,2022-05-23,2022-06-28,1,109200.0
RIQ-03931,Pro,Fintech,Mumbai,Email Campaign,Monthly,23,2080.0,24960.0,0.0,70.0,12,11200.0,2023-06-29,,0,0.0
RIQ-03932,Basic,Edtech,Mumbai,Referral,Annual,48,860.0,10320.0,1.0,57.0,4,3200.0,2022-02-15,,0,0.0
RIQ-03933,Enterprise,Fintech,Mumbai,Social Media,Annual,17,6500.0,78000.0,1.0,78.0,22,41900.0,2022-03-26,,0,0.0
RIQ-03934,Enterprise,Edtech,Chennai,Paid Search,Monthly,60,7400.0,88800.0,2.0,59.0,21,20900.0,2022-09-22,,0,0.0
RIQ-03935,Enterprise,Fintech,Delhi,Direct,Monthly,38,7980.0,95760.0,3.0,91.0,23,30000.0,2023-08-27,,0,0.0
RIQ-03936,Basic,E-commerce,Mumbai,Email Campaign,Monthly,2,560.0,6720.0,5.0,48.0,1,4500.0,2022-04-10,2022-06-17,1,6720.0
RIQ-03937,Pro,Edtech,Pune,Social Media,Monthly,44,1600.0,19200.0,2.0,25.0,17,12000.0,2022-03-29,,0,0.0
RIQ-03938,Basic,E-commerce,Pune,Social Media,Monthly,3,680.0,8160.0,2.0,37.0,10,3500.0,2022-09-23,2022-12-17,1,8160.0
RIQ-03939,Pro,E-commerce,Delhi,Social Media,Annual,35,1810.0,21720.0,3.0,68.0,15,8300.0,2022-01-19,,0,0.0
RIQ-03940,Basic,E-commerce,Bengaluru,Email Campaign,Monthly,15,510.0,6120.0,1.0,0.0,10,2600.0,2023-01-07,,0,0.0
RIQ-03941,Basic,Fintech,Mumbai,Email Campaign,Monthly,11,700.0,8400.0,2.0,36.0,7,3100.0,2023-04-03,2024-02-22,1,8400.0
RIQ-03942,Basic,Fintech,Delhi,Paid Search,Monthly,1,640.0,7680.0,2.0,26.0,1,4600.0,2022-10-07,,0,0.0
RIQ-03943,Pro,Healthcare,Pune,Email Campaign,Annual,20,1550.0,18600.0,2.0,65.0,22,8400.0,2022-03-01,,0,0.0
RIQ-03944,Basic,E-commerce,Chennai,Direct,Annual,11,510.0,6120.0,0.0,44.0,4,4100.0,2022-05-23,,0,0.0
RIQ-03945,Enterprise,Fintech,Pune,Paid Search,Monthly,1,7530.0,90360.0,1.0,90.0,27,43900.0,2022-05-22,,0,0.0
RIQ-03946,Basic,Fintech,Mumbai,Social Media,Monthly,9,880.0,10560.0,1.0,17.0,2,2400.0,2022-01-02,,0,0.0
RIQ-03947,Basic,Healthcare,Bengaluru,Referral,Monthly,16,760.0,9120.0,1.0,51.0,4,4700.0,2023-05-28,,0,0.0
RIQ-03948,Basic,Edtech,Pune,Referral,Monthly,9,950.0,11400.0,1.0,69.0,6,2700.0,2023-04-24,,0,0.0
RIQ-03949,Basic,Healthcare,Hyderabad,Email Campaign,Annual,4,600.0,7200.0,3.0,66.0,1,4900.0,2022-11-16,2023-03-06,1,7200.0
RIQ-03950,Basic,Healthcare,Hyderabad,Social Media,Monthly,1,510.0,6120.0,2.0,16.0,9,2500.0,2022-10-29,2022-11-15,1,6120.0
RIQ-03951,Pro,E-commerce,Mumbai,Social Media,Monthly,1,2450.0,29400.0,3.0,52.0,11,10900.0,2023-07-19,2023-08-25,1,29400.0
RIQ-03952,Basic,Healthcare,Pune,Referral,Monthly,1,970.0,11640.0,1.0,39.0,3,4400.0,2023-10-06,2023-10-26,1,11640.0
RIQ-03953,Basic,E-commerce,Pune,Paid Search,Monthly,2,510.0,6120.0,1.0,18.0,8,4700.0,2023-11-13,2024-01-24,1,6120.0
RIQ-03954,Pro,E-commerce,Bengaluru,Direct,Annual,21,1960.0,23520.0,3.0,76.0,18,8400.0,2022-06-27,,0,0.0
RIQ-03955,Pro,Edtech,Delhi,Organic Search,Monthly,33,1550.0,18600.0,2.0,58.0,11,10700.0,2022-05-11,,0,0.0
RIQ-03956,Pro,Healthcare,Mumbai,Social Media,Monthly,60,1530.0,18360.0,1.0,41.0,10,14100.0,2022-06-29,,0,0.0
RIQ-03957,Basic,Fintech,Delhi,Referral,Monthly,3,990.0,11880.0,3.0,27.0,2,2200.0,2023-10-05,2024-01-01,1,11880.0
RIQ-03958,Basic,E-commerce,Delhi,Referral,Monthly,5,950.0,11400.0,2.0,29.0,1,4100.0,2023-06-30,,0,0.0
RIQ-03959,Basic,Fintech,Chennai,Social Media,Monthly,4,720.0,8640.0,1.0,21.0,2,4900.0,2022-11-29,2023-03-21,1,8640.0
RIQ-03960,Pro,Healthcare,Delhi,Organic Search,Annual,21,2470.0,29640.0,2.0,53.0,9,12500.0,2022-09-22,,0,0.0
RIQ-03961,Enterprise,Healthcare,Delhi,Referral,Annual,14,6530.0,78360.0,1.0,77.0,21,36800.0,2022-07-01,,0,0.0
RIQ-03962,Basic,Healthcare,Hyderabad,Referral,Monthly,7,610.0,7320.0,2.0,74.0,7,3100.0,2023-10-12,2024-05-03,1,7320.0
RIQ-03963,Pro,E-commerce,Mumbai,Email Campaign,Monthly,3,1590.0,19080.0,0.0,46.0,3,10500.0,2022-08-31,,0,0.0
RIQ-03964,Pro,Edtech,Delhi,Social Media,Annual,1,2120.0,25440.0,1.0,80.0,16,8800.0,2022-07-29,,0,0.0
RIQ-03965,Basic,E-commerce,Pune,Social Media,Annual,2,630.0,7560.0,2.0,16.0,5,4900.0,2022-12-25,2023-02-25,1,7560.0
RIQ-03966,Pro,Healthcare,Delhi,Paid Search,Annual,3,2030.0,24360.0,2.0,73.0,13,12800.0,2022-06-17,,0,0.0
RIQ-03967,Pro,Fintech,Chennai,Email Campaign,Monthly,44,1630.0,19560.0,1.0,57.0,18,7600.0,2023-04-15,,0,0.0
RIQ-03968,Basic,Fintech,Mumbai,Direct,Monthly,3,500.0,6000.0,1.0,7.0,8,3300.0,2023-02-06,2023-05-19,1,6000.0
RIQ-03969,Enterprise,E-commerce,Delhi,Referral,Annual,58,9660.0,115920.0,0.0,59.0,13,31000.0,2023-02-14,,0,0.0
RIQ-03970,Basic,E-commerce,Delhi,Paid Search,Monthly,2,540.0,6480.0,2.0,8.0,1,3300.0,2023-09-29,2023-12-11,1,6480.0
RIQ-03971,Basic,Edtech,Delhi,Social Media,Monthly,10,720.0,8640.0,0.0,51.0,5,4400.0,2022-10-04,,0,0.0
RIQ-03972,Basic,E-commerce,Delhi,Social Media,Monthly,6,540.0,6480.0,0.0,50.0,5,2200.0,2022-06-13,2022-12-13,1,6480.0
RIQ-03973,Basic,E-commerce,Bengaluru,Email Campaign,Annual,19,710.0,8520.0,2.0,22.0,9,4400.0,2022-04-22,,0,0.0
RIQ-03974,Pro,Fintech,Pune,Paid Search,Annual,12,2490.0,29880.0,0.0,75.0,23,8800.0,2022-05-30,,0,0.0
RIQ-03975,Pro,E-commerce,Chennai,Organic Search,Annual,27,1710.0,20520.0,2.0,38.0,19,9800.0,2022-02-24,,0,0.0
RIQ-03976,Pro,E-commerce,Hyderabad,Paid Search,Monthly,6,1880.0,22560.0,4.0,45.0,9,6800.0,2022-06-06,2022-12-18,1,22560.0
RIQ-03977,Pro,E-commerce,Delhi,Social Media,Annual,4,1930.0,23160.0,0.0,77.0,12,12800.0,2022-09-16,,0,0.0
RIQ-03978,Basic,Fintech,Chennai,Organic Search,Annual,1,630.0,7560.0,2.0,32.0,5,4900.0,2022-06-26,2022-07-11,1,7560.0
RIQ-03979,Pro,Fintech,Mumbai,Organic Search,Monthly,2,1780.0,21360.0,2.0,88.0,20,6900.0,2022-04-01,,0,0.0
RIQ-03980,Pro,E-commerce,Pune,Referral,Annual,1,1990.0,23880.0,1.0,56.0,17,6700.0,2022-07-20,,0,0.0
RIQ-03981,Basic,Edtech,Bengaluru,Social Media,Monthly,3,620.0,7440.0,3.0,64.0,5,2700.0,2023-11-16,2024-02-12,1,7440.0
RIQ-03982,Basic,Healthcare,Delhi,Paid Search,Monthly,6,890.0,10680.0,1.0,32.0,6,4600.0,2023-05-28,2023-12-06,1,10680.0
RIQ-03983,Basic,Edtech,Bengaluru,Organic Search,Monthly,4,760.0,9120.0,1.0,74.0,1,4400.0,2022-10-11,2023-02-11,1,9120.0
RIQ-03984,Basic,Fintech,Chennai,Organic Search,Monthly,1,700.0,8400.0,1.0,60.0,3,4500.0,2022-01-19,2022-02-14,1,8400.0
RIQ-03985,Enterprise,E-commerce,Mumbai,Paid Search,Annual,3,5910.0,70920.0,1.0,91.0,25,27800.0,2022-06-14,,0,0.0
RIQ-03986,Basic,Healthcare,Mumbai,Paid Search,Monthly,18,870.0,10440.0,1.0,13.0,8,4400.0,2022-03-26,,0,0.0
RIQ-03987,Basic,Edtech,Delhi,Email Campaign,Monthly,11,560.0,6720.0,1.0,34.0,10,2900.0,2023-02-16,2023-12-29,1,6720.0
RIQ-03988,Basic,Edtech,Pune,Social Media,Monthly,5,500.0,6000.0,1.0,0.0,4,3500.0,2022-09-03,,0,0.0
RIQ-03989,Basic,Fintech,Mumbai,Paid Search,Monthly,7,940.0,11280.0,0.0,47.0,1,5000.0,2023-01-30,2023-08-14,1,11280.0
RIQ-03990,Basic,Healthcare,Mumbai,Referral,Monthly,22,850.0,10200.0,1.0,42.0,1,3800.0,2022-04-18,,0,0.0
RIQ-03991,Basic,Edtech,Bengaluru,Social Media,Annual,6,800.0,9600.0,4.0,24.0,4,2300.0,2022-02-20,2022-08-06,1,9600.0
RIQ-03992,Pro,Edtech,Chennai,Social Media,Monthly,30,1710.0,20520.0,3.0,62.0,7,7000.0,2023-05-02,2025-10-29,1,20520.0
RIQ-03993,Pro,E-commerce,Delhi,Paid Search,Annual,4,2250.0,27000.0,0.0,50.0,13,11900.0,2023-08-27,2024-01-05,1,27000.0
RIQ-03994,Enterprise,Healthcare,Delhi,Paid Search,Annual,4,8900.0,106800.0,2.0,84.0,24,55400.0,2022-04-18,,0,0.0
RIQ-03995,Basic,Healthcare,Hyderabad,Paid Search,Monthly,5,580.0,6960.0,3.0,40.0,8,4100.0,2022-12-30,2023-06-04,1,6960.0
RIQ-03996,Basic,Healthcare,Delhi,Direct,Monthly,2,860.0,10320.0,0.0,43.0,2,3700.0,2022-09-22,2022-11-09,1,10320.0
RIQ-03997,Basic,Fintech,Chennai,Organic Search,Annual,4,730.0,8760.0,1.0,31.0,12,3000.0,2023-06-21,,0,0.0
RIQ-03998,Basic,Fintech,Pune,Email Campaign,Monthly,3,560.0,6720.0,2.0,64.0,2,3300.0,2022-07-30,2022-11-12,1,6720.0
RIQ-03999,Basic,E-commerce,Delhi,Email Campaign,Monthly,28,850.0,10200.0,3.0,40.0,3,3400.0,2022-01-24,,0,0.0
RIQ-04000,Enterprise,Edtech,Bengaluru,Paid Search,Annual,17,9340.0,112080.0,1.0,63.0,17,25500.0,2023-03-31,,0,0.0
RIQ-04001,Basic,Fintech,Bengaluru,Referral,Annual,16,730.0,8760.0,2.0,31.0,7,4100.0,2022-02-27,,0,0.0
RIQ-04002,Pro,E-commerce,Hyderabad,Organic Search,Annual,8,1600.0,19200.0,0.0,58.0,10,7000.0,2022-01-29,2022-09-28,1,19200.0
RIQ-04003,Basic,E-commerce,Hyderabad,Direct,Annual,14,990.0,11880.0,4.0,35.0,5,4700.0,2022-06-08,2023-07-22,1,11880.0
RIQ-04004,Pro,Edtech,Mumbai,Paid Search,Monthly,7,2090.0,25080.0,2.0,56.0,10,10400.0,2023-01-29,,0,0.0
RIQ-04005,Basic,Fintech,Hyderabad,Paid Search,Monthly,9,600.0,7200.0,2.0,30.0,11,2700.0,2022-12-13,2023-09-20,1,7200.0
RIQ-04006,Enterprise,Edtech,Mumbai,Organic Search,Annual,6,9320.0,111840.0,0.0,35.0,21,20600.0,2022-01-08,,0,0.0
RIQ-04007,Basic,Healthcare,Bengaluru,Referral,Annual,2,860.0,10320.0,0.0,36.0,3,4400.0,2023-07-17,2023-09-11,1,10320.0
RIQ-04008,Basic,Healthcare,Hyderabad,Social Media,Monthly,1,510.0,6120.0,1.0,73.0,10,2800.0,2022-06-23,2022-07-28,1,6120.0
RIQ-04009,Basic,Healthcare,Bengaluru,Referral,Annual,35,880.0,10560.0,2.0,55.0,8,4600.0,2022-08-07,,0,0.0
RIQ-04010,Basic,Edtech,Chennai,Referral,Annual,5,910.0,10920.0,0.0,69.0,1,3800.0,2023-02-05,,0,0.0
RIQ-04011,Basic,Fintech,Chennai,Social Media,Monthly,22,830.0,9960.0,5.0,50.0,8,3100.0,2023-01-27,2024-11-19,1,9960.0
RIQ-04012,Basic,Fintech,Bengaluru,Social Media,Annual,1,740.0,8880.0,1.0,48.0,5,3300.0,2023-02-03,2023-03-15,1,8880.0
RIQ-04013,Pro,Edtech,Mumbai,Direct,Monthly,9,2120.0,25440.0,1.0,51.0,11,13600.0,2022-05-02,,0,0.0
RIQ-04014,Basic,Healthcare,Hyderabad,Email Campaign,Monthly,16,680.0,8160.0,2.0,39.0,5,2300.0,2022-05-26,,0,0.0
RIQ-04015,Basic,Edtech,Mumbai,Referral,Monthly,36,700.0,8400.0,3.0,28.0,9,4500.0,2022-11-02,,0,0.0
RIQ-04016,Enterprise,Edtech,Chennai,Social Media,Annual,4,9640.0,115680.0,2.0,80.0,28,57600.0,2022-08-11,,0,0.0
RIQ-04017,Basic,E-commerce,Bengaluru,Email Campaign,Monthly,15,910.0,10920.0,1.0,73.0,1,2800.0,2023-06-20,2024-09-21,1,10920.0
RIQ-04018,Enterprise,Healthcare,Mumbai,Referral,Annual,1,6060.0,72720.0,0.0,75.0,22,43100.0,2022-04-26,,0,0.0
RIQ-04019,Pro,Healthcare,Mumbai,Email Campaign,Annual,31,1790.0,21480.0,1.0,56.0,12,8000.0,2022-10-27,,0,0.0
RIQ-04020,Pro,Edtech,Pune,Email Campaign,Monthly,14,2410.0,28920.0,0.0,43.0,12,6700.0,2023-03-12,2024-05-09,1,28920.0
RIQ-04021,Pro,E-commerce,Delhi,Direct,Annual,26,2360.0,28320.0,1.0,61.0,22,9300.0,2022-02-17,,0,0.0
RIQ-04022,Basic,Healthcare,Delhi,Paid Search,Monthly,5,740.0,8880.0,1.0,38.0,11,4400.0,2023-01-09,2023-06-17,1,8880.0
RIQ-04023,Pro,Healthcare,Mumbai,Paid Search,Monthly,3,1790.0,21480.0,4.0,56.0,10,13800.0,2022-09-08,,0,0.0
RIQ-04024,Basic,Fintech,Mumbai,Organic Search,Annual,3,660.0,7920.0,1.0,73.0,10,3600.0,2022-11-14,,0,0.0
RIQ-04025,Pro,Fintech,Delhi,Social Media,Monthly,9,2320.0,27840.0,0.0,45.0,18,9800.0,2022-10-10,,0,0.0
RIQ-04026,Pro,E-commerce,Delhi,Email Campaign,Annual,1,1650.0,19800.0,2.0,45.0,14,13100.0,2023-06-02,2023-07-13,1,19800.0
RIQ-04027,Basic,Healthcare,Delhi,Referral,Monthly,5,560.0,6720.0,2.0,24.0,2,3700.0,2023-04-29,2023-09-18,1,6720.0
RIQ-04028,Enterprise,Edtech,Bengaluru,Social Media,Annual,60,9320.0,111840.0,2.0,50.0,21,38000.0,2022-05-21,,0,0.0
RIQ-04029,Pro,E-commerce,Delhi,Social Media,Annual,3,1990.0,23880.0,0.0,70.0,6,11300.0,2022-04-11,,0,0.0
RIQ-04030,Basic,Edtech,Bengaluru,Organic Search,Monthly,5,750.0,9000.0,1.0,53.0,12,3100.0,2022-04-11,2022-09-03,1,9000.0
RIQ-04031,Basic,Edtech,Bengaluru,Paid Search,Monthly,12,820.0,9840.0,3.0,47.0,4,4400.0,2023-11-19,,0,0.0
RIQ-04032,Basic,E-commerce,Bengaluru,Paid Search,Monthly,4,690.0,8280.0,1.0,8.0,7,4400.0,2022-06-07,2022-09-29,1,8280.0
RIQ-04033,Basic,E-commerce,Chennai,Referral,Annual,13,990.0,11880.0,0.0,45.0,5,3300.0,2022-10-14,,0,0.0
RIQ-04034,Basic,Edtech,Mumbai,Email Campaign,Monthly,2,680.0,8160.0,2.0,51.0,6,2100.0,2023-03-29,2023-05-16,1,8160.0
RIQ-04035,Basic,E-commerce,Hyderabad,Referral,Annual,9,730.0,8760.0,3.0,67.0,2,3200.0,2023-01-06,,0,0.0
RIQ-04036,Basic,E-commerce,Delhi,Social Media,Annual,3,760.0,9120.0,2.0,67.0,1,2700.0,2023-10-19,2024-01-26,1,9120.0
RIQ-04037,Basic,Healthcare,Delhi,Email Campaign,Annual,6,550.0,6600.0,0.0,50.0,6,2900.0,2022-11-22,,0,0.0
RIQ-04038,Basic,Edtech,Delhi,Paid Search,Monthly,21,590.0,7080.0,1.0,9.0,1,4500.0,2023-03-29,2024-12-12,1,7080.0
RIQ-04039,Basic,Fintech,Bengaluru,Social Media,Monthly,9,660.0,7920.0,2.0,47.0,11,2500.0,2023-04-16,2024-01-17,1,7920.0
RIQ-04040,Pro,Fintech,Chennai,Social Media,Monthly,1,1830.0,21960.0,1.0,43.0,11,9600.0,2023-02-08,,0,0.0
RIQ-04041,Pro,E-commerce,Bengaluru,Referral,Annual,35,1950.0,23400.0,1.0,70.0,11,8700.0,2023-07-23,,0,0.0
RIQ-04042,Enterprise,Edtech,Mumbai,Referral,Monthly,57,7080.0,84960.0,1.0,80.0,23,55700.0,2022-09-14,,0,0.0
RIQ-04043,Basic,Edtech,Pune,Email Campaign,Annual,7,840.0,10080.0,1.0,34.0,3,3400.0,2022-05-28,,0,0.0
RIQ-04044,Pro,Healthcare,Hyderabad,Social Media,Annual,16,1710.0,20520.0,1.0,52.0,11,10900.0,2022-12-13,,0,0.0
RIQ-04045,Basic,Healthcare,Bengaluru,Social Media,Monthly,15,740.0,8880.0,2.0,47.0,4,3800.0,2022-05-22,2023-08-11,1,8880.0
RIQ-04046,Pro,Healthcare,Delhi,Social Media,Annual,30,2220.0,26640.0,0.0,63.0,8,9700.0,2023-05-02,,0,0.0
RIQ-04047,Basic,Edtech,Bengaluru,Referral,Monthly,12,510.0,6120.0,3.0,44.0,10,4800.0,2022-09-27,2023-09-23,1,6120.0
RIQ-04048,Pro,Edtech,Hyderabad,Social Media,Monthly,1,2180.0,26160.0,1.0,32.0,10,13000.0,2022-06-30,2022-07-16,1,26160.0
RIQ-04049,Pro,Fintech,Delhi,Social Media,Annual,10,1760.0,21120.0,0.0,46.0,11,12200.0,2022-12-22,,0,0.0
RIQ-04050,Basic,Fintech,Bengaluru,Organic Search,Annual,14,800.0,9600.0,2.0,39.0,13,2600.0,2022-05-29,2023-07-23,1,9600.0
RIQ-04051,Basic,Healthcare,Hyderabad,Email Campaign,Annual,5,950.0,11400.0,2.0,58.0,8,4600.0,2023-09-03,,0,0.0
RIQ-04052,Basic,Healthcare,Hyderabad,Email Campaign,Annual,9,500.0,6000.0,,34.0,7,4000.0,2022-07-16,,0,0.0
RIQ-04053,Basic,Fintech,Mumbai,Organic Search,Monthly,2,530.0,6360.0,1.0,38.0,3,3800.0,2023-05-01,2023-07-01,1,6360.0
RIQ-04054,Pro,Fintech,Chennai,Organic Search,Annual,33,1840.0,22080.0,1.0,46.0,12,6700.0,2022-06-12,,0,0.0
RIQ-04055,Pro,Healthcare,Pune,Referral,Annual,12,1530.0,18360.0,2.0,49.0,21,13600.0,2023-06-24,,0,0.0
RIQ-04056,Pro,Healthcare,Pune,Organic Search,Annual,1,2360.0,28320.0,1.0,75.0,9,7900.0,2022-05-14,,0,0.0
RIQ-04057,Basic,E-commerce,Delhi,Social Media,Monthly,3,590.0,7080.0,4.0,56.0,3,3400.0,2023-10-21,2024-01-08,1,7080.0
RIQ-04058,Basic,E-commerce,Bengaluru,Social Media,Monthly,5,730.0,8760.0,1.0,27.0,3,4700.0,2023-01-15,2023-06-19,1,8760.0
RIQ-04059,Pro,E-commerce,Chennai,Paid Search,Annual,20,1990.0,23880.0,0.0,53.0,22,13000.0,2023-03-10,,0,0.0
RIQ-04060,Basic,Fintech,Pune,Paid Search,Monthly,4,940.0,11280.0,0.0,63.0,2,2900.0,2023-01-16,2023-05-04,1,11280.0
RIQ-04061,Pro,Fintech,Bengaluru,Direct,Annual,14,2050.0,24600.0,2.0,47.0,15,14500.0,2022-02-03,,0,0.0
RIQ-04062,Basic,Fintech,Pune,Social Media,Monthly,19,980.0,11760.0,3.0,41.0,10,3800.0,2022-01-09,2023-07-24,1,11760.0
RIQ-04063,Basic,Edtech,Delhi,Direct,Monthly,7,950.0,11400.0,2.0,16.0,4,5000.0,2023-02-28,2023-10-11,1,11400.0
RIQ-04064,Pro,Healthcare,Hyderabad,Paid Search,Annual,15,2500.0,30000.0,1.0,93.0,13,9600.0,2022-09-30,,0,0.0
RIQ-04065,Pro,Fintech,Hyderabad,Paid Search,Monthly,6,1580.0,18960.0,0.0,72.0,16,6600.0,2023-03-09,2023-09-07,1,18960.0
RIQ-04066,Pro,Edtech,Mumbai,Organic Search,Monthly,1,2390.0,28680.0,1.0,50.0,10,13300.0,2022-01-20,,0,0.0
RIQ-04067,Pro,Edtech,Mumbai,Referral,Monthly,26,2420.0,29040.0,0.0,63.0,9,6400.0,2023-04-02,,0,0.0
RIQ-04068,Pro,E-commerce,Pune,Referral,Annual,4,1510.0,18120.0,1.0,54.0,12,7800.0,2022-02-03,,0,0.0
RIQ-04069,Basic,E-commerce,Chennai,Referral,Annual,8,920.0,11040.0,3.0,35.0,12,2800.0,2022-07-07,,0,0.0
RIQ-04070,Pro,Healthcare,Chennai,Organic Search,Monthly,4,2350.0,28200.0,2.0,63.0,12,8500.0,2023-03-28,,0,0.0
RIQ-04071,Basic,Fintech,Chennai,Social Media,Monthly,1,990.0,11880.0,3.0,52.0,6,2000.0,2023-07-23,,0,0.0
RIQ-04072,Basic,Fintech,Mumbai,Paid Search,Monthly,9,870.0,10440.0,0.0,39.0,3,2200.0,2022-11-29,2023-08-19,1,10440.0
RIQ-04073,Basic,Fintech,Delhi,Organic Search,Monthly,8,810.0,9720.0,3.0,28.0,7,2300.0,2023-07-18,2024-03-09,1,9720.0
RIQ-04074,Pro,Edtech,Chennai,Direct,Annual,60,1720.0,20640.0,0.0,35.0,20,14900.0,2023-04-19,,0,0.0
RIQ-04075,Basic,Fintech,Chennai,Social Media,Monthly,4,770.0,9240.0,5.0,62.0,11,4700.0,2022-03-31,2022-07-19,1,9240.0
RIQ-04076,Basic,Fintech,Bengaluru,Paid Search,Monthly,14,670.0,8040.0,2.0,24.0,4,4900.0,2022-02-18,2023-04-08,1,8040.0
RIQ-04077,Basic,Edtech,Bengaluru,Social Media,Monthly,5,560.0,6720.0,1.0,62.0,7,3300.0,2023-03-17,2023-08-21,1,6720.0
RIQ-04078,Pro,E-commerce,Delhi,Email Campaign,Monthly,14,1670.0,20040.0,0.0,75.0,17,8700.0,2022-06-20,,0,0.0
RIQ-04079,Pro,Edtech,Hyderabad,Paid Search,Monthly,6,2090.0,25080.0,0.0,94.0,21,11600.0,2022-09-29,,0,0.0
RIQ-04080,Basic,Fintech,Pune,Organic Search,Annual,8,730.0,8760.0,1.0,58.0,14,4600.0,2022-01-01,2022-08-30,1,8760.0
RIQ-04081,Basic,Healthcare,Hyderabad,Referral,Monthly,4,710.0,8520.0,0.0,35.0,2,4300.0,2023-05-23,2023-09-16,1,8520.0
RIQ-04082,Enterprise,Edtech,Mumbai,Referral,Annual,35,5220.0,62640.0,1.0,93.0,16,42600.0,2022-01-11,,0,0.0
RIQ-04083,Basic,Healthcare,Mumbai,Paid Search,Monthly,8,920.0,11040.0,3.0,57.0,2,2100.0,2022-06-25,2023-02-24,1,11040.0
RIQ-04084,Enterprise,Fintech,Delhi,Email Campaign,Annual,34,6860.0,82320.0,1.0,75.0,25,21300.0,2022-11-03,,0,0.0
RIQ-04085,Pro,Edtech,Pune,Organic Search,Annual,20,1760.0,21120.0,1.0,42.0,14,11300.0,2023-08-10,,0,0.0
RIQ-04086,Pro,Edtech,Chennai,Email Campaign,Annual,8,1660.0,19920.0,1.0,58.0,8,7600.0,2022-07-17,,0,0.0
RIQ-04087,Basic,Edtech,Bengaluru,Email Campaign,Annual,21,620.0,7440.0,0.0,36.0,7,2500.0,2022-03-10,2023-11-16,1,7440.0
RIQ-04088,Pro,E-commerce,Bengaluru,Referral,Annual,4,1830.0,21960.0,0.0,63.0,7,14000.0,2022-03-02,,0,0.0
RIQ-04089,Basic,E-commerce,Pune,Social Media,Annual,2,670.0,8040.0,1.0,49.0,5,4400.0,2022-12-03,,0,0.0
RIQ-04090,Basic,E-commerce,Bengaluru,Paid Search,Annual,19,930.0,11160.0,0.0,58.0,11,3500.0,2023-08-18,,0,0.0
RIQ-04091,Pro,Healthcare,Mumbai,Organic Search,Annual,9,2190.0,26280.0,1.0,60.0,20,12800.0,2022-08-02,,0,0.0
RIQ-04092,Pro,Edtech,Bengaluru,Paid Search,Monthly,2,2370.0,28440.0,2.0,90.0,12,14300.0,2022-10-29,2023-01-09,1,28440.0
RIQ-04093,Basic,Edtech,Mumbai,Organic Search,Monthly,21,570.0,6840.0,1.0,30.0,10,2100.0,2023-07-05,,0,0.0
RIQ-04094,Enterprise,E-commerce,Pune,Email Campaign,Annual,29,10000.0,120000.0,1.0,79.0,18,51500.0,2022-08-25,,0,0.0
RIQ-04095,Basic,E-commerce,Bengaluru,Referral,Annual,1,880.0,10560.0,2.0,30.0,2,4600.0,2022-04-03,2022-04-23,1,10560.0
RIQ-04096,Basic,Fintech,Delhi,Organic Search,Monthly,9,870.0,10440.0,2.0,67.0,10,2900.0,2023-02-07,,0,0.0
RIQ-04097,Enterprise,E-commerce,Bengaluru,Referral,Annual,8,5670.0,68040.0,3.0,68.0,27,39900.0,2022-02-27,,0,0.0
RIQ-04098,Enterprise,Edtech,Pune,Organic Search,Annual,41,5990.0,71880.0,0.0,73.0,18,31100.0,2023-05-08,,0,0.0
RIQ-04099,Basic,Fintech,Hyderabad,Organic Search,Monthly,3,530.0,6360.0,1.0,28.0,2,2500.0,2022-01-16,2022-04-13,1,6360.0
RIQ-04100,Basic,E-commerce,Pune,Email Campaign,Monthly,3,550.0,6600.0,0.0,51.0,6,3300.0,2022-07-28,2022-11-08,1,6600.0
RIQ-04101,Basic,Fintech,Chennai,Email Campaign,Monthly,7,790.0,9480.0,2.0,25.0,3,3300.0,2022-07-05,2023-01-28,1,9480.0
RIQ-04102,Pro,Fintech,Mumbai,Organic Search,Annual,4,1870.0,22440.0,0.0,48.0,13,9800.0,2023-02-15,,0,0.0
RIQ-04103,Basic,Fintech,Mumbai,Social Media,Monthly,16,740.0,8880.0,1.0,53.0,9,4000.0,2022-06-04,,0,0.0
RIQ-04104,Basic,Fintech,Bengaluru,Direct,Monthly,1,620.0,7440.0,2.0,38.0,6,4700.0,2022-04-16,2022-05-29,1,7440.0
RIQ-04105,Basic,Edtech,Delhi,Paid Search,Monthly,5,710.0,8520.0,1.0,13.0,5,4300.0,2023-04-05,2023-09-12,1,8520.0
RIQ-04106,Enterprise,E-commerce,Hyderabad,Referral,Annual,52,5790.0,69480.0,4.0,100.0,24,25500.0,2023-06-30,,0,0.0
RIQ-04107,Basic,E-commerce,Pune,Direct,Annual,1,530.0,6360.0,3.0,39.0,18,4100.0,2022-06-20,,0,0.0
RIQ-04108,Basic,Fintech,Chennai,Organic Search,Annual,4,930.0,11160.0,3.0,51.0,7,2000.0,2022-12-30,,0,0.0
RIQ-04109,Basic,Edtech,Delhi,Social Media,Annual,11,880.0,10560.0,2.0,70.0,3,3700.0,2022-04-13,,0,0.0
RIQ-04110,Pro,E-commerce,Chennai,Direct,Annual,15,2340.0,28080.0,0.0,38.0,13,10400.0,2023-06-14,,0,0.0
RIQ-04111,Basic,E-commerce,Mumbai,Paid Search,Monthly,1,820.0,9840.0,3.0,41.0,4,3800.0,2022-09-25,2022-10-24,1,9840.0
RIQ-04112,Basic,Edtech,Hyderabad,Email Campaign,Monthly,21,620.0,7440.0,1.0,36.0,7,2500.0,2022-05-15,,0,0.0
RIQ-04113,Pro,Fintech,Mumbai,Direct,Annual,4,2210.0,26520.0,0.0,73.0,15,12100.0,2022-09-18,,0,0.0
RIQ-04114,Basic,E-commerce,Hyderabad,Paid Search,Monthly,22,770.0,9240.0,1.0,0.0,8,2500.0,2022-04-23,2024-02-15,1,9240.0
RIQ-04115,Basic,Healthcare,Bengaluru,Social Media,Monthly,7,880.0,10560.0,3.0,16.0,7,2100.0,2023-05-10,2023-12-06,1,10560.0
RIQ-04116,Basic,Fintech,Delhi,Direct,Monthly,3,790.0,9480.0,2.0,31.0,4,2700.0,2022-08-02,2022-11-13,1,9480.0
RIQ-04117,Pro,E-commerce,Chennai,Social Media,Annual,16,2060.0,24720.0,0.0,25.0,17,13900.0,2022-12-29,,0,0.0
RIQ-04118,Pro,Fintech,Hyderabad,Organic Search,Monthly,20,1660.0,19920.0,0.0,65.0,6,12000.0,2023-04-24,,0,0.0
RIQ-04119,Basic,Healthcare,Delhi,Referral,Monthly,15,640.0,7680.0,2.0,31.0,8,3000.0,2023-06-17,,0,0.0
RIQ-04120,Basic,Fintech,Mumbai,Organic Search,Annual,5,870.0,10440.0,4.0,75.0,10,2600.0,2023-06-28,,0,0.0
RIQ-04121,Basic,Edtech,Pune,Organic Search,Monthly,1,890.0,10680.0,1.0,47.0,5,4400.0,2023-03-24,2023-04-30,1,10680.0
RIQ-04122,Basic,Edtech,Delhi,Social Media,Annual,3,510.0,6120.0,3.0,45.0,4,3200.0,2023-06-05,2023-08-27,1,6120.0
RIQ-04123,Basic,Healthcare,Mumbai,Paid Search,Annual,7,580.0,6960.0,2.0,89.0,12,4800.0,2022-11-09,,0,0.0
RIQ-04124,Pro,E-commerce,Mumbai,Referral,Monthly,33,1820.0,21840.0,1.0,44.0,23,11300.0,2023-01-18,,0,0.0
RIQ-04125,Basic,Edtech,Bengaluru,Paid Search,Annual,5,580.0,6960.0,2.0,65.0,6,4600.0,2022-07-07,,0,0.0
RIQ-04126,Basic,Fintech,Delhi,Social Media,Monthly,1,590.0,7080.0,2.0,44.0,7,3900.0,2023-11-11,2023-12-25,1,7080.0
RIQ-04127,Basic,Fintech,Delhi,Email Campaign,Monthly,8,650.0,7800.0,1.0,51.0,12,3200.0,2022-06-26,2023-02-23,1,7800.0
RIQ-04128,Pro,Edtech,Bengaluru,Organic Search,Annual,7,1680.0,20160.0,1.0,68.0,17,14500.0,2022-01-14,,0,0.0
RIQ-04129,Basic,Fintech,Delhi,Social Media,Monthly,10,620.0,7440.0,1.0,44.0,12,2900.0,2022-10-08,2023-07-22,1,7440.0
RIQ-04130,Basic,Fintech,Pune,Social Media,Monthly,10,890.0,10680.0,2.0,42.0,12,4000.0,2023-09-13,2024-07-16,1,10680.0
RIQ-04131,Basic,Edtech,Mumbai,Email Campaign,Monthly,1,720.0,8640.0,4.0,31.0,6,3200.0,2022-05-18,,0,0.0
RIQ-04132,Enterprise,Fintech,Bengaluru,Direct,Annual,4,9460.0,113520.0,1.0,82.0,25,27800.0,2022-02-23,,0,0.0
RIQ-04133,Enterprise,Fintech,Pune,Email Campaign,Monthly,5,5330.0,63960.0,1.0,74.0,22,29300.0,2022-10-19,,0,0.0
RIQ-04134,Basic,Edtech,Pune,Paid Search,Monthly,7,540.0,6480.0,2.0,45.0,1,2700.0,2022-03-28,2022-10-27,1,6480.0
RIQ-04135,Basic,Fintech,Pune,Organic Search,Monthly,2,810.0,9720.0,1.0,23.0,10,2900.0,2022-05-18,2022-07-07,1,9720.0
RIQ-04136,Basic,Healthcare,Chennai,Social Media,Monthly,7,790.0,9480.0,0.0,56.0,12,2000.0,2023-01-27,2023-09-06,1,9480.0
RIQ-04137,Basic,E-commerce,Hyderabad,Direct,Monthly,12,960.0,11520.0,2.0,14.0,10,3500.0,2022-05-28,2023-05-22,1,11520.0
RIQ-04138,Basic,E-commerce,Mumbai,Paid Search,Annual,6,700.0,8400.0,1.0,40.0,5,4500.0,2023-03-05,2023-09-12,1,8400.0
RIQ-04139,Basic,Fintech,Delhi,Social Media,Monthly,2,560.0,6720.0,,36.0,4,4100.0,2022-10-16,2022-12-06,1,6720.0
RIQ-04140,Basic,Fintech,Delhi,Email Campaign,Annual,7,510.0,6120.0,3.0,48.0,4,2700.0,2022-11-30,,0,0.0
RIQ-04141,Basic,E-commerce,Delhi,Direct,Monthly,3,540.0,6480.0,2.0,43.0,5,2400.0,2023-03-12,2023-06-16,1,6480.0
RIQ-04142,Basic,E-commerce,Mumbai,Paid Search,Monthly,4,990.0,11880.0,0.0,26.0,9,3200.0,2022-07-22,2022-11-29,1,11880.0
RIQ-04143,Enterprise,E-commerce,Mumbai,Email Campaign,Annual,49,8090.0,97080.0,0.0,78.0,21,32000.0,2022-10-17,,0,0.0
RIQ-04144,Pro,Edtech,Pune,Social Media,Monthly,2,2440.0,29280.0,1.0,59.0,16,14100.0,2022-04-12,2022-06-08,1,29280.0
RIQ-04145,Pro,Edtech,Pune,Organic Search,Annual,11,2410.0,28920.0,1.0,72.0,12,10200.0,2022-07-21,,0,0.0
RIQ-04146,Pro,Edtech,Pune,Referral,Monthly,19,1890.0,22680.0,0.0,71.0,7,9800.0,2023-01-06,,0,0.0
RIQ-04147,Enterprise,E-commerce,Chennai,Organic Search,Annual,18,5160.0,61920.0,1.0,96.0,22,27200.0,2022-08-02,,0,0.0
RIQ-04148,Pro,Fintech,Chennai,Organic Search,Monthly,38,2470.0,29640.0,1.0,77.0,16,13300.0,2022-10-12,,0,0.0
RIQ-04149,Pro,E-commerce,Hyderabad,Direct,Annual,11,2360.0,28320.0,2.0,43.0,16,10000.0,2022-04-13,,0,0.0
RIQ-04150,Pro,Fintech,Pune,Referral,Monthly,12,2330.0,27960.0,2.0,50.0,11,11100.0,2023-05-22,,0,0.0
RIQ-04151,Basic,Fintech,Delhi,Referral,Monthly,2,850.0,10200.0,2.0,39.0,4,2500.0,2022-02-12,2022-04-26,1,10200.0
RIQ-04152,Basic,Healthcare,Mumbai,Organic Search,Monthly,17,630.0,7560.0,1.0,35.0,6,2200.0,2022-10-01,,0,0.0
RIQ-04153,Enterprise,Edtech,Pune,Organic Search,Annual,16,6730.0,80760.0,0.0,26.0,21,35500.0,2022-12-10,,0,0.0
RIQ-04154,Pro,E-commerce,Bengaluru,Email Campaign,Annual,1,1750.0,21000.0,1.0,56.0,13,6100.0,2023-08-07,,0,0.0
RIQ-04155,Basic,Healthcare,Bengaluru,Email Campaign,Monthly,4,650.0,7800.0,1.0,68.0,1,4200.0,2023-07-03,2023-10-27,1,7800.0
RIQ-04156,Pro,Edtech,Hyderabad,Organic Search,Annual,32,1920.0,23040.0,0.0,22.0,12,12200.0,2023-08-05,,0,0.0
RIQ-04157,Basic,Fintech,Mumbai,Organic Search,Annual,15,760.0,9120.0,0.0,51.0,1,2200.0,2022-09-30,,0,0.0
RIQ-04158,Basic,E-commerce,Mumbai,Organic Search,Monthly,23,800.0,9600.0,0.0,58.0,6,4600.0,2022-08-21,2024-07-12,1,9600.0
RIQ-04159,Pro,Healthcare,Delhi,Paid Search,Monthly,5,2240.0,26880.0,1.0,77.0,19,9500.0,2022-10-02,,0,0.0
RIQ-04160,Basic,Fintech,Bengaluru,Referral,Monthly,1,660.0,7920.0,3.0,44.0,5,2000.0,2023-08-28,2023-10-01,1,7920.0
RIQ-04161,Pro,E-commerce,Delhi,Social Media,Monthly,15,1720.0,20640.0,3.0,26.0,20,12000.0,2023-07-01,,0,0.0
RIQ-04162,Basic,Fintech,Chennai,Organic Search,Annual,1,740.0,8880.0,1.0,45.0,6,3200.0,2023-10-26,2023-11-30,1,8880.0
RIQ-04163,Pro,E-commerce,Delhi,Paid Search,Annual,16,2000.0,24000.0,0.0,66.0,10,7900.0,2023-06-20,,0,0.0
RIQ-04164,Basic,Healthcare,Mumbai,Referral,Annual,2,860.0,10320.0,3.0,66.0,5,3600.0,2022-03-26,,0,0.0
RIQ-04165,Enterprise,Edtech,Hyderabad,Referral,Monthly,21,9280.0,111360.0,2.0,100.0,19,38700.0,2023-03-02,,0,0.0
RIQ-04166,Basic,Edtech,Pune,Referral,Monthly,29,840.0,10080.0,0.0,27.0,10,4300.0,2023-02-02,,0,0.0
RIQ-04167,Basic,E-commerce,Delhi,Email Campaign,Annual,8,950.0,11400.0,1.0,45.0,6,3100.0,2022-03-10,,0,0.0
RIQ-04168,Basic,Edtech,Bengaluru,Referral,Monthly,7,760.0,9120.0,2.0,55.0,4,3800.0,2023-06-14,2024-01-18,1,9120.0
RIQ-04169,Pro,E-commerce,Delhi,Paid Search,Annual,33,1950.0,23400.0,1.0,72.0,15,7000.0,2022-06-20,,0,0.0
RIQ-04170,Basic,E-commerce,Mumbai,Email Campaign,Annual,2,650.0,7800.0,1.0,10.0,4,4100.0,2022-02-11,,0,0.0
RIQ-04171,Enterprise,Fintech,Chennai,Social Media,Annual,21,6920.0,83040.0,0.0,97.0,23,50100.0,2022-10-25,,0,0.0
RIQ-04172,Pro,Fintech,Mumbai,Referral,Annual,34,1930.0,23160.0,2.0,94.0,10,8100.0,2022-12-12,,0,0.0
RIQ-04173,Enterprise,Fintech,Hyderabad,Organic Search,Annual,13,6330.0,75960.0,2.0,70.0,20,21100.0,2023-03-12,,0,0.0
RIQ-04174,Basic,E-commerce,Hyderabad,Paid Search,Monthly,2,740.0,8880.0,1.0,60.0,6,2600.0,2023-03-27,2023-06-01,1,8880.0
RIQ-04175,Basic,Fintech,Hyderabad,Paid Search,Annual,9,890.0,10680.0,1.0,67.0,10,3600.0,2022-05-04,,0,0.0
RIQ-04176,Pro,Healthcare,Mumbai,Paid Search,Annual,1,1920.0,23040.0,0.0,79.0,12,11800.0,2023-05-02,,0,0.0
RIQ-04177,Basic,Fintech,Pune,Paid Search,Monthly,22,810.0,9720.0,2.0,50.0,6,3400.0,2023-06-09,,0,0.0
RIQ-04178,Pro,E-commerce,Mumbai,Paid Search,Monthly,4,1720.0,20640.0,2.0,53.0,16,13300.0,2022-12-04,,0,0.0
RIQ-04179,basic,E-commerce,Hyderabad,Direct,Annual,7,730.0,8760.0,1.0,69.0,9,3700.0,2022-07-30,,0,0.0
RIQ-04180,Pro,Fintech,Bengaluru,Referral,Annual,18,1670.0,20040.0,0.0,35.0,14,13800.0,2023-06-12,,0,0.0
RIQ-04181,Pro,Edtech,Pune,Paid Search,Annual,24,1980.0,23760.0,0.0,43.0,13,13600.0,2023-02-14,,0,0.0
RIQ-04182,Pro,E-commerce,Bengaluru,Email Campaign,Monthly,17,2140.0,25680.0,0.0,73.0,6,11700.0,2022-01-23,,0,0.0
RIQ-04183,Pro,E-commerce,Bengaluru,Email Campaign,Annual,8,1640.0,19680.0,0.0,54.0,14,6500.0,2022-05-01,,0,0.0
RIQ-04184,Enterprise,Edtech,Hyderabad,Email Campaign,Annual,8,7800.0,93600.0,0.0,91.0,20,48900.0,2022-03-21,,0,0.0
RIQ-04185,Pro,Fintech,Mumbai,Social Media,Annual,17,1530.0,18360.0,2.0,60.0,17,13600.0,2023-02-05,,0,0.0
RIQ-04186,Pro,Fintech,Mumbai,Paid Search,Annual,1,1900.0,22800.0,0.0,85.0,15,12100.0,2022-06-16,2022-07-19,1,22800.0
RIQ-04187,Basic,Fintech,Hyderabad,Email Campaign,Annual,28,740.0,8880.0,3.0,44.0,10,3700.0,2023-08-18,,0,0.0
RIQ-04188,Enterprise,Healthcare,Hyderabad,Social Media,Annual,26,8080.0,96960.0,4.0,100.0,20,57200.0,2023-11-21,,0,0.0
RIQ-04189,Pro,E-commerce,Bengaluru,Social Media,Annual,19,1990.0,23880.0,0.0,42.0,9,12300.0,2023-07-30,,0,0.0
RIQ-04190,Pro,Edtech,Pune,Social Media,Annual,44,2270.0,27240.0,0.0,67.0,13,10100.0,2022-08-27,,0,0.0
RIQ-04191,Basic,Edtech,Delhi,Paid Search,Monthly,7,500.0,6000.0,2.0,58.0,3,4500.0,2023-03-10,2023-10-17,1,6000.0
RIQ-04192,Pro,E-commerce,Delhi,Organic Search,Monthly,3,2090.0,25080.0,0.0,68.0,5,12300.0,2022-06-11,2022-08-25,1,25080.0
RIQ-04193,Basic,E-commerce,Mumbai,Organic Search,Monthly,34,980.0,11760.0,5.0,55.0,6,4900.0,2022-08-29,,0,0.0
RIQ-04194,Basic,Healthcare,Bengaluru,Direct,Monthly,5,980.0,11760.0,2.0,32.0,10,5000.0,2022-11-06,2023-04-11,1,11760.0
RIQ-04195,Pro,Edtech,Pune,Email Campaign,Monthly,11,1780.0,21360.0,0.0,54.0,13,9800.0,2023-08-03,,0,0.0
RIQ-04196,Basic,Healthcare,Hyderabad,Referral,Monthly,4,690.0,8280.0,0.0,61.0,9,3900.0,2022-07-03,2022-10-18,1,8280.0
RIQ-04197,Basic,Fintech,Hyderabad,Referral,Monthly,19,500.0,6000.0,1.0,71.0,12,5000.0,2022-09-22,,0,0.0
RIQ-04198,Pro,Fintech,Pune,Email Campaign,Monthly,2,1770.0,21240.0,1.0,45.0,11,13000.0,2023-07-29,2023-10-11,1,21240.0
RIQ-04199,Pro,E-commerce,Delhi,Paid Search,Monthly,20,1740.0,20880.0,0.0,60.0,13,13000.0,2022-02-25,,0,0.0
RIQ-04200,Pro,E-commerce,Mumbai,Paid Search,Annual,36,2320.0,27840.0,0.0,91.0,12,10800.0,2022-03-19,,0,0.0
RIQ-04201,Pro,Fintech,Mumbai,Referral,Annual,21,2000.0,24000.0,0.0,66.0,16,9400.0,2022-01-06,,0,0.0
RIQ-04202,Pro,Edtech,Hyderabad,Organic Search,Monthly,10,2160.0,25920.0,1.0,63.0,11,13900.0,2023-11-26,,0,0.0
RIQ-04203,Pro,Fintech,Bengaluru,Social Media,Monthly,60,2360.0,28320.0,2.0,77.0,12,11900.0,2022-02-23,,0,0.0
RIQ-04204,Basic,Healthcare,Mumbai,Social Media,Monthly,10,890.0,10680.0,2.0,48.0,9,4700.0,2023-11-05,2024-08-20,1,10680.0
RIQ-04205,Pro,Edtech,Pune,Social Media,Monthly,15,1500.0,18000.0,0.0,34.0,14,7000.0,2023-04-05,,0,0.0
RIQ-04206,Basic,E-commerce,Bengaluru,Organic Search,Monthly,2,800.0,9600.0,3.0,90.0,7,3900.0,2022-06-09,2022-08-06,1,9600.0
RIQ-04207,Pro,Healthcare,Pune,Organic Search,Annual,17,1700.0,20400.0,0.0,51.0,22,6300.0,2023-06-10,,0,0.0
RIQ-04208,Pro,Fintech,Mumbai,Referral,Annual,29,2370.0,28440.0,0.0,81.0,11,9600.0,2022-03-09,,0,0.0
RIQ-04209,Basic,Healthcare,Chennai,Paid Search,Annual,4,800.0,9600.0,1.0,69.0,4,3700.0,2023-03-01,,0,0.0
RIQ-04210,Basic,Fintech,Bengaluru,Paid Search,Monthly,6,920.0,11040.0,4.0,68.0,13,4300.0,2023-06-24,2023-12-16,1,11040.0
RIQ-04211,Pro,Edtech,Bengaluru,Referral,Annual,4,1960.0,23520.0,2.0,55.0,19,11200.0,2023-06-13,,0,0.0
RIQ-04212,Basic,E-commerce,Bengaluru,Direct,Monthly,13,780.0,9360.0,3.0,47.0,4,3400.0,2023-10-19,2024-11-17,1,9360.0
RIQ-04213,Enterprise,Fintech,Chennai,Social Media,Annual,2,7700.0,92400.0,0.0,47.0,25,48800.0,2023-03-10,,0,0.0
RIQ-04214,Basic,Fintech,Delhi,Social Media,Annual,12,940.0,11280.0,4.0,58.0,7,2300.0,2023-01-30,2024-02-06,1,11280.0
RIQ-04215,Enterprise,E-commerce,Chennai,Paid Search,Annual,17,5660.0,67920.0,1.0,86.0,17,29600.0,2023-07-25,2024-12-02,1,67920.0
RIQ-04216,Basic,Edtech,Delhi,Social Media,Annual,2,560.0,6720.0,3.0,48.0,3,4300.0,2022-02-28,2022-05-04,1,6720.0
RIQ-04217,Basic,Healthcare,Hyderabad,Email Campaign,Monthly,9,600.0,7200.0,1.0,35.0,14,2800.0,2022-09-28,2023-06-18,1,7200.0
RIQ-04218,Enterprise,Healthcare,Bengaluru,Referral,Annual,6,8150.0,97800.0,1.0,67.0,30,40900.0,2022-07-08,,0,0.0
RIQ-04219,Basic,Healthcare,Mumbai,Paid Search,Monthly,5,910.0,10920.0,2.0,38.0,5,2000.0,2023-05-12,2023-10-22,1,10920.0
RIQ-04220,Pro,E-commerce,Hyderabad,Email Campaign,Monthly,6,1790.0,21480.0,2.0,57.0,17,7300.0,2023-11-09,,0,0.0
RIQ-04221,Basic,Edtech,Pune,Social Media,Annual,5,940.0,11280.0,1.0,56.0,3,3200.0,2022-08-09,,0,0.0
RIQ-04222,Basic,Fintech,Pune,Direct,Annual,8,960.0,11520.0,2.0,68.0,9,3400.0,2022-08-17,,0,0.0
RIQ-04223,Pro,Fintech,Mumbai,Email Campaign,Annual,16,2410.0,28920.0,1.0,62.0,17,13400.0,2023-08-07,,0,0.0
RIQ-04224,Enterprise,Fintech,Mumbai,Direct,Monthly,60,5290.0,63480.0,0.0,100.0,13,20000.0,2023-09-17,,0,0.0
RIQ-04225,Basic,Healthcare,Mumbai,Direct,Monthly,19,960.0,11520.0,3.0,45.0,8,3100.0,2022-10-28,2024-05-12,1,11520.0
RIQ-04226,Basic,Healthcare,Bengaluru,Referral,Monthly,1,840.0,10080.0,4.0,24.0,5,3100.0,2022-02-13,2022-03-11,1,10080.0
RIQ-04227,Basic,Fintech,Delhi,Social Media,Monthly,5,750.0,9000.0,1.0,5.0,8,3600.0,2022-03-23,2022-08-27,1,9000.0
RIQ-04228,Basic,Healthcare,Chennai,Referral,Monthly,3,970.0,11640.0,3.0,36.0,3,4900.0,2023-11-27,2024-02-10,1,11640.0
RIQ-04229,Basic,E-commerce,Mumbai,Social Media,Annual,3,630.0,7560.0,1.0,66.0,11,3600.0,2023-06-07,,0,0.0
RIQ-04230,Basic,Fintech,Mumbai,Social Media,Monthly,1,780.0,9360.0,0.0,27.0,5,3600.0,2023-05-26,2023-06-17,1,9360.0
RIQ-04231,Pro,Edtech,Bengaluru,Email Campaign,Monthly,4,1910.0,22920.0,3.0,87.0,10,9900.0,2022-07-22,2022-12-04,1,22920.0
RIQ-04232,Basic,Fintech,Mumbai,Referral,Monthly,3,900.0,10800.0,2.0,30.0,3,3900.0,2023-09-11,2023-12-19,1,10800.0
RIQ-04233,Enterprise,Fintech,Pune,Direct,Annual,22,5370.0,64440.0,0.0,78.0,23,39400.0,2023-01-17,,0,0.0
RIQ-04234,Pro,Healthcare,Hyderabad,Social Media,Monthly,11,2410.0,28920.0,2.0,100.0,13,12700.0,2023-11-14,2024-10-22,1,28920.0
RIQ-04235,Basic,Healthcare,Delhi,Social Media,Monthly,15,590.0,7080.0,1.0,46.0,6,3200.0,2023-06-22,,0,0.0
RIQ-04236,Pro,Healthcare,Delhi,Social Media,Monthly,19,2120.0,25440.0,1.0,66.0,9,6700.0,2022-01-12,2023-08-02,1,25440.0
RIQ-04237,Pro,Edtech,Delhi,Referral,Annual,10,2430.0,29160.0,1.0,62.0,13,7700.0,2023-08-21,,0,0.0
RIQ-04238,Pro,E-commerce,Delhi,Organic Search,Monthly,35,2110.0,25320.0,0.0,75.0,10,14500.0,2023-08-28,,0,0.0
RIQ-04239,Basic,Healthcare,Delhi,Direct,Monthly,2,580.0,6960.0,0.0,48.0,9,4900.0,2023-09-10,2023-11-19,1,6960.0
RIQ-04240,Basic,Fintech,Bengaluru,Organic Search,Monthly,20,870.0,10440.0,1.0,58.0,4,4600.0,2023-05-04,,0,0.0
RIQ-04241,Enterprise,Fintech,Hyderabad,Paid Search,Monthly,31,8550.0,102600.0,1.0,67.0,19,51200.0,2023-04-07,,0,0.0
RIQ-04242,Basic,Healthcare,Chennai,Referral,Annual,1,510.0,6120.0,2.0,8.0,9,2800.0,2022-05-05,2022-05-27,1,6120.0
RIQ-04243,Basic,Fintech,Delhi,Referral,Monthly,1,930.0,11160.0,2.0,59.0,9,3800.0,2022-09-15,2022-10-28,1,11160.0
RIQ-04244,Pro,E-commerce,Delhi,Referral,Monthly,18,2100.0,25200.0,0.0,96.0,15,11400.0,2022-07-14,,0,0.0
RIQ-04245,Basic,Healthcare,Chennai,Referral,Annual,14,560.0,6720.0,3.0,45.0,3,2100.0,2022-01-11,,0,0.0
RIQ-04246,Pro,E-commerce,Bengaluru,Referral,Annual,18,1550.0,18600.0,0.0,76.0,20,14400.0,2023-11-06,,0,0.0
RIQ-04247,Pro,E-commerce,Pune,Paid Search,Monthly,22,2120.0,25440.0,0.0,75.0,15,8700.0,2022-03-10,,0,0.0
RIQ-04248,Basic,E-commerce,Pune,Referral,Monthly,1,610.0,7320.0,2.0,43.0,10,4600.0,2022-02-04,,0,0.0
RIQ-04249,Pro,Fintech,Pune,Email Campaign,Annual,5,1720.0,20640.0,1.0,69.0,13,10600.0,2022-05-02,,0,0.0
RIQ-04250,Pro,Edtech,Mumbai,Email Campaign,Monthly,28,1820.0,21840.0,2.0,56.0,17,10200.0,2023-10-13,,0,0.0
RIQ-04251,Pro,Fintech,Mumbai,Paid Search,Annual,10,2110.0,25320.0,2.0,97.0,16,13500.0,2023-03-22,,0,0.0
RIQ-04252,Enterprise,Healthcare,Mumbai,Direct,Annual,7,5800.0,69600.0,3.0,71.0,26,56300.0,2023-11-15,,0,0.0
RIQ-04253,Basic,Fintech,Bengaluru,Paid Search,Monthly,16,660.0,7920.0,1.0,65.0,6,2200.0,2023-10-27,2025-02-07,1,7920.0
RIQ-04254,pro,Healthcare,Pune,Paid Search,Annual,12,1730.0,20760.0,1.0,90.0,16,14900.0,2023-08-07,,0,0.0
RIQ-04255,Basic,Edtech,Hyderabad,Referral,Annual,3,970.0,11640.0,0.0,55.0,7,3900.0,2022-04-15,,0,0.0
RIQ-04256,Enterprise,Edtech,Bengaluru,Organic Search,Monthly,60,7000.0,84000.0,1.0,72.0,20,41800.0,2023-08-06,,0,0.0
RIQ-04257,Enterprise,E-commerce,Bengaluru,Organic Search,Annual,43,9860.0,118320.0,1.0,81.0,23,41400.0,2022-02-04,2025-08-22,1,118320.0
RIQ-04258,Basic,Healthcare,Pune,Email Campaign,Monthly,8,940.0,11280.0,2.0,61.0,8,4000.0,2022-03-29,2022-11-24,1,11280.0
RIQ-04259,Basic,Healthcare,Pune,Referral,Monthly,14,720.0,8640.0,2.0,26.0,9,2300.0,2023-02-23,2024-04-16,1,8640.0
RIQ-04260,Basic,Healthcare,Bengaluru,Organic Search,Annual,40,990.0,11880.0,3.0,49.0,3,4300.0,2022-06-06,,0,0.0
RIQ-04261,Basic,Healthcare,Bengaluru,Organic Search,Monthly,24,980.0,11760.0,2.0,18.0,10,4500.0,2022-10-25,,0,0.0
RIQ-04262,Enterprise,Edtech,Hyderabad,Organic Search,Annual,13,9700.0,116400.0,0.0,77.0,19,32700.0,2023-05-18,,0,0.0
RIQ-04263,Basic,E-commerce,Hyderabad,Paid Search,Annual,1,980.0,11760.0,1.0,32.0,5,2600.0,2023-11-04,,0,0.0
RIQ-04264,Basic,Edtech,Bengaluru,Direct,Monthly,1,700.0,8400.0,2.0,35.0,4,3500.0,2022-01-14,2022-01-30,1,8400.0
RIQ-04265,Basic,Fintech,Hyderabad,Social Media,Annual,1,540.0,6480.0,0.0,36.0,8,2200.0,2022-12-25,,0,0.0
RIQ-04266,Basic,Healthcare,Hyderabad,Referral,Annual,16,880.0,10560.0,4.0,40.0,4,4900.0,2022-07-03,,0,0.0
RIQ-04267,Basic,Edtech,Mumbai,Organic Search,Monthly,3,810.0,9720.0,4.0,51.0,9,4200.0,2023-08-21,2023-11-23,1,9720.0
RIQ-04268,Pro,Fintech,Chennai,Paid Search,Monthly,60,1690.0,20280.0,0.0,61.0,11,8700.0,2023-04-16,,0,0.0
RIQ-04269,Enterprise,Healthcare,Bengaluru,Social Media,Annual,60,6470.0,77640.0,3.0,74.0,20,42000.0,2022-11-14,,0,0.0
RIQ-04270,Pro,E-commerce,Mumbai,Direct,Monthly,9,1500.0,18000.0,3.0,93.0,13,6200.0,2022-10-05,,0,0.0
RIQ-04271,Basic,Healthcare,Chennai,Direct,Annual,4,770.0,9240.0,1.0,37.0,1,2700.0,2022-05-12,2022-09-18,1,9240.0
RIQ-04272,Basic,Fintech,Mumbai,Organic Search,Monthly,7,940.0,11280.0,3.0,53.0,4,3000.0,2023-04-27,2023-11-21,1,11280.0
RIQ-04273,Basic,Edtech,Delhi,Organic Search,Monthly,1,890.0,10680.0,4.0,22.0,9,4900.0,2023-10-07,2023-10-23,1,10680.0
RIQ-04274,Basic,Edtech,Delhi,Email Campaign,Monthly,11,990.0,11880.0,4.0,68.0,4,4100.0,2022-04-02,2023-02-26,1,11880.0
RIQ-04275,Pro,Fintech,Hyderabad,Organic Search,Monthly,11,2040.0,24480.0,0.0,93.0,12,9500.0,2022-12-22,2023-11-04,1,24480.0
RIQ-04276,Basic,E-commerce,Pune,Email Campaign,Annual,14,520.0,6240.0,0.0,51.0,2,3700.0,2022-03-17,,0,0.0
RIQ-04277,Basic,E-commerce,Chennai,Paid Search,Monthly,2,670.0,8040.0,1.0,47.0,13,4200.0,2022-03-22,2022-05-29,1,8040.0
RIQ-04278,Basic,E-commerce,Delhi,Email Campaign,Annual,1,720.0,8640.0,0.0,53.0,1,4200.0,2022-10-05,,0,0.0
RIQ-04279,Basic,E-commerce,Mumbai,Paid Search,Monthly,13,620.0,7440.0,2.0,33.0,4,4800.0,2023-11-14,2024-11-26,1,7440.0
RIQ-04280,Basic,Healthcare,Delhi,Referral,Annual,13,740.0,8880.0,1.0,66.0,9,2900.0,2022-02-21,,0,0.0
RIQ-04281,Pro,Fintech,Mumbai,Email Campaign,Monthly,44,2300.0,27600.0,1.0,72.0,14,8800.0,2022-11-15,,0,0.0
RIQ-04282,Pro,Fintech,Bengaluru,Direct,Annual,3,2480.0,29760.0,0.0,42.0,12,13100.0,2022-09-12,,0,0.0
RIQ-04283,Pro,E-commerce,Mumbai,Organic Search,Monthly,4,1680.0,20160.0,0.0,69.0,8,7900.0,2023-07-07,,0,0.0
RIQ-04284,Basic,Healthcare,Mumbai,Paid Search,Monthly,4,880.0,10560.0,3.0,31.0,6,2700.0,2022-02-10,,0,0.0
RIQ-04285,Basic,Edtech,Mumbai,Email Campaign,Annual,2,780.0,9360.0,0.0,10.0,1,2800.0,2023-12-02,2024-02-15,1,9360.0
RIQ-04286,Basic,E-commerce,Hyderabad,Social Media,Monthly,9,830.0,9960.0,2.0,56.0,1,2000.0,2023-07-01,2024-03-29,1,9960.0
RIQ-04287,Basic,Healthcare,Delhi,Organic Search,Monthly,4,850.0,10200.0,1.0,51.0,4,3100.0,2022-04-03,2022-08-14,1,10200.0
RIQ-04288,Pro,E-commerce,Pune,Social Media,Annual,3,1710.0,20520.0,2.0,58.0,17,9100.0,2022-07-28,,0,0.0
RIQ-04289,Pro,Edtech,Bengaluru,Email Campaign,Annual,27,1700.0,20400.0,1.0,79.0,13,10200.0,2022-07-14,,0,0.0
RIQ-04290,Pro,Healthcare,Mumbai,Direct,Annual,4,1520.0,18240.0,0.0,94.0,15,12900.0,2023-06-04,,0,0.0
RIQ-04291,Pro,Healthcare,Bengaluru,Social Media,Annual,16,1990.0,23880.0,2.0,10.0,12,11400.0,2023-06-02,,0,0.0
RIQ-04292,Basic,E-commerce,Delhi,Organic Search,Monthly,15,980.0,11760.0,2.0,,14,2500.0,2023-09-03,,0,0.0
RIQ-04293,Basic,Edtech,Hyderabad,Social Media,Annual,11,800.0,9600.0,1.0,,1,2300.0,2023-09-22,,0,0.0
RIQ-04294,Pro,Edtech,Delhi,Social Media,Annual,6,2130.0,25560.0,2.0,70.0,13,6700.0,2022-10-16,,0,0.0
RIQ-04295,Basic,Healthcare,Hyderabad,Paid Search,Annual,7,930.0,11160.0,2.0,36.0,3,4400.0,2022-05-29,,0,0.0
RIQ-04296,Basic,Fintech,Mumbai,Email Campaign,Monthly,7,770.0,9240.0,3.0,46.0,8,3700.0,2023-07-21,2024-02-11,1,9240.0
RIQ-04297,Basic,E-commerce,Bengaluru,Paid Search,Monthly,1,620.0,7440.0,5.0,70.0,10,2300.0,2023-11-05,2023-11-23,1,7440.0
RIQ-04298,Basic,Fintech,Mumbai,Referral,Annual,4,1000.0,12000.0,4.0,59.0,11,4000.0,2023-12-02,,0,0.0
RIQ-04299,Basic,Fintech,Delhi,Paid Search,Annual,6,610.0,7320.0,3.0,0.0,6,4000.0,2023-04-27,,0,0.0
RIQ-04300,Pro,Fintech,Pune,Paid Search,Annual,14,1860.0,22320.0,,42.0,8,12300.0,2022-10-13,2023-12-01,1,22320.0
RIQ-04301,Basic,Edtech,Pune,Email Campaign,Monthly,4,930.0,11160.0,3.0,31.0,10,4000.0,2023-11-27,2024-04-08,1,11160.0
RIQ-04302,Basic,Edtech,Hyderabad,Organic Search,Monthly,8,600.0,7200.0,1.0,34.0,7,2200.0,2023-03-31,2023-12-05,1,7200.0
RIQ-04303,Pro,Edtech,Delhi,Organic Search,Annual,33,2120.0,25440.0,4.0,62.0,9,11200.0,2022-12-14,,0,0.0
RIQ-04304,Basic,Edtech,Chennai,Direct,Monthly,10,900.0,10800.0,1.0,30.0,1,2400.0,2023-02-01,2023-11-26,1,10800.0
RIQ-04305,Basic,Edtech,Mumbai,Paid Search,Monthly,17,850.0,10200.0,1.0,57.0,3,4800.0,2023-08-14,2025-01-02,1,10200.0
RIQ-04306,Basic,Edtech,Delhi,Paid Search,Monthly,8,570.0,6840.0,2.0,42.0,4,4200.0,2023-01-29,2023-09-13,1,6840.0
RIQ-04307,Basic,Fintech,Mumbai,Social Media,Monthly,5,740.0,8880.0,0.0,54.0,8,3300.0,2023-07-23,2024-01-03,1,8880.0
RIQ-04308,Basic,Fintech,Hyderabad,Organic Search,Monthly,15,700.0,8400.0,1.0,30.0,8,4400.0,2022-12-05,2024-03-13,1,8400.0
RIQ-04309,Pro,E-commerce,Delhi,Paid Search,Monthly,8,1890.0,22680.0,1.0,74.0,19,9300.0,2023-03-21,,0,0.0
RIQ-04310,Pro,Edtech,Pune,Direct,Monthly,21,2030.0,24360.0,2.0,33.0,14,11700.0,2023-10-19,,0,0.0
RIQ-04311,Basic,Edtech,Delhi,Paid Search,Monthly,2,500.0,6000.0,5.0,31.0,7,2400.0,2023-07-13,2023-09-14,1,6000.0
RIQ-04312,Pro,Fintech,Bengaluru,Referral,Monthly,4,2090.0,25080.0,1.0,27.0,7,8100.0,2022-06-18,2022-10-02,1,25080.0
RIQ-04313,Pro,Fintech,Mumbai,Organic Search,Monthly,14,1860.0,22320.0,1.0,83.0,14,9100.0,2022-01-24,,0,0.0
RIQ-04314,Enterprise,E-commerce,Bengaluru,Social Media,Monthly,5,8840.0,106080.0,0.0,100.0,22,47800.0,2023-04-17,,0,0.0
RIQ-04315,Basic,Edtech,Hyderabad,Organic Search,Monthly,5,680.0,8160.0,2.0,59.0,11,3700.0,2022-04-25,,0,0.0
RIQ-04316,Enterprise,Fintech,Delhi,Email Campaign,Annual,5,5210.0,62520.0,1.0,72.0,27,25300.0,2023-10-01,,0,0.0
RIQ-04317,Pro,Fintech,Pune,Organic Search,Annual,9,2470.0,29640.0,1.0,48.0,13,14500.0,2022-12-24,,0,0.0
RIQ-04318,Pro,E-commerce,Delhi,Organic Search,Annual,13,2160.0,25920.0,1.0,57.0,12,14800.0,2022-09-21,,0,0.0
RIQ-04319,Pro,Edtech,Mumbai,Email Campaign,Monthly,2,1640.0,19680.0,0.0,43.0,8,11000.0,2022-11-23,,0,0.0
RIQ-04320,Basic,Healthcare,Pune,Social Media,Monthly,1,850.0,10200.0,3.0,36.0,8,3500.0,2022-12-04,2022-12-26,1,10200.0
RIQ-04321,Basic,Fintech,Chennai,Direct,Annual,3,780.0,9360.0,1.0,33.0,2,3800.0,2023-07-16,,0,0.0
RIQ-04322,Enterprise,Edtech,Bengaluru,Email Campaign,Annual,8,6060.0,72720.0,1.0,86.0,24,36200.0,2022-10-17,,0,0.0
RIQ-04323,Basic,Fintech,Hyderabad,Referral,Annual,33,930.0,11160.0,1.0,47.0,10,4400.0,2023-09-04,,0,0.0
RIQ-04324,Pro,Healthcare,Pune,Email Campaign,Annual,4,2120.0,25440.0,1.0,61.0,8,9700.0,2022-02-23,,0,0.0
RIQ-04325,Pro,Healthcare,Mumbai,Organic Search,Annual,6,2470.0,29640.0,1.0,55.0,9,9800.0,2023-02-23,,0,0.0
RIQ-04326,enterprise,Healthcare,Mumbai,Referral,Annual,17,7710.0,92520.0,0.0,38.0,25,54500.0,2022-02-01,,0,0.0
RIQ-04327,Enterprise,Fintech,Delhi,Direct,Annual,60,5770.0,69240.0,2.0,47.0,13,25200.0,2023-03-08,,0,0.0
RIQ-04328,Basic,Fintech,Bengaluru,Email Campaign,Annual,1,680.0,8160.0,2.0,29.0,10,3500.0,2022-03-06,2022-04-01,1,8160.0
RIQ-04329,Enterprise,Healthcare,Delhi,Referral,Monthly,5,5990.0,71880.0,1.0,79.0,18,49000.0,2022-01-05,,0,0.0
RIQ-04330,Basic,Edtech,Delhi,Paid Search,Annual,23,970.0,11640.0,2.0,55.0,1,3500.0,2023-03-10,,0,0.0
RIQ-04331,Basic,Healthcare,Mumbai,Email Campaign,Monthly,30,670.0,8040.0,2.0,21.0,7,3700.0,2023-03-27,,0,0.0
RIQ-04332,Basic,Edtech,Mumbai,Direct,Monthly,14,650.0,7800.0,1.0,24.0,7,2700.0,2022-08-03,,0,0.0
RIQ-04333,Pro,E-commerce,Mumbai,Direct,Annual,39,1760.0,21120.0,1.0,100.0,12,12600.0,2023-01-20,,0,0.0
RIQ-04334,Basic,Fintech,Mumbai,Organic Search,Monthly,5,550.0,6600.0,0.0,42.0,11,4100.0,2022-11-24,,0,0.0
RIQ-04335,Enterprise,Healthcare,Pune,Social Media,Annual,5,5270.0,63240.0,1.0,70.0,21,23200.0,2023-04-17,,0,0.0
RIQ-04336,Pro,Fintech,Bengaluru,Paid Search,Monthly,13,2140.0,25680.0,1.0,25.0,15,10800.0,2023-06-22,,0,0.0
RIQ-04337,Pro,Edtech,Mumbai,Social Media,Monthly,5,2240.0,26880.0,0.0,76.0,12,9600.0,2022-11-04,,0,0.0
RIQ-04338,Basic,Fintech,Pune,Referral,Annual,12,660.0,7920.0,2.0,27.0,7,3700.0,2022-05-07,,0,0.0
RIQ-04339,Basic,Edtech,Mumbai,Direct,Annual,10,800.0,9600.0,4.0,,13,3900.0,2022-09-28,,0,0.0
RIQ-04340,Basic,E-commerce,Bengaluru,Referral,Monthly,2,980.0,11760.0,2.0,38.0,6,3400.0,2023-01-19,2023-03-26,1,11760.0
RIQ-04341,Pro,Healthcare,Pune,Paid Search,Monthly,2,2490.0,29880.0,1.0,50.0,17,12600.0,2023-05-05,2023-07-16,1,29880.0
RIQ-04342,Pro,E-commerce,Delhi,Social Media,Monthly,10,1740.0,20880.0,1.0,63.0,10,6900.0,2022-01-07,,0,0.0
RIQ-04343,Basic,Healthcare,Delhi,Email Campaign,Monthly,24,510.0,6120.0,4.0,43.0,9,3300.0,2023-01-04,,0,0.0
RIQ-04344,Pro,Healthcare,Pune,Paid Search,Annual,5,2320.0,27840.0,2.0,55.0,12,13100.0,2023-09-11,2024-02-15,1,27840.0
RIQ-04345,Basic,Edtech,Mumbai,Paid Search,Annual,19,780.0,9360.0,3.0,13.0,10,2900.0,2023-02-19,,0,0.0
RIQ-04346,Basic,Fintech,Hyderabad,Social Media,Monthly,11,960.0,11520.0,3.0,46.0,8,2700.0,2022-11-26,,0,0.0
RIQ-04347,Basic,Healthcare,Delhi,Organic Search,Monthly,3,900.0,10800.0,1.0,66.0,5,3900.0,2023-04-17,2023-07-13,1,10800.0
RIQ-04348,Basic,Edtech,Delhi,Paid Search,Monthly,5,580.0,6960.0,1.0,19.0,6,2700.0,2023-04-30,2023-10-11,1,6960.0
RIQ-04349,Basic,Edtech,Pune,Email Campaign,Monthly,8,860.0,10320.0,4.0,55.0,7,4000.0,2022-12-13,,0,0.0
RIQ-04350,Pro,Edtech,Pune,Email Campaign,Annual,40,1680.0,20160.0,2.0,41.0,7,12200.0,2023-08-13,,0,0.0
RIQ-04351,Pro,Fintech,Delhi,Referral,Monthly,18,1920.0,23040.0,1.0,57.0,17,13200.0,2022-07-13,,0,0.0
RIQ-04352,Enterprise,Edtech,Hyderabad,Social Media,Annual,7,6470.0,77640.0,0.0,55.0,22,22800.0,2022-08-06,,0,0.0
RIQ-04353,Basic,Edtech,Delhi,Referral,Annual,8,790.0,9480.0,1.0,58.0,14,4700.0,2022-06-02,,0,0.0
RIQ-04354,Pro,Edtech,Hyderabad,Social Media,Monthly,25,1830.0,21960.0,1.0,54.0,7,9000.0,2022-11-25,,0,0.0
RIQ-04355,Pro,Edtech,Bengaluru,Social Media,Monthly,2,1840.0,22080.0,2.0,78.0,18,14300.0,2023-02-03,,0,0.0
RIQ-04356,Pro,Fintech,Delhi,Paid Search,Monthly,28,2070.0,24840.0,1.0,100.0,19,7800.0,2023-09-16,,0,0.0
RIQ-04357,Basic,Edtech,Chennai,Social Media,Monthly,13,560.0,6720.0,2.0,69.0,2,4500.0,2022-01-04,2023-02-05,1,6720.0
RIQ-04358,Basic,E-commerce,Pune,Direct,Annual,2,610.0,7320.0,1.0,37.0,1,4300.0,2022-06-08,2022-07-28,1,7320.0
RIQ-04359,Pro,E-commerce,Hyderabad,Referral,Monthly,7,2280.0,27360.0,1.0,47.0,13,10200.0,2022-05-12,2022-12-08,1,27360.0
RIQ-04360,Basic,Healthcare,Pune,Paid Search,Annual,11,540.0,6480.0,1.0,58.0,5,4100.0,2023-06-03,,0,0.0
RIQ-04361,Pro,Fintech,Bengaluru,Referral,Monthly,22,2430.0,29160.0,0.0,87.0,19,13200.0,2023-05-05,,0,0.0
RIQ-04362,Enterprise,Healthcare,Pune,Organic Search,Annual,14,7790.0,93480.0,0.0,96.0,24,33400.0,2022-02-23,,0,0.0
RIQ-04363,Basic,E-commerce,Chennai,Email Campaign,Monthly,5,660.0,7920.0,3.0,75.0,1,3500.0,2023-10-01,,0,0.0
RIQ-04364,Basic,Fintech,Bengaluru,Social Media,Monthly,3,540.0,6480.0,1.0,21.0,3,3900.0,2022-02-08,,0,0.0
RIQ-04365,Pro,E-commerce,Chennai,Paid Search,Monthly,5,1550.0,18600.0,,71.0,20,11800.0,2023-05-23,2023-10-13,1,18600.0
RIQ-04366,Basic,Fintech,Pune,Social Media,Monthly,10,890.0,10680.0,3.0,67.0,8,2500.0,2023-01-11,2023-11-08,1,10680.0
RIQ-04367,Basic,E-commerce,Delhi,Paid Search,Monthly,5,780.0,9360.0,2.0,38.0,6,4800.0,2022-01-03,2022-06-13,1,9360.0
RIQ-04368,Pro,Fintech,Mumbai,Social Media,Annual,8,1540.0,18480.0,1.0,73.0,19,10600.0,2023-02-19,,0,0.0
RIQ-04369,Enterprise,Fintech,Pune,Organic Search,Annual,2,8170.0,98040.0,3.0,70.0,22,57800.0,2023-02-18,,0,0.0
RIQ-04370,Basic,E-commerce,Hyderabad,Social Media,Monthly,1,860.0,10320.0,4.0,,3,3300.0,2022-10-17,2022-11-19,1,10320.0
RIQ-04371,Basic,Healthcare,Pune,Social Media,Monthly,8,790.0,9480.0,3.0,32.0,7,4800.0,2022-04-17,2022-12-14,1,9480.0
RIQ-04372,Basic,E-commerce,Mumbai,Paid Search,Monthly,8,780.0,9360.0,2.0,25.0,4,3700.0,2023-05-12,2024-01-15,1,9360.0
RIQ-04373,Pro,Healthcare,Mumbai,Organic Search,Monthly,11,2500.0,30000.0,0.0,61.0,21,14200.0,2022-03-21,,0,0.0
RIQ-04374,Enterprise,Edtech,Pune,Social Media,Monthly,32,5170.0,62040.0,0.0,90.0,24,20600.0,2023-09-28,,0,0.0
RIQ-04375,Basic,Fintech,Hyderabad,Referral,Annual,11,640.0,7680.0,2.0,44.0,1,2600.0,2023-11-09,,0,0.0
RIQ-04376,Pro,Edtech,Delhi,Social Media,Monthly,1,1940.0,23280.0,1.0,68.0,9,12700.0,2022-08-10,,0,0.0
RIQ-04377,Pro,Fintech,Mumbai,Organic Search,Annual,24,1760.0,21120.0,0.0,61.0,14,6900.0,2023-01-26,,0,0.0
RIQ-04378,Basic,Healthcare,Bengaluru,Referral,Monthly,3,790.0,9480.0,2.0,20.0,2,4000.0,2023-07-01,2023-10-09,1,9480.0
RIQ-04379,Basic,E-commerce,Mumbai,Social Media,Annual,5,660.0,7920.0,4.0,4.0,6,4800.0,2022-10-23,2023-03-24,1,7920.0
RIQ-04380,Pro,Edtech,Bengaluru,Email Campaign,Annual,9,2200.0,26400.0,0.0,74.0,14,9900.0,2022-07-06,,0,0.0
RIQ-04381,Enterprise,Edtech,Chennai,Organic Search,Annual,60,9600.0,115200.0,0.0,92.0,25,43700.0,2022-06-17,,0,0.0
RIQ-04382,Basic,E-commerce,Delhi,Referral,Annual,9,760.0,9120.0,1.0,76.0,5,3500.0,2022-11-08,2023-08-20,1,9120.0
RIQ-04383,Enterprise,Healthcare,Mumbai,Social Media,Monthly,25,8180.0,98160.0,1.0,41.0,22,40200.0,2022-12-16,,0,0.0
RIQ-04384,Pro,E-commerce,Pune,Social Media,Monthly,9,1990.0,23880.0,1.0,37.0,14,10700.0,2023-06-10,,0,0.0
RIQ-04385,Pro,E-commerce,Pune,Social Media,Monthly,60,1630.0,19560.0,0.0,38.0,14,10900.0,2023-04-07,,0,0.0
RIQ-04386,Basic,E-commerce,Delhi,Direct,Monthly,1,660.0,7920.0,4.0,47.0,11,2900.0,2023-07-14,2023-08-25,1,7920.0
RIQ-04387,Basic,Edtech,Delhi,Paid Search,Monthly,7,850.0,10200.0,1.0,41.0,9,4200.0,2022-07-24,2023-02-26,1,10200.0
RIQ-04388,Pro,Healthcare,Pune,Paid Search,Annual,8,1800.0,21600.0,1.0,54.0,11,14800.0,2023-08-12,,0,0.0
RIQ-04389,Enterprise,E-commerce,Pune,Organic Search,Annual,7,6960.0,83520.0,1.0,89.0,23,37800.0,2023-11-27,,0,0.0
RIQ-04390,Pro,E-commerce,Mumbai,Social Media,Annual,27,1770.0,21240.0,1.0,70.0,3,12100.0,2023-02-01,,0,0.0
RIQ-04391,Basic,Fintech,Bengaluru,Referral,Monthly,19,500.0,6000.0,2.0,62.0,4,4600.0,2023-09-28,,0,0.0
RIQ-04392,Pro,E-commerce,Hyderabad,Email Campaign,Monthly,30,2300.0,27600.0,1.0,100.0,17,6500.0,2022-02-21,,0,0.0
RIQ-04393,Basic,Healthcare,Pune,Organic Search,Annual,8,710.0,8520.0,4.0,48.0,1,2400.0,2023-01-29,2023-09-23,1,8520.0
RIQ-04394,Basic,Healthcare,Hyderabad,Paid Search,Annual,17,950.0,11400.0,0.0,39.0,2,4100.0,2023-04-06,,0,0.0
RIQ-04395,Basic,E-commerce,Hyderabad,Social Media,Annual,36,750.0,9000.0,1.0,28.0,9,3200.0,2023-06-20,2026-06-19,1,9000.0
RIQ-04396,Basic,Edtech,Mumbai,Paid Search,Monthly,6,940.0,11280.0,3.0,61.0,1,5000.0,2022-12-27,2023-06-13,1,11280.0
RIQ-04397,Enterprise,Edtech,Delhi,Email Campaign,Annual,3,6370.0,76440.0,1.0,47.0,22,33500.0,2022-01-08,,0,0.0
RIQ-04398,Basic,Fintech,Chennai,Paid Search,Annual,1,890.0,10680.0,4.0,10.0,5,3600.0,2023-03-01,2023-04-10,1,10680.0
RIQ-04399,Basic,Fintech,Delhi,Social Media,Monthly,30,680.0,8160.0,2.0,51.0,3,3100.0,2023-03-01,2025-08-14,1,8160.0
RIQ-04400,Pro,Fintech,Chennai,Paid Search,Annual,20,2390.0,28680.0,0.0,49.0,15,12900.0,2022-11-06,,0,0.0
RIQ-04401,Basic,Fintech,Delhi,Referral,Annual,6,740.0,8880.0,0.0,62.0,4,2000.0,2022-10-31,,0,0.0
RIQ-04402,Basic,E-commerce,Pune,Referral,Annual,3,600.0,7200.0,2.0,30.0,10,4700.0,2023-02-21,,0,0.0
RIQ-04403,Basic,Fintech,Bengaluru,Social Media,Annual,3,890.0,10680.0,3.0,49.0,5,3400.0,2022-11-22,2023-03-03,1,10680.0
RIQ-04404,Pro,Fintech,Delhi,Social Media,Annual,19,1520.0,18240.0,0.0,64.0,17,6400.0,2022-09-09,,0,0.0
RIQ-04405,Enterprise,E-commerce,Mumbai,Paid Search,Monthly,60,9050.0,108600.0,1.0,74.0,16,45700.0,2022-10-02,,0,0.0
RIQ-04406,Basic,Edtech,Pune,Direct,Monthly,3,530.0,6360.0,2.0,77.0,11,4100.0,2022-02-16,2022-05-27,1,6360.0
RIQ-04407,Basic,Fintech,Mumbai,Paid Search,Monthly,10,870.0,10440.0,1.0,29.0,2,4900.0,2022-08-17,2023-05-29,1,10440.0
RIQ-04408,Pro,Healthcare,Bengaluru,Social Media,Monthly,8,1570.0,18840.0,0.0,52.0,13,6100.0,2022-10-03,,0,0.0
RIQ-04409,Pro,Edtech,Pune,Referral,Monthly,1,2140.0,25680.0,1.0,77.0,11,10400.0,2023-09-14,,0,0.0
RIQ-04410,Pro,Fintech,Delhi,Referral,Annual,27,2320.0,27840.0,1.0,45.0,14,7200.0,2023-08-13,,0,0.0
RIQ-04411,Pro,Edtech,Hyderabad,Paid Search,Annual,46,2490.0,29880.0,0.0,47.0,4,7900.0,2023-07-23,,0,0.0
RIQ-04412,Pro,E-commerce,Hyderabad,Social Media,Monthly,10,1770.0,21240.0,3.0,72.0,20,6400.0,2022-01-14,2022-11-04,1,21240.0
RIQ-04413,Basic,E-commerce,Chennai,Paid Search,Monthly,10,880.0,10560.0,3.0,61.0,7,4100.0,2023-01-22,2023-11-27,1,10560.0
RIQ-04414,Pro,Healthcare,Delhi,Social Media,Monthly,1,2480.0,29760.0,2.0,49.0,13,11800.0,2023-08-10,2023-09-04,1,29760.0
RIQ-04415,Basic,Healthcare,Bengaluru,Paid Search,Monthly,9,620.0,7440.0,4.0,40.0,1,3000.0,2022-01-20,2022-10-30,1,7440.0
RIQ-04416,Pro,Edtech,Chennai,Direct,Monthly,12,1540.0,18480.0,1.0,60.0,11,6000.0,2023-11-05,,0,0.0
RIQ-04417,Basic,Healthcare,Delhi,Direct,Monthly,35,620.0,7440.0,2.0,40.0,1,4000.0,2022-05-31,,0,0.0
RIQ-04418,Basic,Fintech,Hyderabad,Paid Search,Monthly,24,620.0,7440.0,5.0,65.0,5,4700.0,2022-04-03,2024-03-19,1,7440.0
RIQ-04419,Enterprise,E-commerce,Mumbai,Email Campaign,Annual,2,6660.0,79920.0,0.0,78.0,23,38700.0,2022-10-15,,0,0.0
RIQ-04420,Basic,Edtech,Hyderabad,Paid Search,Annual,13,920.0,11040.0,1.0,37.0,1,2100.0,2022-06-07,,0,0.0
RIQ-04421,Basic,E-commerce,Bengaluru,Organic Search,Monthly,1,830.0,9960.0,5.0,38.0,6,3600.0,2023-04-28,2023-05-22,1,9960.0
RIQ-04422,Basic,E-commerce,Chennai,Email Campaign,Annual,5,980.0,11760.0,1.0,80.0,1,2900.0,2022-04-27,2022-09-30,1,11760.0
RIQ-04423,Basic,Healthcare,Mumbai,Social Media,Monthly,3,630.0,7560.0,0.0,53.0,9,2500.0,2023-06-20,2023-09-26,1,7560.0
RIQ-04424,Pro,E-commerce,Mumbai,Direct,Monthly,28,2220.0,26640.0,2.0,61.0,16,11800.0,2023-09-13,,0,0.0
RIQ-04425,Basic,E-commerce,Mumbai,Organic Search,Monthly,1,850.0,10200.0,1.0,38.0,1,3700.0,2022-10-11,2022-10-29,1,10200.0
RIQ-04426,Basic,Healthcare,Bengaluru,Referral,Annual,10,610.0,7320.0,2.0,69.0,1,2100.0,2023-03-16,,0,0.0
RIQ-04427,Basic,Edtech,Mumbai,Organic Search,Monthly,4,690.0,8280.0,2.0,40.0,6,4300.0,2023-09-30,,0,0.0
RIQ-04428,Basic,E-commerce,Pune,Paid Search,Monthly,4,740.0,8880.0,1.0,62.0,5,2600.0,2023-06-13,,0,0.0
RIQ-04429,Pro,Fintech,Pune,Social Media,Annual,5,2200.0,26400.0,0.0,81.0,7,13600.0,2023-01-29,,0,0.0
RIQ-04430,Basic,Fintech,Delhi,Referral,Monthly,1,980.0,11760.0,0.0,32.0,6,3100.0,2023-11-29,2023-12-16,1,11760.0
RIQ-04431,Basic,Fintech,Chennai,Referral,Monthly,8,950.0,11400.0,2.0,31.0,6,3600.0,2022-04-03,2022-11-28,1,11400.0
RIQ-04432,Pro,Edtech,Delhi,Social Media,Monthly,23,2390.0,28680.0,0.0,56.0,13,11100.0,2023-01-06,,0,0.0
RIQ-04433,Basic,Edtech,Chennai,Referral,Annual,13,770.0,9240.0,2.0,84.0,1,4800.0,2022-01-24,,0,0.0
RIQ-04434,Basic,Healthcare,Mumbai,Organic Search,Monthly,5,730.0,8760.0,3.0,50.0,1,4000.0,2022-05-28,2022-10-17,1,8760.0
RIQ-04435,Enterprise,E-commerce,Hyderabad,Direct,Annual,6,9730.0,116760.0,0.0,44.0,19,29100.0,2022-01-28,,0,0.0
RIQ-04436,Enterprise,Healthcare,Pune,Organic Search,Annual,6,8400.0,100800.0,0.0,78.0,27,51900.0,2023-08-10,,0,0.0
RIQ-04437,Basic,E-commerce,Delhi,Social Media,Monthly,10,990.0,11880.0,3.0,9.0,9,2800.0,2022-11-20,2023-09-27,1,11880.0
RIQ-04438,Enterprise,Fintech,Chennai,Referral,Annual,24,8190.0,98280.0,1.0,72.0,18,52400.0,2022-02-26,,0,0.0
RIQ-04439,Pro,E-commerce,Delhi,Social Media,Annual,4,2480.0,29760.0,2.0,69.0,21,8300.0,2023-08-18,,0,0.0
RIQ-04440,Pro,Healthcare,Chennai,Organic Search,Monthly,1,1940.0,23280.0,1.0,71.0,16,7800.0,2023-05-24,,0,0.0
RIQ-04441,Pro,Edtech,Mumbai,Referral,Annual,19,2490.0,29880.0,1.0,79.0,9,12200.0,2023-07-12,,0,0.0
RIQ-04442,Basic,Healthcare,Mumbai,Email Campaign,Monthly,6,870.0,10440.0,1.0,49.0,10,2200.0,2023-04-19,2023-10-17,1,10440.0
RIQ-04443,Basic,Edtech,Delhi,Social Media,Annual,14,800.0,9600.0,2.0,26.0,4,3700.0,2023-07-26,,0,0.0
RIQ-04444,Pro,E-commerce,Hyderabad,Direct,Monthly,11,2260.0,27120.0,1.0,45.0,16,9600.0,2023-10-05,,0,0.0
RIQ-04445,Pro,Healthcare,Mumbai,Referral,Annual,11,2000.0,24000.0,1.0,36.0,13,9700.0,2023-07-18,,0,0.0
RIQ-04446,basic,Edtech,Mumbai,Social Media,Monthly,1,930.0,11160.0,2.0,70.0,1,3400.0,2022-01-18,2022-02-23,1,11160.0
RIQ-04447,Basic,E-commerce,Pune,Paid Search,Monthly,4,700.0,8400.0,1.0,26.0,1,2300.0,2022-04-22,2022-08-10,1,8400.0
RIQ-04448,Basic,Fintech,Pune,Direct,Annual,5,510.0,6120.0,5.0,39.0,13,4200.0,2022-12-08,,0,0.0
RIQ-04449,Basic,Edtech,Mumbai,Organic Search,Monthly,22,550.0,6600.0,3.0,27.0,3,4400.0,2023-08-04,2025-05-30,1,6600.0
RIQ-04450,Basic,Edtech,Pune,Organic Search,Annual,15,830.0,9960.0,1.0,20.0,13,3500.0,2022-04-11,,0,0.0
RIQ-04451,Basic,Fintech,Delhi,Paid Search,Annual,2,820.0,9840.0,2.0,54.0,8,4700.0,2023-05-16,2023-06-30,1,9840.0
RIQ-04452,Pro,Healthcare,Mumbai,Email Campaign,Annual,5,2460.0,29520.0,3.0,34.0,5,6400.0,2022-02-07,,0,0.0
RIQ-04453,Enterprise,E-commerce,Delhi,Direct,Annual,17,6100.0,73200.0,1.0,81.0,18,42100.0,2022-05-31,,0,0.0
RIQ-04454,Basic,Edtech,Bengaluru,Organic Search,Monthly,14,950.0,11400.0,2.0,38.0,2,2800.0,2022-08-18,,0,0.0
RIQ-04455,Enterprise,E-commerce,Delhi,Paid Search,Annual,20,9250.0,111000.0,1.0,84.0,28,56900.0,2023-11-09,,0,0.0
RIQ-04456,Basic,E-commerce,Mumbai,Organic Search,Monthly,5,620.0,7440.0,1.0,50.0,12,2100.0,2022-11-20,,0,0.0
RIQ-04457,Pro,E-commerce,Chennai,Organic Search,Annual,24,2110.0,25320.0,4.0,77.0,8,13800.0,2023-06-16,,0,0.0
RIQ-04458,Enterprise,E-commerce,Pune,Direct,Annual,16,5950.0,71400.0,1.0,75.0,19,39500.0,2022-12-29,,0,0.0
RIQ-04459,Basic,E-commerce,Bengaluru,Social Media,Monthly,23,620.0,7440.0,2.0,56.0,7,2500.0,2022-04-14,2024-03-13,1,7440.0
RIQ-04460,Pro,Edtech,Delhi,Paid Search,Annual,7,1720.0,20640.0,2.0,60.0,14,11700.0,2022-11-27,,0,0.0
RIQ-04461,Basic,E-commerce,Delhi,Direct,Monthly,14,880.0,10560.0,2.0,73.0,5,4700.0,2023-03-27,2024-05-26,1,10560.0
RIQ-04462,Basic,Fintech,Hyderabad,Social Media,Monthly,8,760.0,9120.0,3.0,42.0,6,4000.0,2023-09-25,2024-05-26,1,9120.0
RIQ-04463,Basic,Healthcare,Delhi,Referral,Monthly,14,850.0,10200.0,2.0,49.0,8,2100.0,2022-10-14,2023-12-01,1,10200.0
RIQ-04464,Pro,E-commerce,Bengaluru,Organic Search,Annual,6,1710.0,20520.0,0.0,66.0,16,8800.0,2022-03-20,,0,0.0
RIQ-04465,Pro,E-commerce,Bengaluru,Direct,Monthly,4,1550.0,18600.0,1.0,71.0,13,8000.0,2022-04-15,2022-08-22,1,18600.0
RIQ-04466,Enterprise,Fintech,Delhi,Paid Search,Annual,60,6610.0,79320.0,0.0,48.0,22,37800.0,2022-02-20,,0,0.0
RIQ-04467,Pro,Fintech,Chennai,Direct,Annual,25,1820.0,21840.0,1.0,84.0,12,13000.0,2023-02-07,,0,0.0
RIQ-04468,Basic,Fintech,Hyderabad,Email Campaign,Annual,1,870.0,10440.0,3.0,73.0,4,3300.0,2023-08-20,2023-09-24,1,10440.0
RIQ-04469,Pro,Edtech,Pune,Social Media,Annual,10,2040.0,24480.0,2.0,86.0,19,14800.0,2022-05-26,,0,0.0
RIQ-04470,Basic,Edtech,Bengaluru,Paid Search,Monthly,10,810.0,9720.0,0.0,57.0,9,3500.0,2023-01-01,2023-10-26,1,9720.0
RIQ-04471,Pro,Fintech,Pune,Paid Search,Monthly,56,2070.0,24840.0,1.0,99.0,12,12900.0,2022-10-28,,0,0.0
RIQ-04472,Pro,E-commerce,Chennai,Social Media,Annual,10,2270.0,27240.0,2.0,64.0,7,13300.0,2023-03-14,,0,0.0
RIQ-04473,Pro,Fintech,Bengaluru,Social Media,Monthly,6,1720.0,20640.0,0.0,52.0,14,8000.0,2022-05-18,2022-11-18,1,20640.0
RIQ-04474,Basic,Edtech,Delhi,Organic Search,Monthly,3,830.0,9960.0,0.0,65.0,3,3700.0,2022-05-02,2022-07-27,1,9960.0
RIQ-04475,Basic,E-commerce,Bengaluru,Social Media,Monthly,2,960.0,11520.0,1.0,33.0,9,4100.0,2023-09-08,2023-11-21,1,11520.0
RIQ-04476,Basic,E-commerce,Delhi,Paid Search,Monthly,1,550.0,6600.0,4.0,72.0,5,3700.0,2023-02-07,2023-03-24,1,6600.0
RIQ-04477,Basic,Healthcare,Mumbai,Email Campaign,Monthly,10,570.0,6840.0,1.0,50.0,1,3700.0,2022-04-01,2023-01-21,1,6840.0
RIQ-04478,Basic,Edtech,Pune,Direct,Annual,20,820.0,9840.0,1.0,42.0,3,2700.0,2022-08-21,,0,0.0
RIQ-04479,Pro,Healthcare,Mumbai,Direct,Annual,7,2490.0,29880.0,0.0,74.0,16,9100.0,2023-01-17,,0,0.0
RIQ-04480,Pro,E-commerce,Delhi,Referral,Annual,22,2040.0,24480.0,1.0,62.0,16,9500.0,2023-08-21,,0,0.0
RIQ-04481,Pro,E-commerce,Delhi,Social Media,Annual,17,2410.0,28920.0,1.0,39.0,19,9500.0,2022-11-04,,0,0.0
RIQ-04482,Basic,E-commerce,Mumbai,Email Campaign,Annual,8,630.0,7560.0,4.0,69.0,4,2400.0,2022-06-30,2023-03-05,1,7560.0
RIQ-04483,Basic,Healthcare,Pune,Organic Search,Monthly,3,770.0,9240.0,1.0,29.0,2,4800.0,2023-10-28,2024-01-13,1,9240.0
RIQ-04484,Pro,E-commerce,Bengaluru,Social Media,Monthly,28,2420.0,29040.0,1.0,48.0,14,6600.0,2023-09-17,,0,0.0
RIQ-04485,Basic,E-commerce,Delhi,Paid Search,Monthly,12,510.0,6120.0,1.0,49.0,4,2500.0,2022-06-15,2023-06-23,1,6120.0
RIQ-04486,Basic,Fintech,Delhi,Social Media,Monthly,2,780.0,9360.0,2.0,28.0,5,4500.0,2022-03-15,2022-05-19,1,9360.0
RIQ-04487,Basic,E-commerce,Mumbai,Paid Search,Annual,2,610.0,7320.0,3.0,45.0,8,4500.0,2022-11-04,,0,0.0
RIQ-04488,Enterprise,Edtech,Mumbai,Organic Search,Annual,24,9450.0,113400.0,1.0,90.0,17,47800.0,2023-08-28,,0,0.0
RIQ-04489,Pro,Edtech,Mumbai,Email Campaign,Monthly,2,2310.0,27720.0,3.0,80.0,12,15000.0,2022-10-22,,0,0.0
RIQ-04490,Basic,Healthcare,Chennai,Referral,Monthly,5,860.0,10320.0,1.0,53.0,11,3600.0,2022-05-09,,0,0.0
RIQ-04491,Basic,Healthcare,Bengaluru,Organic Search,Annual,11,620.0,7440.0,5.0,63.0,1,4300.0,2022-07-26,,0,0.0
RIQ-04492,Basic,Fintech,Delhi,Organic Search,Annual,1,980.0,11760.0,3.0,9.0,8,3000.0,2023-10-12,,0,0.0
RIQ-04493,Pro,Healthcare,Mumbai,Social Media,Monthly,27,2230.0,26760.0,1.0,54.0,10,13400.0,2023-08-23,,0,0.0
RIQ-04494,Basic,E-commerce,Chennai,Email Campaign,Monthly,3,940.0,11280.0,3.0,14.0,8,3400.0,2023-03-02,2023-05-28,1,11280.0
RIQ-04495,Pro,Healthcare,Pune,Paid Search,Annual,10,2490.0,29880.0,1.0,40.0,13,6700.0,2023-02-28,,0,0.0
RIQ-04496,Basic,Fintech,Hyderabad,Email Campaign,Monthly,10,660.0,7920.0,1.0,52.0,6,2700.0,2023-02-08,2023-12-19,1,7920.0
RIQ-04497,Pro,Fintech,Delhi,Paid Search,Annual,2,1530.0,18360.0,2.0,55.0,7,12300.0,2022-05-12,,0,0.0
RIQ-04498,Enterprise,Fintech,Mumbai,Paid Search,Annual,12,8070.0,96840.0,0.0,64.0,26,28400.0,2023-07-12,,0,0.0
RIQ-04499,Basic,Edtech,Pune,Email Campaign,Annual,1,720.0,8640.0,5.0,68.0,3,2700.0,2023-03-10,2023-04-11,1,8640.0
RIQ-04500,Pro,E-commerce,Pune,Referral,Monthly,5,2240.0,26880.0,1.0,70.0,12,10100.0,2022-04-07,,0,0.0
RIQ-04501,Pro,Healthcare,Mumbai,Referral,Monthly,1,1650.0,19800.0,1.0,74.0,20,7100.0,2022-11-08,2022-12-01,1,19800.0
RIQ-04502,Basic,Healthcare,Bengaluru,Direct,Annual,1,810.0,9720.0,0.0,38.0,4,4300.0,2022-08-05,2022-08-27,1,9720.0
RIQ-04503,Pro,Healthcare,Hyderabad,Organic Search,Monthly,10,2350.0,28200.0,0.0,34.0,13,8800.0,2023-01-05,,0,0.0
RIQ-04504,Enterprise,Healthcare,Delhi,Email Campaign,Annual,32,6880.0,82560.0,3.0,88.0,25,39600.0,2022-02-23,,0,0.0
RIQ-04505,Basic,Healthcare,Pune,Referral,Monthly,6,560.0,6720.0,2.0,65.0,5,2200.0,2022-08-12,,0,0.0
RIQ-04506,Basic,E-commerce,Hyderabad,Organic Search,Monthly,4,870.0,10440.0,2.0,81.0,1,4700.0,2023-10-21,2024-02-15,1,10440.0
RIQ-04507,Pro,Edtech,Delhi,Social Media,Annual,4,2260.0,27120.0,0.0,21.0,14,9900.0,2023-10-17,2024-02-04,1,27120.0
RIQ-04508,Basic,Edtech,Delhi,Email Campaign,Monthly,1,630.0,7560.0,,32.0,4,3800.0,2022-04-05,2022-04-29,1,7560.0
RIQ-04509,Enterprise,Edtech,Chennai,Paid Search,Monthly,34,9840.0,118080.0,1.0,72.0,25,49700.0,2023-07-15,,0,0.0
RIQ-04510,Basic,E-commerce,Delhi,Referral,Monthly,6,670.0,8040.0,2.0,64.0,2,4200.0,2022-03-07,2022-09-11,1,8040.0
RIQ-04511,Basic,Healthcare,Pune,Referral,Monthly,1,980.0,11760.0,1.0,67.0,9,4100.0,2022-10-23,2022-12-06,1,11760.0
RIQ-04512,Pro,Healthcare,Bengaluru,Referral,Annual,2,1640.0,19680.0,2.0,81.0,19,8100.0,2023-07-01,,0,0.0
RIQ-04513,Basic,Healthcare,Bengaluru,Organic Search,Monthly,19,730.0,8760.0,1.0,71.0,2,2700.0,2022-09-04,2024-04-11,1,8760.0
RIQ-04514,Basic,Edtech,Chennai,Email Campaign,Annual,16,690.0,8280.0,1.0,86.0,7,3100.0,2022-03-27,,0,0.0
RIQ-04515,Pro,E-commerce,Pune,Referral,Annual,13,1700.0,20400.0,2.0,57.0,9,8300.0,2023-01-02,,0,0.0
RIQ-04516,Basic,Fintech,Delhi,Paid Search,Monthly,6,730.0,8760.0,1.0,54.0,7,3800.0,2023-06-14,2023-12-10,1,8760.0
RIQ-04517,Basic,E-commerce,Mumbai,Email Campaign,Monthly,6,940.0,11280.0,0.0,100.0,13,2000.0,2022-01-09,2022-07-02,1,11280.0
RIQ-04518,Enterprise,E-commerce,Hyderabad,Organic Search,Annual,17,7480.0,89760.0,2.0,52.0,22,22100.0,2023-03-22,,0,0.0
RIQ-04519,Basic,Edtech,Delhi,Email Campaign,Monthly,5,760.0,9120.0,2.0,30.0,1,2200.0,2023-01-18,2023-06-18,1,9120.0
RIQ-04520,Pro,E-commerce,Mumbai,Organic Search,Annual,2,1980.0,23760.0,0.0,48.0,9,7900.0,2022-09-07,,0,0.0
RIQ-04521,Pro,E-commerce,Hyderabad,Email Campaign,Monthly,15,1590.0,19080.0,0.0,80.0,11,9900.0,2022-03-08,,0,0.0
RIQ-04522,Enterprise,Fintech,Pune,Organic Search,Annual,12,5850.0,70200.0,1.0,74.0,16,51900.0,2022-04-17,,0,0.0
RIQ-04523,Pro,Edtech,Bengaluru,Organic Search,Annual,17,1580.0,18960.0,0.0,65.0,19,11500.0,2023-04-13,,0,0.0
RIQ-04524,Basic,Edtech,Delhi,Direct,Monthly,13,760.0,9120.0,2.0,46.0,4,2400.0,2023-03-10,2024-03-28,1,9120.0
RIQ-04525,Pro,Healthcare,Mumbai,Direct,Annual,1,1910.0,22920.0,0.0,61.0,19,6000.0,2023-07-16,,0,0.0
RIQ-04526,Enterprise,E-commerce,Bengaluru,Direct,Annual,14,9110.0,109320.0,0.0,100.0,19,48900.0,2023-11-04,,0,0.0
RIQ-04527,Basic,Healthcare,Bengaluru,Referral,Monthly,1,690.0,8280.0,1.0,25.0,1,4100.0,2022-09-27,2022-10-17,1,8280.0
RIQ-04528,Basic,Fintech,Bengaluru,Email Campaign,Monthly,7,530.0,6360.0,2.0,20.0,5,2600.0,2022-07-19,2023-01-31,1,6360.0
RIQ-04529,Enterprise,Edtech,Pune,Social Media,Annual,27,9880.0,118560.0,1.0,94.0,21,33100.0,2022-12-10,,0,0.0
RIQ-04530,Basic,Edtech,Bengaluru,Organic Search,Monthly,28,910.0,10920.0,0.0,18.0,5,2900.0,2022-06-22,,0,0.0
RIQ-04531,Enterprise,Fintech,Delhi,Social Media,Annual,2,5770.0,69240.0,1.0,92.0,18,32600.0,2023-02-18,,0,0.0
RIQ-04532,Basic,E-commerce,Mumbai,Social Media,Monthly,12,630.0,7560.0,3.0,51.0,7,2400.0,2023-08-26,2024-08-23,1,7560.0
RIQ-04533,Pro,Fintech,Delhi,Referral,Annual,20,1920.0,23040.0,0.0,24.0,7,12700.0,2022-09-13,,0,0.0
RIQ-04534,Basic,Fintech,Delhi,Paid Search,Monthly,3,570.0,6840.0,0.0,53.0,5,2100.0,2022-05-20,2022-08-11,1,6840.0
RIQ-04535,Basic,Fintech,Hyderabad,Paid Search,Monthly,4,990.0,11880.0,2.0,43.0,1,4000.0,2022-05-14,2022-09-01,1,11880.0
RIQ-04536,Basic,E-commerce,Hyderabad,Paid Search,Monthly,8,830.0,9960.0,2.0,64.0,12,4000.0,2022-04-08,2022-12-19,1,9960.0
RIQ-04537,Basic,Edtech,Pune,Email Campaign,Monthly,11,540.0,6480.0,3.0,39.0,7,3600.0,2022-08-01,2023-06-20,1,6480.0
RIQ-04538,Pro,E-commerce,Pune,Social Media,Annual,20,1690.0,20280.0,0.0,78.0,13,7600.0,2023-10-20,,0,0.0
RIQ-04539,Enterprise,Healthcare,Mumbai,Organic Search,Annual,12,9860.0,118320.0,1.0,85.0,23,30200.0,2022-08-08,,0,0.0
RIQ-04540,Pro,E-commerce,Bengaluru,Paid Search,Monthly,3,2330.0,27960.0,0.0,72.0,14,9000.0,2023-02-26,,0,0.0
RIQ-04541,Pro,Edtech,Chennai,Organic Search,Annual,1,1680.0,20160.0,1.0,49.0,11,13200.0,2023-02-14,,0,0.0
RIQ-04542,Basic,Healthcare,Bengaluru,Social Media,Monthly,4,710.0,8520.0,5.0,55.0,4,2800.0,2022-01-06,2022-04-26,1,8520.0
RIQ-04543,Pro,Fintech,Hyderabad,Referral,Annual,12,1770.0,21240.0,2.0,64.0,14,11300.0,2022-02-25,,0,0.0
RIQ-04544,Pro,E-commerce,Mumbai,Email Campaign,Annual,14,1940.0,23280.0,0.0,31.0,11,10300.0,2023-04-10,,0,0.0
RIQ-04545,Pro,E-commerce,Pune,Direct,Monthly,26,2320.0,27840.0,2.0,59.0,10,11000.0,2022-10-11,,0,0.0
RIQ-04546,Pro,Edtech,Pune,Paid Search,Annual,60,1680.0,20160.0,0.0,42.0,14,9200.0,2023-04-29,,0,0.0
RIQ-04547,Pro,E-commerce,Bengaluru,Social Media,Monthly,2,1590.0,19080.0,1.0,28.0,13,14800.0,2022-07-01,,0,0.0
RIQ-04548,Basic,Edtech,Hyderabad,Paid Search,Monthly,5,910.0,10920.0,5.0,60.0,3,2200.0,2023-07-31,2024-01-09,1,10920.0
RIQ-04549,Enterprise,E-commerce,Bengaluru,Email Campaign,Annual,38,9800.0,117600.0,0.0,71.0,22,40400.0,2023-01-14,,0,0.0
RIQ-04550,Pro,E-commerce,Pune,Referral,Annual,18,2120.0,25440.0,1.0,75.0,13,6900.0,2023-03-03,,0,0.0
RIQ-04551,Basic,Fintech,Pune,Email Campaign,Monthly,13,1000.0,12000.0,2.0,21.0,1,2700.0,2022-08-13,,0,0.0
RIQ-04552,Pro,E-commerce,Hyderabad,Paid Search,Annual,4,1660.0,19920.0,1.0,37.0,15,14500.0,2023-03-29,,0,0.0
RIQ-04553,Basic,Edtech,Pune,Organic Search,Monthly,1,700.0,8400.0,0.0,15.0,3,4000.0,2022-11-22,,0,0.0
RIQ-04554,Basic,Edtech,Chennai,Organic Search,Annual,10,850.0,10200.0,3.0,38.0,1,4300.0,2023-02-22,2023-12-08,1,10200.0
RIQ-04555,Enterprise,Healthcare,Delhi,Email Campaign,Annual,2,9440.0,113280.0,1.0,57.0,11,56400.0,2022-09-13,,0,0.0
RIQ-04556,Pro,Healthcare,Pune,Referral,Annual,8,2250.0,27000.0,0.0,61.0,11,11300.0,2023-02-02,,0,0.0
RIQ-04557,Enterprise,Edtech,Hyderabad,Email Campaign,Annual,15,6690.0,80280.0,2.0,58.0,22,45800.0,2022-03-25,,0,0.0
RIQ-04558,Basic,Edtech,Bengaluru,Email Campaign,Monthly,3,970.0,11640.0,2.0,40.0,4,3900.0,2022-07-21,2022-10-27,1,11640.0
RIQ-04559,Pro,Edtech,Mumbai,Organic Search,Annual,4,1710.0,20520.0,1.0,47.0,12,10900.0,2023-11-07,,0,0.0
RIQ-04560,Basic,Edtech,Mumbai,Paid Search,Annual,12,710.0,8520.0,4.0,24.0,4,2100.0,2023-11-16,2024-11-13,1,8520.0
RIQ-04561,Basic,E-commerce,Delhi,Referral,Monthly,16,770.0,9240.0,2.0,33.0,4,3700.0,2022-10-31,,0,0.0
RIQ-04562,Enterprise,Fintech,Pune,Social Media,Annual,19,8040.0,96480.0,2.0,63.0,20,23800.0,2023-07-14,,0,0.0
RIQ-04563,Basic,Fintech,Hyderabad,Organic Search,Monthly,1,930.0,11160.0,2.0,75.0,8,4800.0,2023-11-21,,0,0.0
RIQ-04564,Enterprise,Fintech,Hyderabad,Referral,Annual,31,8910.0,106920.0,1.0,67.0,15,21200.0,2023-11-03,,0,0.0
RIQ-04565,Pro,Edtech,Bengaluru,Organic Search,Monthly,11,1520.0,18240.0,1.0,94.0,16,9400.0,2022-08-02,,0,0.0
RIQ-04566,Basic,Fintech,Hyderabad,Social Media,Monthly,3,580.0,6960.0,1.0,43.0,3,2300.0,2022-01-05,2022-04-20,1,6960.0
RIQ-04567,Enterprise,E-commerce,Pune,Referral,Monthly,56,7410.0,88920.0,0.0,76.0,22,55800.0,2023-07-22,,0,0.0
RIQ-04568,Enterprise,E-commerce,Delhi,Organic Search,Monthly,28,6930.0,83160.0,3.0,49.0,29,59200.0,2022-10-09,,0,0.0
RIQ-04569,Basic,Edtech,Mumbai,Referral,Annual,5,990.0,11880.0,2.0,71.0,6,4400.0,2023-02-12,,0,0.0
RIQ-04570,Enterprise,E-commerce,Chennai,Organic Search,Annual,9,8870.0,106440.0,0.0,73.0,24,53500.0,2023-02-11,,0,0.0
RIQ-04571,Basic,Fintech,Mumbai,Social Media,Annual,12,870.0,10440.0,2.0,48.0,4,2500.0,2023-10-11,,0,0.0
RIQ-04572,Pro,Edtech,Mumbai,Social Media,Monthly,4,2250.0,27000.0,1.0,64.0,13,11400.0,2022-07-30,2022-12-11,1,27000.0
RIQ-04573,Enterprise,Fintech,Bengaluru,Email Campaign,Annual,21,8740.0,104880.0,0.0,100.0,20,56000.0,2023-08-23,,0,0.0
RIQ-04574,Basic,Edtech,Bengaluru,Paid Search,Monthly,18,500.0,6000.0,5.0,29.0,1,3700.0,2023-02-09,2024-08-13,1,6000.0
RIQ-04575,Pro,Fintech,Hyderabad,Paid Search,Annual,22,2490.0,29880.0,1.0,62.0,16,9700.0,2022-04-23,,0,0.0
RIQ-04576,Enterprise,E-commerce,Bengaluru,Organic Search,Annual,7,8590.0,103080.0,0.0,98.0,21,38100.0,2023-08-04,,0,0.0
RIQ-04577,Enterprise,Fintech,Mumbai,Organic Search,Annual,2,8360.0,100320.0,0.0,97.0,18,28700.0,2023-02-26,,0,0.0
RIQ-04578,Basic,Fintech,Pune,Direct,Annual,8,610.0,7320.0,3.0,43.0,12,2300.0,2022-04-24,2022-12-06,1,7320.0
RIQ-04579,Basic,Edtech,Pune,Organic Search,Annual,5,890.0,10680.0,3.0,58.0,11,2100.0,2023-08-08,,0,0.0
RIQ-04580,Basic,Fintech,Mumbai,Social Media,Monthly,5,780.0,9360.0,2.0,78.0,7,3800.0,2022-10-06,2023-03-13,1,9360.0
RIQ-04581,Enterprise,Fintech,Bengaluru,Social Media,Monthly,60,6130.0,73560.0,0.0,94.0,20,56700.0,2022-10-06,,0,0.0
RIQ-04582,Basic,E-commerce,Bengaluru,Email Campaign,Monthly,6,710.0,8520.0,1.0,51.0,8,4400.0,2023-05-09,2023-11-11,1,8520.0
RIQ-04583,Basic,Fintech,Delhi,Organic Search,Monthly,3,900.0,10800.0,3.0,46.0,10,2100.0,2022-10-16,,0,0.0
RIQ-04584,Basic,Fintech,Pune,Organic Search,Monthly,4,630.0,7560.0,2.0,33.0,11,2200.0,2022-03-05,2022-07-18,1,7560.0
RIQ-04585,Basic,Healthcare,Pune,Paid Search,Monthly,4,520.0,6240.0,2.0,58.0,4,3600.0,2022-09-15,2023-01-27,1,6240.0
RIQ-04586,Pro,Edtech,Hyderabad,Referral,Monthly,11,1780.0,21360.0,1.0,70.0,6,12000.0,2023-11-02,,0,0.0
RIQ-04587,Pro,Edtech,Mumbai,Referral,Annual,1,1520.0,18240.0,1.0,43.0,20,14300.0,2022-11-16,,0,0.0
RIQ-04588,Basic,E-commerce,Delhi,Paid Search,Monthly,1,520.0,6240.0,2.0,43.0,8,4500.0,2023-06-27,2023-07-29,1,6240.0
RIQ-04589,Basic,Fintech,Chennai,Social Media,Monthly,6,560.0,6720.0,3.0,44.0,6,5000.0,2023-07-12,,0,0.0
RIQ-04590,Pro,Edtech,Delhi,Referral,Annual,7,2120.0,25440.0,0.0,62.0,15,7300.0,2022-02-10,,0,0.0
RIQ-04591,Pro,Healthcare,Bengaluru,Email Campaign,Annual,26,2270.0,27240.0,3.0,58.0,6,12700.0,2022-09-22,,0,0.0
RIQ-04592,Basic,E-commerce,Mumbai,Direct,Annual,16,780.0,9360.0,2.0,57.0,9,5000.0,2022-06-09,,0,0.0
RIQ-04593,Basic,E-commerce,Delhi,Referral,Annual,2,710.0,8520.0,2.0,56.0,10,5000.0,2023-05-05,2023-07-07,1,8520.0
RIQ-04594,Basic,E-commerce,Bengaluru,Social Media,Annual,1,960.0,11520.0,0.0,42.0,11,4800.0,2022-04-13,2022-05-04,1,11520.0
RIQ-04595,Pro,Healthcare,Pune,Paid Search,Annual,4,2290.0,27480.0,0.0,66.0,22,6800.0,2022-04-12,2022-08-22,1,27480.0
RIQ-04596,Basic,Edtech,Pune,Email Campaign,Annual,5,600.0,7200.0,1.0,31.0,7,4300.0,2022-05-19,,0,0.0
RIQ-04597,Basic,Edtech,Mumbai,Paid Search,Monthly,28,960.0,11520.0,3.0,28.0,4,5000.0,2022-01-17,,0,0.0
RIQ-04598,Enterprise,E-commerce,Mumbai,Email Campaign,Annual,28,9340.0,112080.0,2.0,58.0,20,23500.0,2022-06-15,2024-10-16,1,112080.0
RIQ-04599,Basic,Healthcare,Delhi,Organic Search,Monthly,30,550.0,6600.0,0.0,69.0,6,4500.0,2022-05-16,,0,0.0
RIQ-04600,Pro,Edtech,Pune,Referral,Monthly,16,1820.0,21840.0,1.0,52.0,12,6700.0,2023-05-12,,0,0.0
RIQ-04601,Basic,E-commerce,Delhi,Referral,Monthly,2,610.0,7320.0,3.0,48.0,8,4500.0,2023-03-23,2023-05-22,1,7320.0
RIQ-04602,Pro,Edtech,Delhi,Referral,Annual,6,2360.0,28320.0,2.0,82.0,14,8100.0,2022-07-12,,0,0.0
RIQ-04603,Pro,E-commerce,Delhi,Paid Search,Monthly,21,1580.0,18960.0,0.0,39.0,19,11500.0,2023-10-15,,0,0.0
RIQ-04604,Basic,Edtech,Mumbai,Referral,Annual,13,990.0,11880.0,3.0,70.0,9,3700.0,2022-05-06,2023-06-10,1,11880.0
RIQ-04605,Basic,Fintech,Bengaluru,Social Media,Annual,5,570.0,6840.0,2.0,23.0,8,2900.0,2022-12-23,,0,0.0
RIQ-04606,Pro,Edtech,Mumbai,Organic Search,Monthly,2,1580.0,18960.0,0.0,69.0,17,6500.0,2022-12-10,,0,0.0
RIQ-04607,Pro,Fintech,Hyderabad,Paid Search,Monthly,11,1930.0,23160.0,0.0,52.0,14,6600.0,2023-11-09,,0,0.0
RIQ-04608,Basic,E-commerce,Pune,Social Media,Annual,14,910.0,10920.0,2.0,,13,2500.0,2022-12-12,,0,0.0
RIQ-04609,Pro,Fintech,Mumbai,Social Media,Annual,2,2000.0,24000.0,0.0,67.0,8,7300.0,2022-11-16,2023-01-28,1,24000.0
RIQ-04610,Pro,E-commerce,Mumbai,Direct,Monthly,1,1990.0,23880.0,0.0,49.0,10,11300.0,2022-03-08,2022-04-21,1,23880.0
RIQ-04611,Basic,Edtech,Hyderabad,Email Campaign,Monthly,3,810.0,9720.0,2.0,53.0,10,4700.0,2023-06-18,2023-09-17,1,9720.0
RIQ-04612,Basic,Healthcare,Pune,Social Media,Monthly,2,640.0,7680.0,3.0,43.0,4,3800.0,2023-08-07,2023-10-21,1,7680.0
RIQ-04613,Basic,Healthcare,Bengaluru,Social Media,Monthly,8,550.0,6600.0,1.0,46.0,8,4200.0,2023-10-06,2024-06-09,1,6600.0
RIQ-04614,Basic,E-commerce,Mumbai,Paid Search,Annual,10,830.0,9960.0,3.0,46.0,2,3100.0,2023-02-16,2023-12-04,1,9960.0
RIQ-04615,Basic,Healthcare,Hyderabad,Organic Search,Monthly,3,570.0,6840.0,2.0,42.0,1,3900.0,2022-07-08,2022-10-05,1,6840.0
RIQ-04616,Basic,Fintech,Delhi,Paid Search,Monthly,10,700.0,8400.0,2.0,78.0,4,3200.0,2023-11-01,2024-08-23,1,8400.0
RIQ-04617,Enterprise,Edtech,Pune,Organic Search,Annual,58,5040.0,60480.0,2.0,86.0,29,54400.0,2022-01-24,,0,0.0
RIQ-04618,Enterprise,E-commerce,Bengaluru,Paid Search,Annual,9,8270.0,99240.0,1.0,73.0,22,59500.0,2022-10-09,,0,0.0
RIQ-04619,Pro,Fintech,Mumbai,Email Campaign,Monthly,8,1880.0,22560.0,4.0,74.0,20,9800.0,2023-10-26,,0,0.0
RIQ-04620,Basic,Fintech,Bengaluru,Referral,Monthly,16,520.0,6240.0,1.0,26.0,7,3300.0,2023-06-09,,0,0.0
RIQ-04621,Enterprise,Fintech,Mumbai,Email Campaign,Annual,22,5020.0,60240.0,0.0,65.0,22,41700.0,2023-10-16,,0,0.0
RIQ-04622,Basic,Edtech,Delhi,Email Campaign,Annual,4,530.0,6360.0,0.0,33.0,3,5000.0,2022-10-06,,0,0.0
RIQ-04623,Basic,E-commerce,Bengaluru,Email Campaign,Monthly,3,570.0,6840.0,1.0,65.0,2,3400.0,2022-05-25,2022-08-08,1,6840.0
RIQ-04624,Pro,Fintech,Mumbai,Social Media,Monthly,31,1610.0,19320.0,1.0,55.0,13,11900.0,2022-12-26,,0,0.0
RIQ-04625,Basic,Healthcare,Bengaluru,Referral,Annual,10,570.0,6840.0,3.0,69.0,9,2500.0,2022-06-01,,0,0.0
RIQ-04626,Basic,Healthcare,Hyderabad,Email Campaign,Monthly,5,770.0,9240.0,3.0,17.0,10,4600.0,2023-04-28,2023-09-20,1,9240.0
RIQ-04627,Basic,Edtech,Bengaluru,Email Campaign,Annual,6,800.0,9600.0,4.0,28.0,8,2900.0,2023-09-02,,0,0.0
RIQ-04628,Pro,E-commerce,Chennai,Direct,Annual,8,2230.0,26760.0,2.0,91.0,20,11400.0,2023-07-22,,0,0.0
RIQ-04629,Basic,Edtech,Pune,Email Campaign,Monthly,12,690.0,8280.0,2.0,58.0,13,2300.0,2022-04-15,2023-04-17,1,8280.0
RIQ-04630,Pro,Healthcare,Mumbai,Social Media,Monthly,10,2330.0,27960.0,2.0,70.0,17,14700.0,2022-11-18,,0,0.0
RIQ-04631,Pro,Fintech,Mumbai,Paid Search,Annual,24,2430.0,29160.0,1.0,60.0,14,10800.0,2022-06-18,,0,0.0
RIQ-04632,Basic,E-commerce,Mumbai,Organic Search,Annual,7,910.0,10920.0,2.0,49.0,9,2400.0,2023-03-24,2023-10-14,1,10920.0
RIQ-04633,Basic,Edtech,Hyderabad,Referral,Monthly,25,980.0,11760.0,3.0,36.0,10,3800.0,2023-07-24,2025-07-29,1,11760.0
RIQ-04634,Enterprise,Fintech,Mumbai,Paid Search,Annual,14,5640.0,67680.0,0.0,79.0,20,55800.0,2023-07-08,,0,0.0
RIQ-04635,Basic,Healthcare,Delhi,Paid Search,Monthly,2,550.0,6600.0,3.0,52.0,10,4600.0,2022-10-22,2023-01-04,1,6600.0
RIQ-04636,Pro,Healthcare,Pune,Social Media,Monthly,13,1580.0,18960.0,2.0,47.0,18,13100.0,2022-12-07,2024-01-13,1,18960.0
RIQ-04637,Pro,E-commerce,Chennai,Referral,Monthly,60,2410.0,28920.0,0.0,64.0,14,10200.0,2023-11-03,,0,0.0
RIQ-04638,Pro,Edtech,Delhi,Direct,Annual,23,1950.0,23400.0,1.0,51.0,10,6300.0,2023-10-06,,0,0.0
RIQ-04639,Basic,Healthcare,Bengaluru,Organic Search,Annual,10,750.0,9000.0,0.0,62.0,10,4800.0,2023-07-23,,0,0.0
RIQ-04640,Basic,E-commerce,Mumbai,Email Campaign,Monthly,11,880.0,10560.0,3.0,32.0,10,3700.0,2023-05-25,2024-05-03,1,10560.0
RIQ-04641,Enterprise,Fintech,Delhi,Paid Search,Annual,6,9980.0,119760.0,1.0,78.0,25,46700.0,2023-04-21,,0,0.0
RIQ-04642,Pro,Edtech,Delhi,Organic Search,Annual,10,1600.0,19200.0,0.0,43.0,15,14100.0,2023-11-08,,0,0.0
RIQ-04643,Enterprise,E-commerce,Pune,Email Campaign,Monthly,2,9650.0,115800.0,1.0,67.0,16,43000.0,2022-09-03,,0,0.0
RIQ-04644,Basic,Edtech,Hyderabad,Email Campaign,Monthly,3,660.0,7920.0,1.0,53.0,6,3000.0,2022-12-06,2023-03-08,1,7920.0
RIQ-04645,Pro,E-commerce,Mumbai,Organic Search,Annual,11,1870.0,22440.0,0.0,100.0,3,12900.0,2023-08-09,,0,0.0
RIQ-04646,Basic,Edtech,Delhi,Referral,Monthly,23,640.0,7680.0,3.0,52.0,3,4700.0,2023-08-13,,0,0.0
RIQ-04647,Basic,E-commerce,Pune,Email Campaign,Monthly,3,980.0,11760.0,1.0,32.0,6,2100.0,2023-08-04,2023-11-07,1,11760.0
RIQ-04648,Basic,Healthcare,Mumbai,Paid Search,Monthly,6,760.0,9120.0,3.0,60.0,7,2000.0,2023-07-11,2024-01-05,1,9120.0
RIQ-04649,Pro,Healthcare,Mumbai,Paid Search,Annual,2,1830.0,21960.0,2.0,63.0,14,10100.0,2023-04-16,,0,0.0
RIQ-04650,Basic,Healthcare,Pune,Paid Search,Annual,12,720.0,8640.0,3.0,52.0,11,3200.0,2022-02-14,2023-01-27,1,8640.0
RIQ-04651,Pro,E-commerce,Delhi,Paid Search,Monthly,10,2430.0,29160.0,1.0,53.0,11,8700.0,2023-03-05,2024-01-05,1,29160.0
RIQ-04652,Enterprise,Fintech,Pune,Email Campaign,Annual,31,5290.0,63480.0,2.0,75.0,25,31200.0,2023-01-02,,0,0.0
RIQ-04653,Basic,Edtech,Pune,Organic Search,Annual,2,740.0,8880.0,2.0,42.0,4,3800.0,2023-02-13,2023-04-18,1,8880.0
RIQ-04654,Pro,Edtech,Hyderabad,Organic Search,Monthly,15,1790.0,21480.0,0.0,49.0,12,13500.0,2022-11-05,,0,0.0
RIQ-04655,Enterprise,Fintech,Bengaluru,Paid Search,Annual,9,5900.0,70800.0,0.0,61.0,25,29600.0,2022-01-10,,0,0.0
RIQ-04656,Enterprise,Edtech,Bengaluru,Paid Search,Annual,26,5700.0,68400.0,1.0,56.0,18,20200.0,2022-09-14,,0,0.0
RIQ-04657,Pro,E-commerce,Pune,Social Media,Annual,5,1530.0,18360.0,2.0,46.0,16,8800.0,2022-03-23,2022-08-19,1,18360.0
RIQ-04658,Basic,E-commerce,Mumbai,Social Media,Annual,5,670.0,8040.0,1.0,56.0,3,2300.0,2023-02-12,2023-07-16,1,8040.0
RIQ-04659,Basic,E-commerce,Pune,Direct,Annual,3,640.0,7680.0,2.0,17.0,12,4800.0,2023-08-22,,0,0.0
RIQ-04660,Enterprise,Edtech,Bengaluru,Social Media,Annual,10,7810.0,93720.0,2.0,60.0,22,34800.0,2023-01-23,,0,0.0
RIQ-04661,Basic,E-commerce,Mumbai,Paid Search,Annual,21,530.0,6360.0,0.0,52.0,7,4000.0,2022-08-07,2024-04-20,1,6360.0
RIQ-04662,Pro,Healthcare,Mumbai,Organic Search,Monthly,34,2100.0,25200.0,3.0,39.0,5,8000.0,2023-01-03,,0,0.0
RIQ-04663,Basic,E-commerce,Chennai,Organic Search,Monthly,8,820.0,9840.0,5.0,48.0,6,3600.0,2022-05-23,,0,0.0
RIQ-04664,Pro,Fintech,Delhi,Direct,Monthly,1,2410.0,28920.0,1.0,52.0,16,9500.0,2022-05-24,,0,0.0
RIQ-04665,Basic,E-commerce,Mumbai,Referral,Annual,7,840.0,10080.0,1.0,30.0,5,3300.0,2023-09-07,2024-03-22,1,10080.0
RIQ-04666,Pro,Edtech,Pune,Social Media,Monthly,11,1660.0,19920.0,3.0,68.0,15,6200.0,2022-05-23,,0,0.0
RIQ-04667,Basic,Fintech,Pune,Organic Search,Monthly,4,730.0,8760.0,3.0,59.0,1,2400.0,2022-07-01,2022-11-11,1,8760.0
RIQ-04668,Pro,Fintech,Bengaluru,Email Campaign,Monthly,33,2400.0,28800.0,0.0,36.0,22,10300.0,2023-01-27,,0,0.0
RIQ-04669,Basic,Fintech,Mumbai,Paid Search,Monthly,1,500.0,6000.0,4.0,100.0,7,4500.0,2022-08-15,2022-09-03,1,6000.0
RIQ-04670,Basic,Fintech,Delhi,Direct,Monthly,2,560.0,6720.0,0.0,20.0,11,2500.0,2022-08-25,2022-10-27,1,6720.0
RIQ-04671,pro,E-commerce,Pune,Social Media,Monthly,12,2440.0,29280.0,2.0,80.0,11,7400.0,2023-01-02,,0,0.0
RIQ-04672,Basic,Edtech,Bengaluru,Referral,Annual,2,830.0,9960.0,2.0,56.0,2,2300.0,2022-02-19,,0,0.0
RIQ-04673,Basic,E-commerce,Pune,Organic Search,Annual,4,690.0,8280.0,0.0,45.0,13,3800.0,2022-08-20,2022-12-18,1,8280.0
RIQ-04674,Pro,Edtech,Delhi,Referral,Annual,26,1560.0,18720.0,1.0,57.0,16,11200.0,2022-01-23,,0,0.0
RIQ-04675,Pro,E-commerce,Bengaluru,Social Media,Monthly,8,1600.0,19200.0,0.0,50.0,13,9400.0,2022-05-30,2023-01-15,1,19200.0
RIQ-04676,Pro,Fintech,Chennai,Paid Search,Annual,25,1780.0,21360.0,2.0,74.0,7,12700.0,2023-05-20,,0,0.0
RIQ-04677,Basic,Fintech,Mumbai,Organic Search,Monthly,10,800.0,9600.0,2.0,50.0,6,3300.0,2022-01-03,2022-11-07,1,9600.0
RIQ-04678,Enterprise,Edtech,Bengaluru,Organic Search,Monthly,7,5710.0,68520.0,0.0,41.0,24,49100.0,2022-01-01,,0,0.0
RIQ-04679,Pro,Fintech,Pune,Social Media,Annual,8,2480.0,29760.0,1.0,40.0,20,6700.0,2022-05-20,,0,0.0
RIQ-04680,Basic,Edtech,Delhi,Direct,Monthly,23,810.0,9720.0,4.0,57.0,1,4700.0,2023-04-22,,0,0.0
RIQ-04681,Pro,E-commerce,Pune,Email Campaign,Monthly,31,1830.0,21960.0,2.0,54.0,11,8600.0,2022-10-24,,0,0.0
RIQ-04682,Pro,E-commerce,Mumbai,Referral,Annual,1,1510.0,18120.0,0.0,41.0,13,14500.0,2022-05-02,,0,0.0
RIQ-04683,Basic,E-commerce,Delhi,Referral,Monthly,28,840.0,10080.0,2.0,20.0,8,4800.0,2022-04-17,,0,0.0
RIQ-04684,Basic,Fintech,Chennai,Social Media,Monthly,4,710.0,8520.0,1.0,8.0,9,3300.0,2023-03-07,2023-07-12,1,8520.0
RIQ-04685,Basic,Fintech,Chennai,Organic Search,Annual,7,730.0,8760.0,4.0,73.0,3,2200.0,2023-03-05,,0,0.0
RIQ-04686,Enterprise,E-commerce,Mumbai,Social Media,Annual,2,7770.0,93240.0,1.0,100.0,19,36300.0,2023-10-26,,0,0.0
RIQ-04687,Enterprise,Fintech,Bengaluru,Referral,Annual,16,5370.0,64440.0,1.0,66.0,26,22800.0,2023-10-02,,0,0.0
RIQ-04688,Pro,E-commerce,Hyderabad,Email Campaign,Monthly,18,1610.0,19320.0,1.0,49.0,14,12100.0,2023-05-05,,0,0.0
RIQ-04689,Enterprise,Edtech,Hyderabad,Referral,Annual,60,6930.0,83160.0,2.0,51.0,19,29800.0,2023-05-05,,0,0.0
RIQ-04690,Basic,Healthcare,Pune,Email Campaign,Monthly,2,570.0,6840.0,0.0,51.0,3,2400.0,2023-12-02,2024-01-31,1,6840.0
RIQ-04691,Pro,E-commerce,Bengaluru,Referral,Annual,15,2370.0,28440.0,2.0,62.0,8,10700.0,2023-01-23,,0,0.0
RIQ-04692,Enterprise,Edtech,Bengaluru,Social Media,Monthly,18,7560.0,90720.0,0.0,73.0,19,23300.0,2023-03-01,,0,0.0
RIQ-04693,Pro,Fintech,Mumbai,Referral,Annual,16,2340.0,28080.0,1.0,69.0,16,6200.0,2023-09-13,,0,0.0
RIQ-04694,Basic,Healthcare,Pune,Organic Search,Monthly,13,870.0,10440.0,1.0,49.0,11,4500.0,2023-04-10,,0,0.0
RIQ-04695,Basic,Healthcare,Pune,Email Campaign,Monthly,3,880.0,10560.0,1.0,46.0,1,4100.0,2023-08-02,2023-11-14,1,10560.0
RIQ-04696,Basic,Fintech,Delhi,Organic Search,Annual,5,540.0,6480.0,3.0,49.0,4,2800.0,2022-05-27,,0,0.0
RIQ-04697,Basic,Fintech,Chennai,Direct,Monthly,9,750.0,9000.0,6.0,62.0,6,3800.0,2023-01-25,2023-10-19,1,9000.0
RIQ-04698,Basic,Healthcare,Pune,Organic Search,Monthly,1,980.0,11760.0,2.0,46.0,7,3500.0,2022-09-22,2022-10-10,1,11760.0
RIQ-04699,Basic,Fintech,Bengaluru,Direct,Monthly,2,750.0,9000.0,4.0,31.0,3,2200.0,2022-12-17,2023-02-18,1,9000.0
RIQ-04700,Basic,Edtech,Pune,Direct,Monthly,9,960.0,11520.0,2.0,45.0,3,2300.0,2022-05-23,2023-02-03,1,11520.0
RIQ-04701,Basic,E-commerce,Mumbai,Direct,Annual,28,510.0,6120.0,0.0,57.0,1,4400.0,2023-02-02,,0,0.0
RIQ-04702,Basic,Healthcare,Chennai,Referral,Monthly,14,650.0,7800.0,2.0,32.0,7,4600.0,2023-03-18,2024-05-10,1,7800.0
RIQ-04703,Basic,E-commerce,Mumbai,Email Campaign,Monthly,13,680.0,8160.0,3.0,46.0,9,3500.0,2022-05-28,,0,0.0
RIQ-04704,Basic,E-commerce,Mumbai,Social Media,Annual,15,670.0,8040.0,2.0,27.0,4,3500.0,2022-09-12,,0,0.0
RIQ-04705,Basic,Healthcare,Hyderabad,Organic Search,Monthly,6,660.0,7920.0,3.0,38.0,5,3400.0,2023-01-31,2023-08-03,1,7920.0
RIQ-04706,Pro,Fintech,Delhi,Organic Search,Monthly,37,2010.0,24120.0,1.0,55.0,12,7500.0,2023-08-26,,0,0.0
RIQ-04707,Pro,Fintech,Chennai,Organic Search,Annual,3,2080.0,24960.0,0.0,80.0,13,6200.0,2023-01-12,,0,0.0
RIQ-04708,Pro,Healthcare,Hyderabad,Paid Search,Monthly,20,1640.0,19680.0,2.0,49.0,4,11200.0,2022-01-06,,0,0.0
RIQ-04709,Basic,Edtech,Mumbai,Direct,Monthly,3,710.0,8520.0,1.0,55.0,2,4800.0,2023-01-28,2023-04-30,1,8520.0
RIQ-04710,Basic,Edtech,Hyderabad,Direct,Monthly,6,840.0,10080.0,4.0,42.0,1,2400.0,2023-03-08,2023-09-13,1,10080.0
RIQ-04711,Pro,E-commerce,Delhi,Organic Search,Monthly,3,1990.0,23880.0,2.0,59.0,10,12700.0,2023-09-04,,0,0.0
RIQ-04712,Basic,Edtech,Bengaluru,Direct,Annual,1,810.0,9720.0,0.0,44.0,6,4300.0,2023-08-22,,0,0.0
RIQ-04713,Basic,E-commerce,Delhi,Email Campaign,Annual,15,930.0,11160.0,2.0,59.0,5,2400.0,2022-03-16,,0,0.0
RIQ-04714,Basic,Fintech,Bengaluru,Social Media,Monthly,5,890.0,10680.0,1.0,30.0,3,2000.0,2023-01-16,2023-06-28,1,10680.0
RIQ-04715,Basic,Edtech,Chennai,Paid Search,Monthly,1,950.0,11400.0,2.0,53.0,5,3700.0,2023-04-18,,0,0.0
RIQ-04716,Pro,Fintech,Bengaluru,Paid Search,Monthly,21,2200.0,26400.0,0.0,44.0,13,9100.0,2022-01-07,,0,0.0
RIQ-04717,Basic,Edtech,Bengaluru,Referral,Monthly,5,780.0,9360.0,5.0,60.0,1,2300.0,2022-05-21,2022-10-14,1,9360.0
RIQ-04718,Basic,Fintech,Bengaluru,Organic Search,Annual,10,520.0,6240.0,5.0,39.0,4,2700.0,2022-01-25,2022-11-12,1,6240.0
RIQ-04719,Pro,Edtech,Delhi,Direct,Monthly,10,1790.0,21480.0,1.0,82.0,10,14500.0,2023-07-23,,0,0.0
RIQ-04720,Basic,Healthcare,Hyderabad,Email Campaign,Annual,2,570.0,6840.0,1.0,25.0,1,2600.0,2022-09-06,,0,0.0
RIQ-04721,Pro,Edtech,Bengaluru,Organic Search,Monthly,26,2190.0,26280.0,2.0,58.0,16,8400.0,2023-08-05,,0,0.0
RIQ-04722,Pro,Healthcare,Delhi,Paid Search,Annual,8,2420.0,29040.0,0.0,62.0,18,12600.0,2023-05-15,,0,0.0
RIQ-04723,Basic,E-commerce,Mumbai,Referral,Monthly,2,600.0,7200.0,2.0,46.0,2,4000.0,2023-10-08,2023-11-29,1,7200.0
RIQ-04724,Pro,Healthcare,Delhi,Paid Search,Monthly,30,2310.0,27720.0,2.0,53.0,15,7000.0,2023-03-13,,0,0.0
RIQ-04725,Basic,E-commerce,Hyderabad,Email Campaign,Annual,3,940.0,11280.0,3.0,58.0,1,2100.0,2022-06-05,,0,0.0
RIQ-04726,Pro,E-commerce,Hyderabad,Organic Search,Annual,11,2390.0,28680.0,1.0,45.0,8,10500.0,2023-11-24,,0,0.0
RIQ-04727,Basic,Edtech,Mumbai,Direct,Monthly,23,690.0,8280.0,1.0,28.0,5,4900.0,2022-09-17,2024-08-16,1,8280.0
RIQ-04728,Pro,E-commerce,Bengaluru,Organic Search,Monthly,12,2250.0,27000.0,0.0,62.0,17,12100.0,2023-03-10,,0,0.0
RIQ-04729,Basic,Edtech,Mumbai,Social Media,Monthly,3,970.0,11640.0,5.0,38.0,12,4800.0,2023-06-06,2023-08-25,1,11640.0
RIQ-04730,Basic,Edtech,Bengaluru,Organic Search,Monthly,16,750.0,9000.0,4.0,44.0,2,2300.0,2023-10-16,,0,0.0
RIQ-04731,Basic,Fintech,Mumbai,Organic Search,Monthly,6,670.0,8040.0,4.0,50.0,1,3800.0,2023-11-25,2024-05-16,1,8040.0
RIQ-04732,Basic,Edtech,Pune,Email Campaign,Monthly,4,960.0,11520.0,3.0,37.0,1,3700.0,2022-05-17,2022-08-30,1,11520.0
RIQ-04733,Basic,Edtech,Chennai,Social Media,Monthly,10,780.0,9360.0,2.0,53.0,4,4600.0,2022-02-23,2022-12-08,1,9360.0
RIQ-04734,Pro,E-commerce,Delhi,Social Media,Monthly,25,2260.0,27120.0,0.0,59.0,8,14400.0,2022-04-06,,0,0.0
RIQ-04735,Pro,Edtech,Pune,Referral,Annual,3,2320.0,27840.0,1.0,73.0,17,14100.0,2022-01-01,,0,0.0
RIQ-04736,Basic,Healthcare,Mumbai,Organic Search,Monthly,12,550.0,6600.0,0.0,65.0,9,4400.0,2022-12-20,,0,0.0
RIQ-04737,Basic,Healthcare,Bengaluru,Social Media,Monthly,6,850.0,10200.0,3.0,52.0,2,4600.0,2022-03-03,2022-09-01,1,10200.0
RIQ-04738,Pro,E-commerce,Bengaluru,Organic Search,Monthly,9,2010.0,24120.0,1.0,57.0,6,12600.0,2023-10-17,,0,0.0
RIQ-04739,Enterprise,Edtech,Bengaluru,Direct,Annual,42,8190.0,98280.0,0.0,63.0,24,22600.0,2022-03-04,,0,0.0
RIQ-04740,Pro,E-commerce,Mumbai,Email Campaign,Monthly,29,1900.0,22800.0,1.0,58.0,21,12200.0,2023-06-06,,0,0.0
RIQ-04741,Enterprise,Healthcare,Bengaluru,Paid Search,Annual,60,5950.0,71400.0,1.0,80.0,20,45800.0,2023-10-12,,0,0.0
RIQ-04742,Pro,Fintech,Bengaluru,Referral,Annual,2,1980.0,23760.0,1.0,67.0,4,10600.0,2023-04-15,,0,0.0
RIQ-04743,Pro,E-commerce,Delhi,Paid Search,Annual,9,2120.0,25440.0,1.0,80.0,14,9600.0,2022-01-13,,0,0.0
RIQ-04744,Pro,Edtech,Hyderabad,Organic Search,Monthly,1,1880.0,22560.0,0.0,63.0,8,13600.0,2023-04-04,,0,0.0
RIQ-04745,Pro,Healthcare,Pune,Direct,Annual,8,1760.0,21120.0,1.0,83.0,16,11500.0,2022-04-04,,0,0.0
RIQ-04746,Basic,E-commerce,Hyderabad,Social Media,Monthly,19,730.0,8760.0,1.0,65.0,7,2300.0,2023-11-04,,0,0.0
RIQ-04747,Basic,Healthcare,Delhi,Email Campaign,Monthly,5,780.0,9360.0,4.0,48.0,7,4100.0,2022-07-29,2022-12-26,1,9360.0
RIQ-04748,Basic,Healthcare,Delhi,Social Media,Monthly,12,760.0,9120.0,4.0,42.0,1,4900.0,2023-02-03,2024-01-27,1,9120.0
RIQ-04749,Basic,Healthcare,Delhi,Paid Search,Monthly,6,540.0,6480.0,1.0,44.0,12,4500.0,2023-08-08,2024-02-04,1,6480.0
RIQ-04750,Basic,Fintech,Delhi,Paid Search,Monthly,5,870.0,10440.0,2.0,68.0,7,4000.0,2023-06-18,2023-11-06,1,10440.0
RIQ-04751,Pro,E-commerce,Chennai,Social Media,Annual,12,2370.0,28440.0,1.0,75.0,16,14700.0,2022-11-25,2023-12-02,1,28440.0
RIQ-04752,Basic,E-commerce,Bengaluru,Referral,Annual,7,690.0,8280.0,1.0,44.0,5,3100.0,2022-09-19,,0,0.0
RIQ-04753,Pro,E-commerce,Delhi,Social Media,Monthly,17,1920.0,23040.0,2.0,38.0,11,10900.0,2023-03-27,,0,0.0
RIQ-04754,Basic,E-commerce,Chennai,Social Media,Annual,3,970.0,11640.0,3.0,72.0,4,4000.0,2022-09-11,2022-12-13,1,11640.0
RIQ-04755,Pro,Healthcare,Delhi,Paid Search,Monthly,14,1780.0,21360.0,0.0,4.0,9,7300.0,2023-02-02,,0,0.0
RIQ-04756,Pro,E-commerce,Delhi,Organic Search,Annual,8,2280.0,27360.0,1.0,62.0,12,6400.0,2023-05-09,,0,0.0
RIQ-04757,Pro,E-commerce,Delhi,Organic Search,Monthly,5,2040.0,24480.0,1.0,45.0,20,10900.0,2022-10-02,2023-03-15,1,24480.0
RIQ-04758,Pro,E-commerce,Bengaluru,Paid Search,Monthly,27,1710.0,20520.0,2.0,87.0,19,13100.0,2022-07-27,,0,0.0
RIQ-04759,Enterprise,Edtech,Pune,Social Media,Annual,18,5790.0,69480.0,1.0,78.0,23,37200.0,2023-04-19,,0,0.0
RIQ-04760,Pro,E-commerce,Mumbai,Email Campaign,Annual,27,2060.0,24720.0,1.0,95.0,15,8800.0,2023-10-25,,0,0.0
RIQ-04761,Basic,E-commerce,Mumbai,Social Media,Monthly,4,900.0,10800.0,1.0,55.0,5,3000.0,2022-03-04,2022-06-22,1,10800.0
RIQ-04762,Basic,Fintech,Mumbai,Direct,Monthly,7,650.0,7800.0,4.0,38.0,9,2700.0,2022-04-20,2022-12-01,1,7800.0
RIQ-04763,Enterprise,Healthcare,Bengaluru,Email Campaign,Annual,43,5950.0,71400.0,1.0,84.0,28,38900.0,2022-01-08,,0,0.0
RIQ-04764,Enterprise,Fintech,Bengaluru,Email Campaign,Annual,14,9430.0,113160.0,0.0,100.0,22,29000.0,2022-01-09,,0,0.0
RIQ-04765,Pro,Fintech,Bengaluru,Paid Search,Monthly,39,2360.0,28320.0,1.0,39.0,18,13100.0,2022-06-20,,0,0.0
RIQ-04766,Basic,Edtech,Hyderabad,Social Media,Monthly,7,960.0,11520.0,0.0,27.0,13,4600.0,2022-04-29,2022-11-13,1,11520.0
RIQ-04767,Pro,Edtech,Delhi,Organic Search,Annual,15,1630.0,19560.0,2.0,59.0,14,14300.0,2023-05-08,,0,0.0
RIQ-04768,Pro,Healthcare,Mumbai,Paid Search,Monthly,7,2280.0,27360.0,2.0,68.0,12,14200.0,2022-03-04,,0,0.0
RIQ-04769,Basic,E-commerce,Mumbai,Social Media,Monthly,5,520.0,6240.0,3.0,40.0,3,4600.0,2022-05-25,2022-10-29,1,6240.0
RIQ-04770,Pro,Fintech,Hyderabad,Paid Search,Monthly,9,1790.0,21480.0,1.0,82.0,14,14700.0,2022-08-10,,0,0.0
RIQ-04771,Pro,Edtech,Delhi,Direct,Annual,2,2160.0,25920.0,0.0,55.0,16,10200.0,2023-11-10,,0,0.0
RIQ-04772,Pro,Fintech,Bengaluru,Social Media,Annual,4,2330.0,27960.0,0.0,75.0,15,12100.0,2023-03-14,,0,0.0
RIQ-04773,Enterprise,Fintech,Pune,Organic Search,Annual,37,7370.0,88440.0,1.0,68.0,21,34000.0,2023-01-21,,0,0.0
RIQ-04774,Pro,Fintech,Pune,Referral,Monthly,2,1900.0,22800.0,1.0,85.0,18,6400.0,2023-04-12,,0,0.0
RIQ-04775,Enterprise,Healthcare,Mumbai,Social Media,Annual,19,8410.0,100920.0,1.0,80.0,22,51200.0,2023-06-21,,0,0.0
RIQ-04776,Pro,E-commerce,Bengaluru,Social Media,Monthly,30,1520.0,18240.0,2.0,77.0,6,7400.0,2023-09-22,,0,0.0
RIQ-04777,Basic,Healthcare,Mumbai,Organic Search,Monthly,6,920.0,11040.0,3.0,36.0,8,3100.0,2022-05-22,2022-11-24,1,11040.0
RIQ-04778,Basic,Edtech,Delhi,Email Campaign,Monthly,12,730.0,8760.0,5.0,60.0,14,4100.0,2022-07-25,2023-08-04,1,8760.0
RIQ-04779,Basic,Fintech,Delhi,Social Media,Monthly,4,540.0,6480.0,0.0,62.0,6,5000.0,2022-09-22,2023-01-12,1,6480.0
RIQ-04780,Basic,E-commerce,Bengaluru,Social Media,Monthly,1,680.0,8160.0,1.0,50.0,9,4000.0,2022-10-19,2022-11-18,1,8160.0
RIQ-04781,Basic,E-commerce,Delhi,Social Media,Monthly,1,670.0,8040.0,0.0,46.0,6,2300.0,2023-10-18,2023-11-20,1,8040.0
RIQ-04782,Enterprise,E-commerce,Delhi,Direct,Annual,30,8730.0,104760.0,0.0,92.0,24,53200.0,2022-04-09,,0,0.0
RIQ-04783,Basic,Fintech,Hyderabad,Organic Search,Monthly,10,570.0,6840.0,1.0,82.0,10,2100.0,2022-01-10,,0,0.0
RIQ-04784,Basic,E-commerce,Hyderabad,Referral,Monthly,37,780.0,9360.0,1.0,65.0,5,4000.0,2022-08-02,,0,0.0
RIQ-04785,Basic,Edtech,Mumbai,Direct,Annual,2,800.0,9600.0,1.0,48.0,8,4600.0,2023-07-24,2023-10-06,1,9600.0
RIQ-04786,Basic,Edtech,Hyderabad,Paid Search,Monthly,10,750.0,9000.0,1.0,48.0,1,3500.0,2022-07-31,2023-05-23,1,9000.0
RIQ-04787,Enterprise,Fintech,Bengaluru,Social Media,Monthly,1,6420.0,77040.0,1.0,95.0,20,30100.0,2023-02-17,,0,0.0
RIQ-04788,Basic,Fintech,Mumbai,Social Media,Annual,3,620.0,7440.0,3.0,54.0,9,4800.0,2023-06-02,,0,0.0
RIQ-04789,Basic,Edtech,Pune,Paid Search,Annual,1,640.0,7680.0,2.0,59.0,7,4400.0,2022-09-03,,0,0.0
RIQ-04790,Basic,Fintech,Bengaluru,Paid Search,Annual,19,970.0,11640.0,0.0,31.0,5,2400.0,2023-05-22,2024-12-19,1,11640.0
RIQ-04791,Basic,Healthcare,Delhi,Organic Search,Annual,2,570.0,6840.0,2.0,59.0,1,2400.0,2023-06-15,,0,0.0
RIQ-04792,Pro,Healthcare,Chennai,Social Media,Monthly,6,2360.0,28320.0,2.0,58.0,16,12500.0,2023-08-30,2024-03-10,1,28320.0
RIQ-04793,Basic,Edtech,Bengaluru,Social Media,Annual,5,640.0,7680.0,1.0,46.0,6,4400.0,2022-02-10,,0,0.0
RIQ-04794,Enterprise,E-commerce,Mumbai,Email Campaign,Annual,38,8290.0,99480.0,0.0,89.0,31,23500.0,2022-01-22,,0,0.0
RIQ-04795,Enterprise,Healthcare,Chennai,Social Media,Annual,11,8330.0,99960.0,1.0,93.0,16,43600.0,2023-01-22,,0,0.0
RIQ-04796,Basic,Fintech,Bengaluru,Organic Search,Annual,4,780.0,9360.0,0.0,36.0,5,2600.0,2022-12-13,2023-04-05,1,9360.0
RIQ-04797,Pro,Healthcare,Bengaluru,Organic Search,Monthly,15,1900.0,22800.0,0.0,66.0,8,6500.0,2023-10-30,,0,0.0
RIQ-04798,Pro,Healthcare,Mumbai,Paid Search,Annual,14,2220.0,26640.0,3.0,39.0,16,9800.0,2022-08-29,,0,0.0
RIQ-04799,Basic,Healthcare,Pune,Organic Search,Annual,34,610.0,7320.0,1.0,43.0,8,4100.0,2023-09-05,,0,0.0
RIQ-04800,Pro,Healthcare,Bengaluru,Referral,Annual,54,1510.0,18120.0,1.0,48.0,19,6300.0,2022-03-01,,0,0.0
RIQ-04801,Basic,Fintech,Bengaluru,Paid Search,Monthly,5,910.0,10920.0,,65.0,14,2200.0,2023-08-26,2024-01-15,1,10920.0
RIQ-04802,Pro,Edtech,Bengaluru,Paid Search,Monthly,5,1500.0,18000.0,2.0,100.0,12,10800.0,2022-11-14,,0,0.0
RIQ-04803,Basic,E-commerce,Pune,Referral,Monthly,13,760.0,9120.0,1.0,80.0,3,3000.0,2022-08-25,,0,0.0
RIQ-04804,Basic,Edtech,Pune,Social Media,Monthly,2,770.0,9240.0,2.0,53.0,6,2500.0,2023-09-07,2023-11-15,1,9240.0
RIQ-04805,Pro,E-commerce,Mumbai,Organic Search,Monthly,3,1730.0,20760.0,2.0,67.0,16,10000.0,2022-09-26,2023-01-01,1,20760.0
RIQ-04806,Pro,Edtech,Delhi,Paid Search,Annual,1,1740.0,20880.0,1.0,55.0,14,10800.0,2023-03-04,,0,0.0
RIQ-04807,Pro,E-commerce,Delhi,Organic Search,Annual,17,2010.0,24120.0,0.0,44.0,15,7200.0,2022-03-26,,0,0.0
RIQ-04808,Basic,E-commerce,Delhi,Email Campaign,Monthly,2,760.0,9120.0,5.0,64.0,1,5000.0,2022-12-24,2023-03-06,1,9120.0
RIQ-04809,Enterprise,Healthcare,Delhi,Social Media,Annual,2,7290.0,87480.0,1.0,84.0,23,54900.0,2022-09-20,,0,0.0
RIQ-04810,Pro,E-commerce,Delhi,Social Media,Annual,7,2410.0,28920.0,0.0,42.0,14,13500.0,2022-08-14,,0,0.0
RIQ-04811,Basic,E-commerce,Bengaluru,Social Media,Monthly,18,520.0,6240.0,0.0,55.0,13,3600.0,2022-12-24,2024-06-22,1,6240.0
RIQ-04812,Pro,Edtech,Chennai,Email Campaign,Annual,14,1740.0,20880.0,1.0,60.0,17,14400.0,2023-09-20,,0,0.0
RIQ-04813,Basic,Edtech,Hyderabad,Organic Search,Monthly,1,810.0,9720.0,2.0,38.0,8,2300.0,2022-10-25,2022-11-13,1,9720.0
RIQ-04814,basic,Edtech,Bengaluru,Email Campaign,Monthly,5,650.0,7800.0,2.0,49.0,5,3800.0,2023-11-15,2024-04-11,1,7800.0
RIQ-04815,Pro,Healthcare,Hyderabad,Social Media,Monthly,12,2360.0,28320.0,2.0,43.0,15,12600.0,2023-10-26,,0,0.0
RIQ-04816,Enterprise,Fintech,Delhi,Organic Search,Annual,13,7430.0,89160.0,1.0,86.0,26,39800.0,2023-05-06,,0,0.0
RIQ-04817,Enterprise,Fintech,Mumbai,Direct,Annual,8,6990.0,83880.0,1.0,85.0,17,58300.0,2022-05-09,,0,0.0
RIQ-04818,Enterprise,Healthcare,Delhi,Organic Search,Monthly,60,7040.0,84480.0,1.0,67.0,22,46600.0,2022-08-30,,0,0.0
RIQ-04819,Basic,Edtech,Hyderabad,Email Campaign,Monthly,10,680.0,8160.0,4.0,51.0,3,4000.0,2022-03-31,2023-02-02,1,8160.0
RIQ-04820,Basic,Edtech,Bengaluru,Email Campaign,Monthly,10,580.0,6960.0,2.0,47.0,1,3800.0,2023-02-16,2023-12-03,1,6960.0
RIQ-04821,Pro,Fintech,Bengaluru,Paid Search,Monthly,6,1940.0,23280.0,1.0,61.0,23,12300.0,2023-06-12,,0,0.0
RIQ-04822,Basic,Fintech,Pune,Referral,Monthly,14,820.0,9840.0,4.0,1.0,1,3200.0,2022-03-29,2023-06-07,1,9840.0
RIQ-04823,Basic,Healthcare,Bengaluru,Email Campaign,Annual,11,770.0,9240.0,1.0,57.0,6,3800.0,2023-10-19,,0,0.0
RIQ-04824,Pro,Edtech,Mumbai,Paid Search,Monthly,14,2110.0,25320.0,0.0,51.0,19,11300.0,2023-04-20,,0,0.0
RIQ-04825,Pro,E-commerce,Chennai,Social Media,Monthly,19,2060.0,24720.0,1.0,68.0,16,9100.0,2022-04-19,,0,0.0
RIQ-04826,Pro,Fintech,Pune,Organic Search,Monthly,4,1960.0,23520.0,1.0,,16,13500.0,2023-03-21,2023-07-14,1,23520.0
RIQ-04827,Basic,E-commerce,Bengaluru,Organic Search,Annual,16,510.0,6120.0,3.0,50.0,6,4700.0,2022-07-12,,0,0.0
RIQ-04828,Pro,E-commerce,Hyderabad,Direct,Monthly,3,1520.0,18240.0,1.0,71.0,10,14300.0,2022-01-31,,0,0.0
RIQ-04829,Pro,E-commerce,Mumbai,Direct,Monthly,18,1790.0,21480.0,0.0,75.0,10,14500.0,2023-03-28,,0,0.0
RIQ-04830,Enterprise,E-commerce,Delhi,Social Media,Monthly,28,7410.0,88920.0,0.0,43.0,17,52900.0,2023-08-20,,0,0.0
RIQ-04831,Enterprise,E-commerce,Bengaluru,Paid Search,Annual,4,7950.0,95400.0,0.0,41.0,20,23700.0,2022-12-27,,0,0.0
RIQ-04832,Basic,Fintech,Mumbai,Organic Search,Monthly,2,770.0,9240.0,1.0,81.0,5,2300.0,2022-03-24,2022-05-28,1,9240.0
RIQ-04833,Basic,E-commerce,Pune,Paid Search,Monthly,14,520.0,6240.0,1.0,44.0,2,4300.0,2023-10-30,2024-12-19,1,6240.0
RIQ-04834,Basic,E-commerce,Pune,Social Media,Monthly,10,630.0,7560.0,1.0,0.0,1,3900.0,2023-09-01,2024-07-04,1,7560.0
RIQ-04835,Basic,E-commerce,Hyderabad,Referral,Annual,4,920.0,11040.0,3.0,58.0,2,3000.0,2023-05-19,,0,0.0
RIQ-04836,Basic,E-commerce,Bengaluru,Referral,Annual,2,620.0,7440.0,4.0,60.0,2,4300.0,2022-01-18,,0,0.0
RIQ-04837,Basic,Fintech,Chennai,Social Media,Monthly,2,550.0,6600.0,2.0,28.0,5,3900.0,2022-06-03,2022-07-28,1,6600.0
RIQ-04838,Pro,Healthcare,Hyderabad,Email Campaign,Annual,9,2330.0,27960.0,0.0,91.0,17,7500.0,2022-02-06,,0,0.0
RIQ-04839,Basic,Edtech,Mumbai,Email Campaign,Monthly,6,510.0,6120.0,1.0,58.0,6,3800.0,2023-11-09,2024-05-12,1,6120.0
RIQ-04840,Basic,Edtech,Bengaluru,Social Media,Annual,9,610.0,7320.0,1.0,32.0,6,3200.0,2022-07-13,,0,0.0
RIQ-04841,Basic,E-commerce,Pune,Paid Search,Monthly,10,780.0,9360.0,3.0,42.0,6,2500.0,2023-01-29,,0,0.0
RIQ-04842,Pro,Fintech,Pune,Referral,Annual,4,2000.0,24000.0,1.0,71.0,9,7200.0,2022-07-20,,0,0.0
RIQ-04843,Basic,Healthcare,Chennai,Paid Search,Annual,2,590.0,7080.0,1.0,44.0,3,4100.0,2023-01-30,2023-04-05,1,7080.0
RIQ-04844,Enterprise,Edtech,Mumbai,Social Media,Annual,60,7870.0,94440.0,0.0,88.0,18,49400.0,2023-01-08,,0,0.0
RIQ-04845,basic,Fintech,Bengaluru,Organic Search,Monthly,4,640.0,7680.0,3.0,71.0,2,4400.0,2022-01-26,2022-06-02,1,7680.0
RIQ-04846,Basic,Fintech,Bengaluru,Social Media,Annual,19,550.0,6600.0,4.0,36.0,5,4300.0,2023-10-20,,0,0.0
RIQ-04847,Basic,Edtech,Bengaluru,Direct,Monthly,19,980.0,11760.0,0.0,53.0,11,4700.0,2023-01-12,,0,0.0
RIQ-04848,Basic,Healthcare,Mumbai,Email Campaign,Annual,23,630.0,7560.0,0.0,51.0,12,3600.0,2023-01-25,,0,0.0
RIQ-04849,Pro,Healthcare,Mumbai,Paid Search,Monthly,30,2140.0,25680.0,0.0,62.0,14,8000.0,2022-09-17,,0,0.0
RIQ-04850,Basic,E-commerce,Bengaluru,Email Campaign,Monthly,7,530.0,6360.0,2.0,64.0,3,3300.0,2023-01-25,2023-08-28,1,6360.0
RIQ-04851,Enterprise,Fintech,Delhi,Email Campaign,Annual,5,9110.0,109320.0,3.0,78.0,17,46700.0,2022-12-29,,0,0.0
RIQ-04852,Pro,Edtech,Bengaluru,Email Campaign,Annual,8,2370.0,28440.0,0.0,20.0,12,11100.0,2023-06-03,2024-01-20,1,28440.0
RIQ-04853,Basic,Healthcare,Delhi,Direct,Annual,10,830.0,9960.0,1.0,24.0,10,3600.0,2022-12-28,2023-10-29,1,9960.0
RIQ-04854,Basic,E-commerce,Bengaluru,Email Campaign,Monthly,2,710.0,8520.0,1.0,38.0,6,3300.0,2023-05-22,2023-07-12,1,8520.0
RIQ-04855,Basic,Fintech,Bengaluru,Referral,Annual,7,660.0,7920.0,7.0,52.0,1,4600.0,2022-06-07,2022-12-19,1,7920.0
RIQ-04856,Basic,Fintech,Pune,Email Campaign,Monthly,18,760.0,9120.0,1.0,63.0,9,3500.0,2022-01-05,2023-07-13,1,9120.0
RIQ-04857,Basic,Healthcare,Chennai,Organic Search,Annual,4,890.0,10680.0,4.0,39.0,1,4300.0,2023-10-29,2024-02-24,1,10680.0
RIQ-04858,Pro,E-commerce,Bengaluru,Email Campaign,Monthly,19,2330.0,27960.0,2.0,82.0,12,13800.0,2022-09-15,,0,0.0
RIQ-04859,Enterprise,Healthcare,Pune,Organic Search,Annual,60,9980.0,119760.0,2.0,100.0,21,21000.0,2022-12-12,,0,0.0
RIQ-04860,Basic,Fintech,Hyderabad,Social Media,Monthly,5,860.0,10320.0,1.0,47.0,2,4400.0,2022-11-09,2023-04-03,1,10320.0
RIQ-04861,Pro,Fintech,Chennai,Organic Search,Monthly,5,2090.0,25080.0,0.0,64.0,20,7500.0,2023-06-29,2023-11-19,1,25080.0
RIQ-04862,Enterprise,Fintech,Bengaluru,Direct,Annual,54,5250.0,63000.0,0.0,17.0,29,50300.0,2022-07-21,,0,0.0
RIQ-04863,Basic,Fintech,Chennai,Email Campaign,Monthly,7,880.0,10560.0,6.0,29.0,1,4100.0,2023-08-04,2024-02-16,1,10560.0
RIQ-04864,Basic,Edtech,Chennai,Social Media,Monthly,2,740.0,8880.0,0.0,45.0,8,4900.0,2022-05-26,2022-08-06,1,8880.0
RIQ-04865,Basic,Edtech,Hyderabad,Email Campaign,Monthly,11,960.0,11520.0,4.0,16.0,12,4900.0,2023-11-14,2024-10-14,1,11520.0
RIQ-04866,Basic,E-commerce,Mumbai,Organic Search,Monthly,1,510.0,6120.0,1.0,59.0,1,3000.0,2023-03-08,2023-03-27,1,6120.0
RIQ-04867,Basic,Healthcare,Mumbai,Organic Search,Monthly,8,520.0,6240.0,2.0,66.0,5,4100.0,2022-05-16,2023-01-18,1,6240.0
RIQ-04868,Basic,Fintech,Mumbai,Social Media,Monthly,6,510.0,6120.0,2.0,72.0,6,3700.0,2022-07-09,2023-01-20,1,6120.0
RIQ-04869,Basic,Edtech,Mumbai,Referral,Annual,8,940.0,11280.0,2.0,59.0,2,4700.0,2022-05-23,,0,0.0
RIQ-04870,Pro,Edtech,Mumbai,Referral,Annual,5,2190.0,26280.0,,72.0,21,8000.0,2023-12-02,,0,0.0
RIQ-04871,Basic,E-commerce,Pune,Social Media,Monthly,6,930.0,11160.0,1.0,58.0,3,2200.0,2022-12-05,2023-05-25,1,11160.0
RIQ-04872,Basic,Fintech,Chennai,Organic Search,Monthly,1,550.0,6600.0,3.0,34.0,10,3100.0,2022-09-02,2022-10-08,1,6600.0
RIQ-04873,Enterprise,Healthcare,Delhi,Direct,Annual,4,5830.0,69960.0,0.0,99.0,21,26000.0,2023-01-02,2023-04-22,1,69960.0
RIQ-04874,Basic,E-commerce,Pune,Social Media,Monthly,1,720.0,8640.0,3.0,44.0,2,4700.0,2023-11-23,2023-12-20,1,8640.0
RIQ-04875,Pro,Fintech,Mumbai,Social Media,Annual,30,2190.0,26280.0,2.0,53.0,7,8000.0,2023-06-21,,0,0.0
RIQ-04876,Basic,Fintech,Hyderabad,Organic Search,Monthly,34,860.0,10320.0,3.0,69.0,6,3000.0,2022-12-25,,0,0.0
RIQ-04877,Enterprise,E-commerce,Delhi,Paid Search,Annual,16,8160.0,97920.0,0.0,83.0,20,53000.0,2023-03-18,,0,0.0
RIQ-04878,Enterprise,Fintech,Delhi,Email Campaign,Monthly,26,8130.0,97560.0,1.0,62.0,18,39100.0,2023-08-22,,0,0.0
RIQ-04879,Basic,E-commerce,Pune,Referral,Monthly,5,950.0,11400.0,2.0,66.0,7,4500.0,2022-11-08,2023-04-03,1,11400.0
RIQ-04880,Basic,E-commerce,Chennai,Email Campaign,Monthly,1,840.0,10080.0,1.0,20.0,1,4300.0,2022-02-02,2022-03-18,1,10080.0
RIQ-04881,Pro,E-commerce,Pune,Organic Search,Monthly,15,2340.0,28080.0,1.0,65.0,23,10000.0,2023-03-02,2024-05-24,1,28080.0
RIQ-04882,Pro,Edtech,Delhi,Referral,Monthly,47,2500.0,30000.0,0.0,63.0,10,12000.0,2022-05-24,,0,0.0
RIQ-04883,Basic,Edtech,Hyderabad,Email Campaign,Monthly,5,690.0,8280.0,9.0,40.0,6,4200.0,2023-03-10,2023-08-15,1,8280.0
RIQ-04884,Pro,Fintech,Chennai,Social Media,Annual,2,1920.0,23040.0,1.0,71.0,23,9800.0,2022-04-14,,0,0.0
RIQ-04885,Basic,E-commerce,Hyderabad,Social Media,Annual,7,760.0,9120.0,3.0,30.0,8,4900.0,2023-06-08,,0,0.0
RIQ-04886,Pro,E-commerce,Pune,Organic Search,Annual,43,1510.0,18120.0,0.0,71.0,7,9800.0,2023-09-29,,0,0.0
RIQ-04887,Basic,Healthcare,Bengaluru,Paid Search,Annual,7,800.0,9600.0,6.0,60.0,1,2700.0,2023-03-18,,0,0.0
RIQ-04888,Enterprise,Edtech,Bengaluru,Organic Search,Annual,60,8090.0,97080.0,0.0,73.0,15,39800.0,2022-12-11,,0,0.0
RIQ-04889,Basic,Edtech,Chennai,Direct,Monthly,4,530.0,6360.0,3.0,73.0,6,4100.0,2022-12-10,2023-03-26,1,6360.0
RIQ-04890,Basic,Healthcare,Pune,Organic Search,Monthly,12,770.0,9240.0,2.0,63.0,5,4000.0,2022-05-09,2023-05-18,1,9240.0
RIQ-04891,Basic,Healthcare,Mumbai,Referral,Monthly,6,840.0,10080.0,1.0,81.0,6,2500.0,2022-04-13,2022-10-25,1,10080.0
RIQ-04892,Basic,Fintech,Mumbai,Referral,Annual,7,610.0,7320.0,4.0,69.0,1,3700.0,2023-06-28,2024-02-07,1,7320.0
RIQ-04893,Enterprise,E-commerce,Bengaluru,Social Media,Monthly,26,6720.0,80640.0,1.0,48.0,22,22300.0,2022-04-03,,0,0.0
RIQ-04894,Pro,Edtech,Delhi,Social Media,Annual,33,1870.0,22440.0,0.0,95.0,15,9300.0,2022-09-06,,0,0.0
RIQ-04895,Basic,Fintech,Chennai,Email Campaign,Monthly,1,570.0,6840.0,3.0,64.0,1,4200.0,2022-06-29,2022-08-08,1,6840.0
RIQ-04896,Pro,Edtech,Hyderabad,Email Campaign,Annual,16,1970.0,23640.0,1.0,71.0,18,10200.0,2023-01-15,,0,0.0
RIQ-04897,Pro,E-commerce,Pune,Paid Search,Monthly,9,1560.0,18720.0,0.0,98.0,13,6200.0,2022-12-06,,0,0.0
RIQ-04898,Pro,Edtech,Delhi,Email Campaign,Monthly,1,1760.0,21120.0,1.0,63.0,21,12400.0,2022-03-29,,0,0.0
RIQ-04899,Basic,E-commerce,Bengaluru,Direct,Monthly,3,620.0,7440.0,2.0,45.0,13,2700.0,2023-09-22,2023-12-17,1,7440.0
RIQ-04900,Enterprise,E-commerce,Hyderabad,Email Campaign,Annual,3,8430.0,101160.0,0.0,94.0,19,39300.0,2022-06-10,,0,0.0
RIQ-04901,Basic,Healthcare,Delhi,Email Campaign,Monthly,4,840.0,10080.0,1.0,39.0,5,2000.0,2022-04-20,2022-08-13,1,10080.0
RIQ-04902,Basic,E-commerce,Bengaluru,Direct,Monthly,4,970.0,11640.0,1.0,33.0,10,3800.0,2023-04-24,,0,0.0
RIQ-04903,Basic,Edtech,Mumbai,Organic Search,Monthly,2,670.0,8040.0,2.0,17.0,2,3400.0,2022-03-07,2022-05-20,1,8040.0
RIQ-04904,Enterprise,E-commerce,Hyderabad,Email Campaign,Monthly,16,9210.0,110520.0,2.0,68.0,20,22100.0,2022-05-25,,0,0.0
RIQ-04905,Basic,Fintech,Delhi,Email Campaign,Monthly,3,750.0,9000.0,0.0,57.0,6,3900.0,2022-08-23,2022-12-02,1,9000.0
RIQ-04906,Basic,Edtech,Mumbai,Social Media,Monthly,6,620.0,7440.0,1.0,78.0,9,2200.0,2023-08-04,2024-02-13,1,7440.0
RIQ-04907,Pro,Edtech,Delhi,Email Campaign,Monthly,60,1960.0,23520.0,0.0,64.0,17,6200.0,2023-05-11,,0,0.0
RIQ-04908,Enterprise,E-commerce,Delhi,Email Campaign,Annual,19,7570.0,90840.0,0.0,52.0,29,31700.0,2023-04-08,,0,0.0
RIQ-04909,Basic,E-commerce,Hyderabad,Referral,Monthly,13,920.0,11040.0,1.0,68.0,2,4200.0,2023-09-26,2024-10-31,1,11040.0
RIQ-04910,Pro,Edtech,Hyderabad,Email Campaign,Monthly,58,1750.0,21000.0,0.0,68.0,11,13300.0,2022-11-22,,0,0.0
RIQ-04911,Basic,Fintech,Hyderabad,Email Campaign,Annual,3,560.0,6720.0,2.0,46.0,4,3100.0,2023-10-24,,0,0.0
RIQ-04912,Basic,Fintech,Delhi,Email Campaign,Monthly,16,750.0,9000.0,1.0,27.0,3,4700.0,2023-09-20,2024-12-29,1,9000.0
RIQ-04913,Basic,Edtech,Pune,Social Media,Monthly,4,670.0,8040.0,1.0,69.0,4,2500.0,2022-02-26,,0,0.0
RIQ-04914,Basic,E-commerce,Hyderabad,Social Media,Monthly,10,880.0,10560.0,4.0,50.0,1,3900.0,2022-02-18,2022-12-07,1,10560.0
RIQ-04915,Basic,Healthcare,Mumbai,Email Campaign,Monthly,2,890.0,10680.0,2.0,73.0,1,3200.0,2022-07-30,2022-09-21,1,10680.0
RIQ-04916,Basic,Fintech,Delhi,Paid Search,Monthly,34,650.0,7800.0,0.0,57.0,4,3600.0,2022-03-12,,0,0.0
RIQ-04917,Basic,Healthcare,Mumbai,Paid Search,Annual,2,710.0,8520.0,2.0,40.0,1,2100.0,2023-06-02,2023-07-20,1,8520.0
RIQ-04918,Basic,Fintech,Pune,Referral,Monthly,1,830.0,9960.0,1.0,32.0,6,2200.0,2023-04-03,2023-04-23,1,9960.0
RIQ-04919,Enterprise,Fintech,Mumbai,Paid Search,Annual,1,6220.0,74640.0,0.0,94.0,25,32400.0,2022-10-15,,0,0.0
RIQ-04920,Basic,Healthcare,Hyderabad,Social Media,Annual,25,570.0,6840.0,3.0,41.0,9,2700.0,2022-04-11,,0,0.0
RIQ-04921,Pro,E-commerce,Bengaluru,Email Campaign,Monthly,11,2300.0,27600.0,2.0,70.0,11,11000.0,2022-06-27,,0,0.0
RIQ-04922,Enterprise,Fintech,Chennai,Paid Search,Annual,29,8660.0,103920.0,0.0,66.0,20,51200.0,2023-11-20,,0,0.0
RIQ-04923,Enterprise,E-commerce,Mumbai,Social Media,Annual,26,7050.0,84600.0,0.0,83.0,18,42600.0,2023-03-02,,0,0.0
RIQ-04924,Enterprise,E-commerce,Pune,Direct,Annual,19,8340.0,100080.0,1.0,65.0,24,59600.0,2022-03-30,,0,0.0
RIQ-04925,Basic,Healthcare,Pune,Organic Search,Monthly,5,870.0,10440.0,2.0,58.0,1,3400.0,2023-09-07,2024-01-20,1,10440.0
RIQ-04926,Basic,Healthcare,Pune,Email Campaign,Monthly,5,820.0,9840.0,3.0,51.0,5,2600.0,2023-03-15,2023-08-12,1,9840.0
RIQ-04927,Pro,Healthcare,Delhi,Direct,Monthly,6,1580.0,18960.0,1.0,22.0,10,14700.0,2022-04-13,,0,0.0
RIQ-04928,Basic,E-commerce,Bengaluru,Organic Search,Monthly,9,730.0,8760.0,4.0,47.0,9,2800.0,2023-03-21,2023-12-08,1,8760.0
RIQ-04929,Pro,Fintech,Mumbai,Social Media,Monthly,19,2290.0,27480.0,0.0,31.0,14,11500.0,2023-11-19,,0,0.0
RIQ-04930,Pro,E-commerce,Hyderabad,Referral,Annual,12,1720.0,20640.0,3.0,69.0,13,6700.0,2022-01-07,,0,0.0
RIQ-04931,Basic,Fintech,Delhi,Organic Search,Annual,12,890.0,10680.0,1.0,36.0,3,3900.0,2022-03-24,,0,0.0
RIQ-04932,Pro,Edtech,Bengaluru,Paid Search,Monthly,3,1760.0,21120.0,1.0,75.0,8,10300.0,2023-01-08,,0,0.0
RIQ-04933,Basic,Fintech,Delhi,Social Media,Monthly,12,670.0,8040.0,2.0,36.0,5,2300.0,2023-02-03,2024-02-09,1,8040.0
RIQ-04934,Basic,Edtech,Hyderabad,Direct,Monthly,6,540.0,6480.0,1.0,31.0,4,4200.0,2023-03-26,2023-09-21,1,6480.0
RIQ-04935,Enterprise,Edtech,Delhi,Paid Search,Monthly,10,8380.0,100560.0,0.0,69.0,20,29600.0,2023-05-28,2024-03-21,1,100560.0
RIQ-04936,Pro,Fintech,Chennai,Social Media,Monthly,10,1850.0,22200.0,0.0,70.0,10,9600.0,2022-04-20,,0,0.0
RIQ-04937,Pro,Fintech,Hyderabad,Referral,Monthly,13,2420.0,29040.0,1.0,50.0,11,6200.0,2023-03-28,2024-04-23,1,29040.0
RIQ-04938,Enterprise,E-commerce,Mumbai,Social Media,Annual,48,6040.0,72480.0,1.0,100.0,27,41000.0,2022-04-11,,0,0.0
RIQ-04939,Pro,E-commerce,Mumbai,Direct,Annual,5,2250.0,27000.0,0.0,72.0,20,7300.0,2022-02-17,,0,0.0
RIQ-04940,Basic,Fintech,Mumbai,Social Media,Annual,11,960.0,11520.0,7.0,43.0,3,3100.0,2022-10-23,2023-09-24,1,11520.0
RIQ-04941,Enterprise,E-commerce,Mumbai,Email Campaign,Annual,28,6950.0,83400.0,2.0,91.0,20,49100.0,2023-01-26,,0,0.0
RIQ-04942,Basic,E-commerce,Bengaluru,Paid Search,Monthly,2,500.0,6000.0,2.0,43.0,4,2200.0,2023-11-28,2024-01-15,1,6000.0
RIQ-04943,Basic,E-commerce,Delhi,Organic Search,Monthly,1,840.0,10080.0,2.0,34.0,5,4000.0,2022-06-28,2022-08-02,1,10080.0
RIQ-04944,Pro,Fintech,Pune,Organic Search,Monthly,13,1730.0,20760.0,0.0,53.0,18,10800.0,2023-09-08,,0,0.0
RIQ-04945,Basic,Fintech,Mumbai,Social Media,Monthly,13,940.0,11280.0,2.0,21.0,1,3400.0,2023-03-02,2024-03-19,1,11280.0
RIQ-04946,Pro,Edtech,Delhi,Email Campaign,Annual,5,1880.0,22560.0,0.0,74.0,17,14100.0,2023-08-02,2023-12-27,1,22560.0
RIQ-04947,Enterprise,E-commerce,Delhi,Organic Search,Annual,2,6080.0,72960.0,2.0,76.0,18,20100.0,2023-07-19,,0,0.0
RIQ-04948,Pro,Fintech,Bengaluru,Social Media,Annual,17,1780.0,21360.0,0.0,68.0,15,11400.0,2022-08-14,,0,0.0
RIQ-04949,Basic,E-commerce,Pune,Paid Search,Annual,3,700.0,8400.0,4.0,49.0,4,4500.0,2022-08-21,2022-11-26,1,8400.0
RIQ-04950,Basic,Fintech,Chennai,Email Campaign,Annual,10,590.0,7080.0,2.0,30.0,6,4300.0,2022-05-29,,0,0.0
RIQ-04951,Enterprise,E-commerce,Hyderabad,Social Media,Annual,9,5570.0,66840.0,1.0,98.0,16,35300.0,2023-10-22,,0,0.0
RIQ-04952,Pro,Fintech,Mumbai,Referral,Monthly,27,2100.0,25200.0,1.0,79.0,16,14200.0,2022-10-14,,0,0.0
RIQ-04953,Basic,Edtech,Bengaluru,Organic Search,Monthly,4,870.0,10440.0,1.0,67.0,5,3700.0,2022-05-29,,0,0.0
RIQ-04954,Basic,E-commerce,Chennai,Referral,Annual,1,560.0,6720.0,1.0,39.0,7,3400.0,2022-06-10,2022-07-03,1,6720.0
RIQ-04955,Pro,Healthcare,Delhi,Organic Search,Monthly,13,2040.0,24480.0,0.0,73.0,20,13000.0,2023-04-03,,0,0.0
RIQ-04956,Basic,Healthcare,Delhi,Email Campaign,Monthly,3,830.0,9960.0,1.0,35.0,4,4000.0,2023-05-07,2023-07-31,1,9960.0
RIQ-04957,Basic,Healthcare,Delhi,Email Campaign,Annual,5,920.0,11040.0,1.0,19.0,10,4000.0,2023-06-18,,0,0.0
RIQ-04958,Basic,E-commerce,Delhi,Social Media,Annual,3,640.0,7680.0,4.0,56.0,1,3300.0,2023-09-22,,0,0.0
RIQ-04959,Basic,E-commerce,Delhi,Referral,Monthly,7,960.0,11520.0,1.0,50.0,7,3500.0,2022-05-19,2022-12-03,1,11520.0
RIQ-04960,Basic,Edtech,Delhi,Referral,Monthly,1,700.0,8400.0,1.0,43.0,2,3100.0,2022-12-10,2023-01-07,1,8400.0
RIQ-04961,Basic,Healthcare,Hyderabad,Paid Search,Monthly,4,770.0,9240.0,1.0,41.0,5,4700.0,2022-04-15,2022-08-28,1,9240.0
RIQ-04962,Pro,Healthcare,Mumbai,Direct,Monthly,11,1710.0,20520.0,0.0,61.0,16,8200.0,2022-11-17,,0,0.0
RIQ-04963,Basic,Healthcare,Delhi,Direct,Monthly,4,600.0,7200.0,1.0,18.0,4,3800.0,2022-04-07,2022-07-26,1,7200.0
RIQ-04964,Pro,Healthcare,Delhi,Email Campaign,Monthly,32,1850.0,22200.0,1.0,87.0,12,12800.0,2022-07-02,,0,0.0
RIQ-04965,Basic,Edtech,Mumbai,Paid Search,Monthly,4,800.0,9600.0,1.0,65.0,6,2700.0,2023-09-16,2024-01-12,1,9600.0
RIQ-04966,Basic,Healthcare,Bengaluru,Organic Search,Monthly,10,540.0,6480.0,1.0,32.0,3,4600.0,2022-08-05,2023-06-02,1,6480.0
RIQ-04967,Pro,Edtech,Delhi,Social Media,Monthly,10,2390.0,28680.0,0.0,64.0,14,14800.0,2022-02-24,,0,0.0
RIQ-04968,Basic,Healthcare,Chennai,Email Campaign,Annual,1,520.0,6240.0,1.0,45.0,1,3900.0,2022-08-01,,0,0.0
RIQ-04969,Pro,Healthcare,Bengaluru,Email Campaign,Monthly,2,2490.0,29880.0,1.0,63.0,10,12300.0,2022-12-23,2023-02-12,1,29880.0
RIQ-04970,Basic,E-commerce,Mumbai,Social Media,Monthly,1,610.0,7320.0,3.0,33.0,7,3300.0,2022-07-19,,0,0.0
RIQ-04971,Basic,Edtech,Pune,Organic Search,Annual,7,540.0,6480.0,1.0,69.0,4,4600.0,2023-09-21,,0,0.0
RIQ-04972,Basic,Fintech,Bengaluru,Paid Search,Monthly,2,880.0,10560.0,4.0,39.0,12,4100.0,2022-02-16,2022-04-11,1,10560.0
RIQ-04973,Pro,Healthcare,Bengaluru,Social Media,Annual,1,2170.0,26040.0,0.0,79.0,17,8700.0,2023-09-08,,0,0.0
RIQ-04974,Basic,Edtech,Pune,Social Media,Annual,15,670.0,8040.0,2.0,36.0,2,3000.0,2022-08-19,,0,0.0
RIQ-04975,Basic,Edtech,Pune,Paid Search,Monthly,30,930.0,11160.0,3.0,60.0,4,3800.0,2023-11-28,,0,0.0
RIQ-04976,Basic,Healthcare,Mumbai,Social Media,Monthly,2,560.0,6720.0,2.0,38.0,10,2800.0,2023-05-09,2023-07-20,1,6720.0
RIQ-04977,Basic,E-commerce,Pune,Paid Search,Monthly,11,580.0,6960.0,0.0,61.0,6,4900.0,2022-11-26,2023-10-31,1,6960.0
RIQ-04978,basic,Healthcare,Delhi,Direct,Annual,3,640.0,7680.0,2.0,81.0,7,4100.0,2023-09-07,,0,0.0
RIQ-04979,Pro,Fintech,Mumbai,Social Media,Annual,3,2380.0,28560.0,0.0,66.0,21,14800.0,2023-10-07,,0,0.0
RIQ-04980,Basic,Edtech,Bengaluru,Organic Search,Monthly,15,630.0,7560.0,3.0,33.0,3,4600.0,2023-05-21,,0,0.0
RIQ-04981,Basic,E-commerce,Hyderabad,Paid Search,Monthly,8,550.0,6600.0,2.0,58.0,4,2600.0,2022-07-06,2023-03-10,1,6600.0
RIQ-04982,Basic,E-commerce,Hyderabad,Paid Search,Annual,3,770.0,9240.0,1.0,55.0,1,3800.0,2022-08-27,2022-11-28,1,9240.0
RIQ-04983,Basic,Fintech,Mumbai,Paid Search,Monthly,5,600.0,7200.0,1.0,77.0,1,3000.0,2023-07-23,2023-12-13,1,7200.0
RIQ-04984,Pro,Edtech,Mumbai,Organic Search,Monthly,32,2270.0,27240.0,3.0,81.0,19,14100.0,2023-09-10,,0,0.0
RIQ-04985,Basic,E-commerce,Mumbai,Email Campaign,Monthly,3,800.0,9600.0,0.0,68.0,4,4200.0,2023-06-18,2023-09-22,1,9600.0
RIQ-04986,Pro,Healthcare,Bengaluru,Referral,Annual,5,2150.0,25800.0,0.0,57.0,14,8800.0,2023-03-15,,0,0.0
RIQ-04987,Basic,Healthcare,Hyderabad,Referral,Monthly,5,790.0,9480.0,1.0,80.0,1,3900.0,2023-04-21,2023-09-07,1,9480.0
RIQ-04988,Basic,Edtech,Pune,Email Campaign,Monthly,4,990.0,11880.0,3.0,37.0,5,4600.0,2023-09-18,2024-01-20,1,11880.0
RIQ-04989,Basic,Fintech,Pune,Paid Search,Monthly,3,820.0,9840.0,3.0,44.0,9,4000.0,2022-07-12,2022-10-05,1,9840.0
RIQ-04990,Pro,Edtech,Mumbai,Social Media,Annual,29,1900.0,22800.0,0.0,93.0,11,7900.0,2022-03-07,,0,0.0
RIQ-04991,Basic,Fintech,Bengaluru,Email Campaign,Monthly,6,730.0,8760.0,1.0,63.0,9,2100.0,2023-03-16,2023-09-11,1,8760.0
RIQ-04992,Basic,Fintech,Delhi,Referral,Monthly,14,830.0,9960.0,1.0,34.0,1,4900.0,2022-10-28,,0,0.0
RIQ-04993,Basic,Healthcare,Delhi,Referral,Monthly,2,570.0,6840.0,2.0,46.0,2,2500.0,2022-06-25,2022-08-29,1,6840.0
RIQ-04994,Enterprise,Fintech,Delhi,Direct,Annual,5,8440.0,101280.0,1.0,74.0,15,29200.0,2023-06-22,,0,0.0
RIQ-04995,Basic,E-commerce,Hyderabad,Email Campaign,Monthly,9,900.0,10800.0,1.0,28.0,7,4700.0,2023-02-26,2023-11-29,1,10800.0
RIQ-04996,Basic,Fintech,Hyderabad,Direct,Monthly,5,660.0,7920.0,1.0,35.0,6,4700.0,2022-01-15,2022-06-02,1,7920.0
RIQ-04997,Pro,Fintech,Pune,Social Media,Annual,11,1790.0,21480.0,0.0,38.0,12,14700.0,2022-06-22,,0,0.0
RIQ-04998,Pro,E-commerce,Hyderabad,Referral,Monthly,1,1770.0,21240.0,0.0,66.0,11,6300.0,2023-11-17,,0,0.0
RIQ-04999,Basic,Edtech,Mumbai,Email Campaign,Annual,1,620.0,7440.0,0.0,57.0,6,4100.0,2023-01-12,2023-01-27,1,7440.0
RIQ-05000,Basic,Edtech,Mumbai,Social Media,Monthly,5,850.0,10200.0,3.0,13.0,1,2400.0,2022-04-04,,0,0.0
RIQ-05001,Pro,Fintech,Bengaluru,Social Media,Annual,25,1560.0,18720.0,0.0,64.0,24,8500.0,2022-12-11,,0,0.0
RIQ-05002,Pro,Fintech,Mumbai,Social Media,Monthly,19,2070.0,24840.0,1.0,44.0,15,9200.0,2022-04-16,,0,0.0
RIQ-05003,Enterprise,Edtech,Chennai,Organic Search,Annual,14,8100.0,97200.0,4.0,88.0,17,32800.0,2022-03-08,,0,0.0
RIQ-05004,Basic,Healthcare,Chennai,Referral,Annual,11,910.0,10920.0,5.0,80.0,8,2900.0,2022-05-18,,0,0.0
RIQ-05005,Basic,E-commerce,Bengaluru,Paid Search,Monthly,5,820.0,9840.0,3.0,79.0,1,4700.0,2022-02-27,2022-07-28,1,9840.0
RIQ-05006,Basic,Edtech,Mumbai,Paid Search,Monthly,17,830.0,9960.0,1.0,51.0,1,2100.0,2022-03-14,,0,0.0
RIQ-05007,Basic,Edtech,Delhi,Paid Search,Monthly,16,810.0,9720.0,4.0,57.0,7,3700.0,2022-07-05,2023-11-05,1,9720.0
RIQ-05008,Basic,Healthcare,Bengaluru,Email Campaign,Monthly,1,980.0,11760.0,1.0,30.0,4,3100.0,2022-09-05,2022-10-05,1,11760.0
RIQ-05009,Basic,Fintech,Pune,Social Media,Monthly,2,970.0,11640.0,0.0,73.0,5,2500.0,2023-03-10,2023-05-13,1,11640.0
RIQ-05010,Basic,Edtech,Bengaluru,Social Media,Monthly,1,610.0,7320.0,2.0,26.0,10,3700.0,2023-01-28,2023-02-14,1,7320.0
RIQ-05011,Basic,Edtech,Bengaluru,Paid Search,Annual,3,910.0,10920.0,2.0,59.0,9,3800.0,2022-07-16,,0,0.0
RIQ-05012,Basic,Healthcare,Delhi,Referral,Monthly,2,610.0,7320.0,3.0,55.0,5,2800.0,2022-11-09,2022-12-28,1,7320.0
RIQ-05013,Pro,Edtech,Mumbai,Paid Search,Monthly,7,1500.0,18000.0,1.0,36.0,14,10600.0,2023-03-11,,0,0.0
RIQ-05014,Basic,Edtech,Bengaluru,Paid Search,Annual,2,700.0,8400.0,4.0,71.0,6,4400.0,2022-07-26,,0,0.0
RIQ-05015,Basic,E-commerce,Mumbai,Organic Search,Monthly,2,610.0,7320.0,3.0,49.0,3,2600.0,2022-09-01,2022-10-24,1,7320.0
RIQ-05016,Basic,Fintech,Hyderabad,Referral,Monthly,1,870.0,10440.0,2.0,43.0,12,3300.0,2023-01-26,,0,0.0
RIQ-05017,Basic,Fintech,Hyderabad,Organic Search,Annual,8,750.0,9000.0,2.0,70.0,7,4400.0,2023-01-06,,0,0.0
RIQ-05018,Basic,Edtech,Mumbai,Social Media,Monthly,20,780.0,9360.0,1.0,22.0,7,4800.0,2023-01-28,,0,0.0
RIQ-05019,Basic,Fintech,Mumbai,Referral,Annual,3,670.0,8040.0,1.0,70.0,4,2600.0,2023-04-06,2023-06-28,1,8040.0
RIQ-05020,Pro,Fintech,Bengaluru,Email Campaign,Annual,2,2360.0,28320.0,0.0,67.0,10,13700.0,2022-06-17,,0,0.0
RIQ-05021,Basic,Edtech,Pune,Direct,Monthly,1,970.0,11640.0,2.0,58.0,9,3800.0,2023-09-29,2023-10-25,1,11640.0
RIQ-05022,Pro,Fintech,Chennai,Social Media,Annual,5,2340.0,28080.0,0.0,65.0,19,9800.0,2022-01-09,,0,0.0
RIQ-05023,Basic,Healthcare,Pune,Social Media,Monthly,5,940.0,11280.0,3.0,49.0,9,3000.0,2023-03-09,2023-07-31,1,11280.0
RIQ-05024,Basic,E-commerce,Delhi,Referral,Monthly,2,930.0,11160.0,1.0,56.0,6,2100.0,2023-02-19,2023-04-15,1,11160.0
RIQ-05025,Pro,Edtech,Hyderabad,Paid Search,Monthly,13,2020.0,24240.0,1.0,77.0,16,11300.0,2022-01-05,,0,0.0
RIQ-05026,Basic,Fintech,Delhi,Organic Search,Monthly,23,640.0,7680.0,4.0,57.0,5,3500.0,2023-07-18,,0,0.0
RIQ-05027,Pro,Fintech,Delhi,Organic Search,Annual,10,2480.0,29760.0,4.0,39.0,12,12000.0,2023-09-18,,0,0.0
RIQ-05028,Basic,Edtech,Hyderabad,Referral,Annual,28,720.0,8640.0,3.0,64.0,3,3800.0,2023-04-06,,0,0.0
RIQ-05029,Pro,Healthcare,Delhi,Social Media,Monthly,37,1520.0,18240.0,2.0,83.0,11,13700.0,2022-04-20,,0,0.0
RIQ-05030,Enterprise,Fintech,Mumbai,Social Media,Annual,21,9360.0,112320.0,3.0,79.0,24,30400.0,2023-03-20,,0,0.0
RIQ-05031,Basic,Healthcare,Hyderabad,Social Media,Annual,2,720.0,8640.0,1.0,0.0,2,2200.0,2022-03-26,,0,0.0
RIQ-05032,Basic,E-commerce,Pune,Social Media,Monthly,2,760.0,9120.0,1.0,30.0,5,3000.0,2023-04-04,2023-05-22,1,9120.0
RIQ-05033,Pro,Fintech,Delhi,Direct,Annual,23,1930.0,23160.0,1.0,74.0,5,9000.0,2022-11-30,,0,0.0
RIQ-05034,Enterprise,Healthcare,Delhi,Email Campaign,Monthly,25,7520.0,90240.0,0.0,73.0,21,46500.0,2022-01-21,,0,0.0
RIQ-05035,Basic,Edtech,Mumbai,Social Media,Monthly,3,630.0,7560.0,1.0,36.0,6,2600.0,2023-12-01,2024-02-19,1,7560.0
RIQ-05036,Basic,Edtech,Mumbai,Referral,Annual,23,680.0,8160.0,1.0,29.0,6,5000.0,2023-10-18,,0,0.0
RIQ-05037,Basic,Edtech,Delhi,Paid Search,Monthly,10,940.0,11280.0,1.0,64.0,3,4300.0,2022-10-12,2023-08-03,1,11280.0
RIQ-05038,Basic,E-commerce,Chennai,Social Media,Annual,3,700.0,8400.0,3.0,2.0,2,4800.0,2023-08-14,2023-11-22,1,8400.0
RIQ-05039,Basic,Edtech,Delhi,Social Media,Monthly,2,570.0,6840.0,0.0,6.0,13,2500.0,2022-09-28,2022-12-10,1,6840.0
RIQ-05040,Basic,Edtech,Bengaluru,Organic Search,Monthly,12,910.0,10920.0,1.0,44.0,6,3800.0,2023-07-04,,0,0.0
RIQ-05041,Basic,Healthcare,Mumbai,Email Campaign,Annual,2,560.0,6720.0,2.0,38.0,10,4500.0,2022-02-04,,0,0.0
RIQ-05042,Pro,Edtech,Chennai,Social Media,Annual,2,2180.0,26160.0,0.0,74.0,15,13800.0,2022-09-04,,0,0.0
RIQ-05043,Basic,Fintech,Mumbai,Paid Search,Monthly,8,710.0,8520.0,1.0,34.0,1,3100.0,2022-06-26,2023-03-02,1,8520.0
RIQ-05044,Pro,E-commerce,Pune,Social Media,Annual,41,2290.0,27480.0,3.0,57.0,13,12800.0,2023-10-07,,0,0.0
RIQ-05045,Enterprise,Edtech,Hyderabad,Email Campaign,Annual,22,6440.0,77280.0,0.0,79.0,26,42400.0,2022-09-08,,0,0.0
RIQ-05046,Basic,E-commerce,Delhi,Paid Search,Monthly,15,520.0,6240.0,1.0,63.0,1,3000.0,2023-01-30,2024-04-15,1,6240.0
RIQ-05047,Basic,Edtech,Chennai,Direct,Monthly,6,920.0,11040.0,2.0,23.0,8,2200.0,2022-01-23,2022-07-31,1,11040.0
RIQ-05048,Pro,E-commerce,Pune,Referral,Monthly,9,2080.0,24960.0,1.0,40.0,14,13300.0,2023-09-08,2024-05-30,1,24960.0
RIQ-05049,Pro,Edtech,Chennai,Referral,Annual,40,1500.0,18000.0,0.0,42.0,8,10500.0,2022-10-29,,0,0.0
RIQ-05050,Enterprise,E-commerce,Pune,Social Media,Annual,21,9530.0,114360.0,5.0,85.0,25,50400.0,2023-05-17,,0,0.0
RIQ-05051,Pro,Edtech,Hyderabad,Paid Search,Annual,17,1550.0,18600.0,2.0,32.0,17,7300.0,2022-08-10,2023-12-30,1,18600.0
RIQ-05052,Enterprise,Fintech,Mumbai,Direct,Annual,12,8740.0,104880.0,0.0,78.0,21,28500.0,2022-08-09,,0,0.0
RIQ-05053,Basic,E-commerce,Bengaluru,Social Media,Annual,11,800.0,9600.0,2.0,26.0,5,3500.0,2023-02-17,,0,0.0
RIQ-05054,Pro,E-commerce,Mumbai,Social Media,Annual,21,2220.0,26640.0,2.0,67.0,18,6600.0,2022-08-27,,0,0.0
RIQ-05055,Pro,Fintech,Pune,Organic Search,Annual,33,1700.0,20400.0,3.0,55.0,15,9800.0,2023-01-15,,0,0.0
RIQ-05056,Pro,Fintech,Delhi,Direct,Monthly,1,2340.0,28080.0,3.0,38.0,23,8000.0,2022-02-18,,0,0.0
RIQ-05057,Pro,Fintech,Bengaluru,Referral,Annual,13,1950.0,23400.0,0.0,77.0,11,10100.0,2022-10-14,,0,0.0
RIQ-05058,Basic,E-commerce,Pune,Organic Search,Monthly,2,590.0,7080.0,1.0,65.0,11,4700.0,2023-02-28,,0,0.0
RIQ-05059,Basic,Edtech,Mumbai,Referral,Monthly,4,720.0,8640.0,2.0,53.0,13,2100.0,2022-11-17,2023-03-24,1,8640.0
RIQ-05060,Pro,E-commerce,Bengaluru,Organic Search,Monthly,24,2410.0,28920.0,0.0,59.0,10,10500.0,2023-09-12,,0,0.0
RIQ-05061,Basic,Healthcare,Chennai,Paid Search,Annual,7,980.0,11760.0,2.0,38.0,2,3800.0,2023-01-19,,0,0.0
RIQ-05062,Pro,Healthcare,Delhi,Social Media,Annual,60,2440.0,29280.0,2.0,50.0,8,7200.0,2023-05-30,,0,0.0
RIQ-05063,Enterprise,E-commerce,Delhi,Organic Search,Annual,38,5950.0,71400.0,3.0,91.0,20,54800.0,2023-04-16,,0,0.0
RIQ-05064,Basic,E-commerce,Bengaluru,Direct,Annual,1,980.0,11760.0,3.0,19.0,8,3200.0,2022-09-03,2022-10-03,1,11760.0
RIQ-05065,Basic,E-commerce,Pune,Paid Search,Monthly,2,510.0,6120.0,3.0,70.0,11,4900.0,2022-06-03,2022-07-18,1,6120.0
RIQ-05066,Enterprise,E-commerce,Delhi,Paid Search,Annual,60,5400.0,64800.0,2.0,55.0,24,23500.0,2023-09-04,,0,0.0
RIQ-05067,Pro,Edtech,Bengaluru,Referral,Monthly,14,1820.0,21840.0,1.0,71.0,15,11900.0,2023-04-28,,0,0.0
RIQ-05068,Pro,Edtech,Delhi,Organic Search,Annual,14,2120.0,25440.0,0.0,72.0,14,11800.0,2022-03-01,,0,0.0
RIQ-05069,Basic,Edtech,Mumbai,Direct,Monthly,10,920.0,11040.0,0.0,14.0,5,3200.0,2022-02-04,2022-12-11,1,11040.0
RIQ-05070,Basic,Edtech,Delhi,Referral,Monthly,6,570.0,6840.0,2.0,28.0,7,2800.0,2022-10-25,2023-05-01,1,6840.0
RIQ-05071,Basic,Healthcare,Delhi,Paid Search,Monthly,2,900.0,10800.0,1.0,46.0,5,3300.0,2023-11-02,2024-01-07,1,10800.0
RIQ-05072,Pro,Fintech,Delhi,Organic Search,Annual,8,2410.0,28920.0,0.0,62.0,17,9700.0,2023-11-25,,0,0.0
RIQ-05073,Pro,E-commerce,Pune,Organic Search,Monthly,20,2130.0,25560.0,1.0,91.0,16,13800.0,2023-11-19,,0,0.0
RIQ-05074,Basic,E-commerce,Bengaluru,Direct,Monthly,24,730.0,8760.0,3.0,62.0,7,2200.0,2023-08-08,2025-08-05,1,8760.0
RIQ-05075,Pro,E-commerce,Mumbai,Email Campaign,Annual,1,1810.0,21720.0,1.0,100.0,9,9800.0,2023-11-13,,0,0.0
RIQ-05076,Pro,Fintech,Delhi,Social Media,Monthly,1,2190.0,26280.0,0.0,36.0,9,12600.0,2023-09-05,2023-10-06,1,26280.0
RIQ-05077,Basic,E-commerce,Delhi,Social Media,Annual,2,1000.0,12000.0,0.0,16.0,1,2300.0,2022-03-30,2022-05-31,1,12000.0
RIQ-05078,Pro,Edtech,Mumbai,Social Media,Monthly,9,2250.0,27000.0,0.0,72.0,15,9600.0,2023-04-04,2024-01-09,1,27000.0
RIQ-05079,Basic,Edtech,Pune,Direct,Monthly,2,860.0,10320.0,3.0,46.0,2,3300.0,2023-04-27,,0,0.0
RIQ-05080,Pro,Edtech,Chennai,Paid Search,Monthly,3,2260.0,27120.0,1.0,59.0,17,6000.0,2023-02-23,2023-05-25,1,27120.0
RIQ-05081,Pro,Edtech,Delhi,Referral,Monthly,5,2230.0,26760.0,0.0,36.0,12,11900.0,2023-02-26,,0,0.0
RIQ-05082,Pro,Edtech,Delhi,Paid Search,Annual,13,1880.0,22560.0,1.0,84.0,10,6100.0,2022-05-31,,0,0.0
RIQ-05083,Basic,Healthcare,Hyderabad,Organic Search,Monthly,4,570.0,6840.0,3.0,51.0,10,4900.0,2023-02-18,2023-06-13,1,6840.0
RIQ-05084,Basic,Fintech,Hyderabad,Social Media,Monthly,5,820.0,9840.0,1.0,28.0,4,2800.0,2022-03-11,,0,0.0
RIQ-05085,Basic,Edtech,Pune,Social Media,Monthly,7,610.0,7320.0,1.0,3.0,6,4100.0,2022-07-04,2023-02-02,1,7320.0
RIQ-05086,Pro,E-commerce,Mumbai,Organic Search,Annual,19,2350.0,28200.0,1.0,67.0,17,10300.0,2022-11-20,,0,0.0
RIQ-05087,Basic,Healthcare,Chennai,Referral,Monthly,7,770.0,9240.0,3.0,35.0,8,4700.0,2022-06-28,,0,0.0
RIQ-05088,Pro,Fintech,Bengaluru,Organic Search,Annual,7,1570.0,18840.0,1.0,100.0,14,9400.0,2022-04-01,,0,0.0
RIQ-05089,Basic,Healthcare,Mumbai,Email Campaign,Annual,2,650.0,7800.0,3.0,65.0,10,3700.0,2022-09-07,2022-10-28,1,7800.0
RIQ-05090,Basic,Edtech,Delhi,Referral,Monthly,1,870.0,10440.0,2.0,40.0,5,2500.0,2023-05-28,2023-06-22,1,10440.0
RIQ-05091,Pro,Healthcare,Delhi,Email Campaign,Annual,21,2330.0,27960.0,0.0,36.0,6,11500.0,2022-01-03,,0,0.0
RIQ-05092,Pro,E-commerce,Delhi,Organic Search,Annual,10,1520.0,18240.0,2.0,51.0,13,12500.0,2023-11-20,,0,0.0
RIQ-05093,Enterprise,Edtech,Delhi,Direct,Annual,5,7400.0,88800.0,0.0,100.0,15,41500.0,2022-08-20,,0,0.0
RIQ-05094,Enterprise,Fintech,Delhi,Paid Search,Annual,60,8740.0,104880.0,1.0,68.0,19,54600.0,2023-02-21,,0,0.0
RIQ-05095,Basic,Healthcare,Delhi,Email Campaign,Annual,4,740.0,8880.0,3.0,53.0,2,2300.0,2022-04-08,2022-07-28,1,8880.0
RIQ-05096,Basic,E-commerce,Delhi,Paid Search,Annual,2,750.0,9000.0,2.0,31.0,1,2000.0,2022-07-12,,0,0.0
RIQ-05097,Basic,Fintech,Pune,Direct,Annual,18,630.0,7560.0,0.0,77.0,4,3000.0,2023-03-05,2024-09-04,1,7560.0
RIQ-05098,Basic,Edtech,Delhi,Social Media,Annual,4,970.0,11640.0,5.0,23.0,6,4300.0,2023-06-24,,0,0.0
RIQ-05099,Enterprise,E-commerce,Delhi,Social Media,Annual,25,5590.0,67080.0,3.0,84.0,23,44900.0,2023-07-18,,0,0.0
RIQ-05100,Pro,E-commerce,Chennai,Organic Search,Annual,10,2120.0,25440.0,6.0,73.0,20,12400.0,2023-08-15,,0,0.0
RIQ-05101,Pro,Healthcare,Mumbai,Social Media,Annual,7,2470.0,29640.0,,76.0,18,11000.0,2022-06-24,,0,0.0
RIQ-05102,Basic,E-commerce,Hyderabad,Email Campaign,Monthly,16,680.0,8160.0,2.0,42.0,4,4500.0,2023-06-16,,0,0.0
RIQ-05103,Basic,E-commerce,Chennai,Referral,Monthly,1,730.0,8760.0,1.0,52.0,11,2500.0,2023-09-28,,0,0.0
RIQ-05104,Basic,Fintech,Pune,Paid Search,Monthly,4,550.0,6600.0,3.0,45.0,1,3600.0,2022-08-14,2022-12-06,1,6600.0
RIQ-05105,Pro,E-commerce,Bengaluru,Referral,Annual,4,2390.0,28680.0,1.0,51.0,18,14900.0,2022-02-12,,0,0.0
RIQ-05106,Basic,Fintech,Mumbai,Organic Search,Monthly,6,530.0,6360.0,2.0,37.0,11,3200.0,2022-09-22,2023-04-02,1,6360.0
RIQ-05107,Basic,E-commerce,Bengaluru,Paid Search,Annual,14,990.0,11880.0,1.0,74.0,4,2900.0,2022-06-27,,0,0.0
RIQ-05108,Basic,E-commerce,Pune,Organic Search,Monthly,14,940.0,11280.0,4.0,47.0,4,3400.0,2023-08-12,,0,0.0
RIQ-05109,Basic,Fintech,Delhi,Email Campaign,Monthly,21,920.0,11040.0,1.0,54.0,2,4200.0,2023-08-25,,0,0.0
RIQ-05110,Pro,Fintech,Pune,Email Campaign,Annual,17,1810.0,21720.0,0.0,100.0,15,8700.0,2023-04-29,,0,0.0
RIQ-05111,Pro,Edtech,Mumbai,Social Media,Annual,3,1790.0,21480.0,0.0,82.0,8,8200.0,2023-02-16,,0,0.0
RIQ-05112,Basic,E-commerce,Delhi,Paid Search,Monthly,4,820.0,9840.0,1.0,61.0,1,4500.0,2023-01-07,2023-04-28,1,9840.0
RIQ-05113,Basic,E-commerce,Delhi,Organic Search,Monthly,3,520.0,6240.0,0.0,73.0,3,2900.0,2022-03-02,2022-06-10,1,6240.0
RIQ-05114,Pro,Fintech,Delhi,Paid Search,Annual,11,1590.0,19080.0,0.0,85.0,17,11500.0,2022-04-13,,0,0.0
RIQ-05115,Pro,Healthcare,Delhi,Paid Search,Monthly,20,1910.0,22920.0,1.0,52.0,13,12900.0,2023-09-21,2025-05-15,1,22920.0
RIQ-05116,Basic,Fintech,Mumbai,Referral,Monthly,6,700.0,8400.0,1.0,50.0,1,4200.0,2023-03-19,2023-09-07,1,8400.0
RIQ-05117,Basic,Healthcare,Delhi,Email Campaign,Annual,2,650.0,7800.0,3.0,16.0,3,4900.0,2023-07-26,2023-10-02,1,7800.0
RIQ-05118,Basic,Edtech,Delhi,Organic Search,Monthly,10,700.0,8400.0,3.0,54.0,13,4700.0,2023-09-21,2024-07-29,1,8400.0
RIQ-05119,Pro,Healthcare,Mumbai,Email Campaign,Annual,13,1920.0,23040.0,0.0,72.0,12,11600.0,2023-12-02,,0,0.0
RIQ-05120,Pro,E-commerce,Mumbai,Direct,Annual,5,1600.0,19200.0,1.0,67.0,9,14300.0,2023-03-06,,0,0.0
RIQ-05121,Basic,E-commerce,Delhi,Email Campaign,Monthly,41,990.0,11880.0,1.0,77.0,5,4100.0,2023-01-25,,0,0.0
RIQ-05122,Basic,Edtech,Chennai,Social Media,Annual,1,880.0,10560.0,1.0,48.0,5,2400.0,2023-06-24,2023-07-29,1,10560.0
RIQ-05123,Basic,Edtech,Mumbai,Direct,Monthly,4,870.0,10440.0,1.0,44.0,3,2400.0,2023-02-19,2023-06-21,1,10440.0
RIQ-05124,Pro,E-commerce,Bengaluru,Email Campaign,Annual,10,1650.0,19800.0,1.0,42.0,11,10500.0,2022-03-27,,0,0.0
RIQ-05125,Basic,Healthcare,Chennai,Direct,Annual,7,700.0,8400.0,3.0,29.0,10,3100.0,2023-10-28,2024-06-04,1,8400.0
RIQ-05126,Pro,Edtech,Delhi,Organic Search,Annual,3,2450.0,29400.0,2.0,50.0,5,11700.0,2022-02-01,,0,0.0
RIQ-05127,Enterprise,Healthcare,Mumbai,Referral,Annual,3,9000.0,108000.0,2.0,85.0,21,42700.0,2022-03-30,,0,0.0
RIQ-05128,Basic,Fintech,Mumbai,Organic Search,Annual,16,570.0,6840.0,0.0,23.0,10,3900.0,2023-10-12,,0,0.0
RIQ-05129,Enterprise,E-commerce,Bengaluru,Social Media,Annual,60,7460.0,89520.0,0.0,100.0,21,48100.0,2022-05-16,,0,0.0
RIQ-05130,Pro,Fintech,Delhi,Social Media,Annual,24,1660.0,19920.0,0.0,66.0,15,11800.0,2022-02-01,,0,0.0
RIQ-05131,Enterprise,E-commerce,Hyderabad,Email Campaign,Annual,8,9230.0,110760.0,3.0,28.0,26,25200.0,2023-07-27,,0,0.0
RIQ-05132,Basic,E-commerce,Mumbai,Organic Search,Annual,11,900.0,10800.0,0.0,36.0,1,3400.0,2023-07-24,,0,0.0
RIQ-05133,Pro,Edtech,Mumbai,Organic Search,Annual,10,1590.0,19080.0,0.0,57.0,25,12500.0,2022-12-09,,0,0.0
RIQ-05134,Pro,E-commerce,Hyderabad,Paid Search,Annual,16,2180.0,26160.0,,56.0,17,13200.0,2023-06-09,,0,0.0
RIQ-05135,Basic,Fintech,Mumbai,Email Campaign,Annual,4,960.0,11520.0,0.0,63.0,3,4800.0,2023-10-09,,0,0.0
RIQ-05136,Basic,Edtech,Pune,Paid Search,Monthly,4,520.0,6240.0,3.0,44.0,12,2500.0,2023-07-20,2023-11-02,1,6240.0
RIQ-05137,Pro,Healthcare,Mumbai,Paid Search,Annual,2,1510.0,18120.0,0.0,49.0,18,14000.0,2023-01-03,,0,0.0
RIQ-05138,Pro,Healthcare,Bengaluru,Paid Search,Annual,3,2450.0,29400.0,1.0,59.0,17,11500.0,2023-02-13,,0,0.0
RIQ-05139,Pro,Healthcare,Mumbai,Referral,Monthly,5,2220.0,26640.0,2.0,58.0,15,6800.0,2022-01-24,,0,0.0
RIQ-05140,Enterprise,Healthcare,Bengaluru,Paid Search,Annual,10,8640.0,103680.0,0.0,84.0,17,47500.0,2023-06-02,,0,0.0
RIQ-05141,Basic,Edtech,Delhi,Social Media,Monthly,6,600.0,7200.0,2.0,19.0,5,3200.0,2022-04-07,2022-10-17,1,7200.0
RIQ-05142,Basic,E-commerce,Delhi,Paid Search,Monthly,3,900.0,10800.0,1.0,38.0,8,3700.0,2022-08-14,2022-11-13,1,10800.0
RIQ-05143,Enterprise,Edtech,Bengaluru,Referral,Annual,12,7210.0,86520.0,1.0,54.0,21,56500.0,2023-01-26,,0,0.0
RIQ-05144,Pro,E-commerce,Bengaluru,Paid Search,Annual,38,2110.0,25320.0,0.0,86.0,18,9500.0,2022-09-01,,0,0.0
RIQ-05145,Enterprise,E-commerce,Delhi,Social Media,Monthly,22,7080.0,84960.0,0.0,80.0,23,43700.0,2022-05-12,,0,0.0
RIQ-05146,Basic,Fintech,Mumbai,Social Media,Annual,4,940.0,11280.0,4.0,81.0,14,4200.0,2022-04-11,2022-08-19,1,11280.0
RIQ-05147,Pro,Fintech,Mumbai,Referral,Annual,38,2420.0,29040.0,1.0,40.0,15,8500.0,2023-05-09,,0,0.0
RIQ-05148,Basic,Edtech,Mumbai,Social Media,Monthly,3,950.0,11400.0,4.0,57.0,2,3700.0,2022-03-23,2022-06-30,1,11400.0
RIQ-05149,Basic,E-commerce,Pune,Organic Search,Annual,1,600.0,7200.0,3.0,88.0,3,4300.0,2022-05-05,,0,0.0
RIQ-05150,Pro,Edtech,Bengaluru,Referral,Annual,37,2020.0,24240.0,1.0,80.0,7,11000.0,2022-11-27,,0,0.0
RIQ-05151,Pro,E-commerce,Bengaluru,Paid Search,Annual,2,2070.0,24840.0,1.0,60.0,13,12800.0,2022-11-12,2022-12-29,1,24840.0
RIQ-05152,Pro,E-commerce,Pune,Organic Search,Annual,41,2310.0,27720.0,2.0,73.0,5,8100.0,2022-02-18,,0,0.0
RIQ-05153,Pro,Fintech,Pune,Email Campaign,Annual,60,2060.0,24720.0,0.0,49.0,17,6800.0,2023-08-26,,0,0.0
RIQ-05154,Basic,Healthcare,Pune,Paid Search,Monthly,9,740.0,8880.0,3.0,29.0,8,4500.0,2023-10-17,2024-06-29,1,8880.0
RIQ-05155,Pro,Edtech,Chennai,Referral,Annual,3,2160.0,25920.0,1.0,51.0,15,13300.0,2023-02-08,,0,0.0
RIQ-05156,Basic,Edtech,Mumbai,Social Media,Monthly,2,750.0,9000.0,4.0,44.0,3,4400.0,2023-06-14,2023-08-10,1,9000.0
RIQ-05157,Pro,Healthcare,Bengaluru,Referral,Monthly,5,2330.0,27960.0,0.0,78.0,20,7300.0,2022-12-06,2023-05-02,1,27960.0
RIQ-05158,Basic,E-commerce,Bengaluru,Paid Search,Monthly,4,680.0,8160.0,3.0,68.0,5,4000.0,2023-11-11,2024-03-25,1,8160.0
RIQ-05159,Enterprise,E-commerce,Hyderabad,Social Media,Annual,50,5790.0,69480.0,1.0,81.0,20,50400.0,2022-06-18,,0,0.0
RIQ-05160,Pro,E-commerce,Mumbai,Social Media,Annual,10,1610.0,19320.0,4.0,63.0,14,7900.0,2022-08-12,2023-05-28,1,19320.0
RIQ-05161,Pro,E-commerce,Bengaluru,Social Media,Annual,41,2010.0,24120.0,1.0,71.0,24,12500.0,2022-12-18,,0,0.0
RIQ-05162,Basic,E-commerce,Pune,Paid Search,Annual,5,910.0,10920.0,2.0,41.0,3,4700.0,2023-05-12,,0,0.0
RIQ-05163,Basic,Healthcare,Mumbai,Paid Search,Monthly,1,800.0,9600.0,3.0,32.0,6,3000.0,2023-02-13,2023-03-08,1,9600.0
RIQ-05164,Basic,Fintech,Delhi,Organic Search,Annual,19,630.0,7560.0,4.0,59.0,9,3700.0,2022-10-15,,0,0.0
RIQ-05165,Pro,E-commerce,Mumbai,Referral,Annual,2,1650.0,19800.0,2.0,100.0,16,7800.0,2022-08-25,,0,0.0
RIQ-05166,Pro,Fintech,Hyderabad,Referral,Annual,41,1820.0,21840.0,0.0,46.0,25,12400.0,2022-12-19,,0,0.0
RIQ-05167,Basic,E-commerce,Pune,Email Campaign,Monthly,3,580.0,6960.0,4.0,37.0,3,4100.0,2023-05-31,,0,0.0
RIQ-05168,Basic,Edtech,Hyderabad,Paid Search,Monthly,10,730.0,8760.0,1.0,58.0,7,4900.0,2022-10-11,2023-07-25,1,8760.0
RIQ-05169,Pro,Fintech,Delhi,Referral,Annual,32,2470.0,29640.0,0.0,72.0,15,14800.0,2023-01-31,,0,0.0
RIQ-05170,Enterprise,Healthcare,Hyderabad,Referral,Monthly,47,7220.0,86640.0,2.0,88.0,23,51600.0,2022-05-04,,0,0.0
RIQ-05171,Pro,Edtech,Delhi,Paid Search,Monthly,4,2120.0,25440.0,2.0,57.0,10,8400.0,2023-03-11,2023-07-02,1,25440.0
RIQ-05172,Enterprise,Healthcare,Pune,Email Campaign,Annual,37,8930.0,107160.0,3.0,62.0,25,37400.0,2022-03-15,,0,0.0
RIQ-05173,Pro,E-commerce,Pune,Direct,Monthly,9,2390.0,28680.0,1.0,53.0,10,10800.0,2023-09-19,,0,0.0
RIQ-05174,Pro,E-commerce,Mumbai,Paid Search,Annual,6,2430.0,29160.0,0.0,58.0,7,11100.0,2022-01-09,2022-07-22,1,29160.0
RIQ-05175,Pro,Edtech,Hyderabad,Email Campaign,Monthly,6,2240.0,26880.0,1.0,31.0,14,7000.0,2022-07-08,,0,0.0
RIQ-05176,Enterprise,Edtech,Hyderabad,Direct,Annual,20,9180.0,110160.0,2.0,72.0,24,39000.0,2022-03-29,,0,0.0
RIQ-05177,Pro,Healthcare,Delhi,Organic Search,Annual,4,2140.0,25680.0,1.0,36.0,19,7300.0,2022-06-26,,0,0.0
RIQ-05178,Basic,Edtech,Mumbai,Social Media,Annual,12,880.0,10560.0,1.0,33.0,9,4300.0,2022-08-09,2023-07-29,1,10560.0
RIQ-05179,Basic,Fintech,Pune,Organic Search,Annual,1,700.0,8400.0,3.0,41.0,9,3900.0,2022-02-19,2022-03-24,1,8400.0
RIQ-05180,Enterprise,Fintech,Bengaluru,Organic Search,Annual,33,8470.0,101640.0,2.0,49.0,20,58800.0,2022-03-26,,0,0.0
RIQ-05181,Basic,Fintech,Mumbai,Email Campaign,Monthly,1,640.0,7680.0,2.0,51.0,8,4700.0,2022-07-28,2022-08-18,1,7680.0
RIQ-05182,Basic,Healthcare,Hyderabad,Organic Search,Monthly,4,930.0,11160.0,1.0,18.0,10,4200.0,2022-08-13,2022-12-10,1,11160.0
RIQ-05183,Pro,Fintech,Pune,Referral,Annual,24,1900.0,22800.0,1.0,80.0,9,9100.0,2023-05-13,,0,0.0
RIQ-05184,Pro,Edtech,Hyderabad,Organic Search,Annual,3,1920.0,23040.0,0.0,75.0,14,11300.0,2022-01-17,,0,0.0
RIQ-05185,Basic,Fintech,Bengaluru,Referral,Monthly,8,520.0,6240.0,5.0,33.0,9,4600.0,2023-03-24,2023-11-19,1,6240.0
RIQ-05186,Basic,Healthcare,Delhi,Organic Search,Annual,2,700.0,8400.0,1.0,75.0,3,2400.0,2022-05-22,2022-07-21,1,8400.0
RIQ-05187,Pro,E-commerce,Delhi,Direct,Monthly,2,1890.0,22680.0,0.0,68.0,13,7000.0,2022-11-03,2023-01-06,1,22680.0
RIQ-05188,Pro,E-commerce,Mumbai,Organic Search,Monthly,14,2210.0,26520.0,2.0,100.0,13,12600.0,2022-12-24,,0,0.0
RIQ-05189,Pro,Healthcare,Bengaluru,Email Campaign,Annual,29,1650.0,19800.0,2.0,79.0,11,6400.0,2023-05-29,,0,0.0
RIQ-05190,Pro,Healthcare,Delhi,Social Media,Annual,14,2380.0,28560.0,0.0,33.0,10,12500.0,2023-01-01,,0,0.0
RIQ-05191,Pro,Edtech,Hyderabad,Email Campaign,Annual,14,2150.0,25800.0,2.0,51.0,8,8200.0,2023-11-04,,0,0.0
RIQ-05192,Enterprise,Healthcare,Pune,Paid Search,Annual,4,7480.0,89760.0,0.0,42.0,24,23600.0,2022-12-15,,0,0.0
RIQ-05193,Pro,Edtech,Bengaluru,Organic Search,Annual,43,1660.0,19920.0,1.0,78.0,8,8000.0,2022-07-06,,0,0.0
RIQ-05194,Pro,Healthcare,Delhi,Paid Search,Annual,11,1900.0,22800.0,1.0,91.0,13,8600.0,2023-10-19,,0,0.0
RIQ-05195,Pro,Fintech,Hyderabad,Paid Search,Annual,12,1940.0,23280.0,0.0,53.0,11,6200.0,2023-09-17,,0,0.0
RIQ-05196,Basic,Healthcare,Chennai,Social Media,Monthly,7,670.0,8040.0,2.0,56.0,9,4700.0,2023-11-14,2024-06-21,1,8040.0
RIQ-05197,Pro,E-commerce,Chennai,Paid Search,Monthly,15,2110.0,25320.0,1.0,44.0,22,9300.0,2022-03-08,2023-05-31,1,25320.0
RIQ-05198,Basic,Edtech,Mumbai,Organic Search,Monthly,6,840.0,10080.0,2.0,51.0,7,2300.0,2022-10-11,2023-04-03,1,10080.0
RIQ-05199,Pro,Healthcare,Delhi,Email Campaign,Monthly,11,1840.0,22080.0,0.0,54.0,21,8500.0,2023-11-20,2024-10-03,1,22080.0
RIQ-05200,Pro,Healthcare,Mumbai,Referral,Annual,3,2020.0,24240.0,2.0,82.0,11,10700.0,2023-11-21,,0,0.0
RIQ-05201,Pro,Healthcare,Bengaluru,Organic Search,Monthly,12,2160.0,25920.0,1.0,56.0,11,10000.0,2023-05-03,,0,0.0
RIQ-05202,Basic,Fintech,Delhi,Direct,Monthly,7,890.0,10680.0,0.0,36.0,11,4700.0,2023-08-20,,0,0.0
RIQ-05203,Basic,Healthcare,Delhi,Referral,Annual,1,650.0,7800.0,2.0,54.0,1,2800.0,2023-09-20,,0,0.0
RIQ-05204,Basic,Fintech,Bengaluru,Direct,Monthly,8,920.0,11040.0,4.0,37.0,3,3300.0,2022-08-16,2023-04-22,1,11040.0
RIQ-05205,Basic,Healthcare,Mumbai,Direct,Monthly,20,670.0,8040.0,1.0,66.0,7,4400.0,2023-02-25,,0,0.0
RIQ-05206,Basic,E-commerce,Mumbai,Organic Search,Annual,6,500.0,6000.0,4.0,42.0,4,2800.0,2023-08-20,,0,0.0
RIQ-05207,Basic,E-commerce,Delhi,Direct,Monthly,4,740.0,8880.0,1.0,42.0,3,4600.0,2022-09-04,2022-12-27,1,8880.0
RIQ-05208,Basic,Fintech,Mumbai,Referral,Annual,26,730.0,8760.0,1.0,45.0,10,5000.0,2022-05-08,,0,0.0
RIQ-05209,Basic,Fintech,Mumbai,Social Media,Monthly,8,970.0,11640.0,3.0,31.0,2,3400.0,2023-10-21,2024-06-10,1,11640.0
RIQ-05210,Basic,Edtech,Hyderabad,Email Campaign,Monthly,2,810.0,9720.0,1.0,61.0,11,4000.0,2022-09-27,2022-11-18,1,9720.0
RIQ-05211,Pro,E-commerce,Pune,Email Campaign,Annual,22,2190.0,26280.0,1.0,94.0,14,9200.0,2023-05-11,,0,0.0
RIQ-05212,Basic,Edtech,Pune,Email Campaign,Monthly,6,980.0,11760.0,3.0,14.0,2,2800.0,2022-12-11,2023-06-06,1,11760.0
RIQ-05213,Enterprise,E-commerce,Pune,Social Media,Annual,4,9830.0,117960.0,1.0,56.0,26,33200.0,2023-10-12,2024-02-09,1,117960.0
RIQ-05214,Basic,Edtech,Mumbai,Paid Search,Annual,6,820.0,9840.0,6.0,68.0,6,2600.0,2023-04-24,,0,0.0
RIQ-05215,Basic,Edtech,Pune,Paid Search,Annual,5,930.0,11160.0,3.0,58.0,3,3100.0,2023-07-04,,0,0.0
RIQ-05216,Basic,Edtech,Mumbai,Referral,Monthly,3,920.0,11040.0,1.0,25.0,6,3700.0,2023-11-22,2024-02-28,1,11040.0
RIQ-05217,Basic,E-commerce,Mumbai,Referral,Annual,17,870.0,10440.0,5.0,47.0,9,3500.0,2022-11-05,2024-04-09,1,10440.0
RIQ-05218,Pro,Fintech,Delhi,Organic Search,Monthly,22,1910.0,22920.0,0.0,92.0,6,14200.0,2022-02-15,2023-11-26,1,22920.0
RIQ-05219,Enterprise,Edtech,Delhi,Organic Search,Annual,6,6310.0,75720.0,1.0,100.0,19,26700.0,2023-10-18,,0,0.0
RIQ-05220,Pro,Healthcare,Bengaluru,Organic Search,Monthly,9,1710.0,20520.0,1.0,49.0,15,8700.0,2023-11-02,2024-08-08,1,20520.0
RIQ-05221,Basic,Edtech,Hyderabad,Direct,Annual,12,510.0,6120.0,1.0,20.0,6,3200.0,2022-04-15,2023-04-03,1,6120.0
RIQ-05222,Basic,Fintech,Mumbai,Referral,Monthly,24,820.0,9840.0,3.0,66.0,1,4200.0,2022-04-09,2024-03-22,1,9840.0
RIQ-05223,Basic,Fintech,Hyderabad,Organic Search,Annual,12,860.0,10320.0,2.0,44.0,10,2400.0,2022-09-09,2023-08-29,1,10320.0
RIQ-05224,Basic,E-commerce,Chennai,Organic Search,Monthly,17,670.0,8040.0,1.0,45.0,1,3600.0,2022-02-12,,0,0.0
RIQ-05225,Enterprise,E-commerce,Hyderabad,Social Media,Annual,60,6860.0,82320.0,0.0,42.0,21,27600.0,2023-02-17,,0,0.0
RIQ-05226,Pro,Healthcare,Bengaluru,Social Media,Monthly,11,2320.0,27840.0,1.0,63.0,13,10100.0,2022-04-14,,0,0.0
RIQ-05227,Basic,Edtech,Mumbai,Direct,Monthly,7,510.0,6120.0,2.0,42.0,1,4300.0,2022-02-10,,0,0.0
RIQ-05228,Pro,Fintech,Pune,Social Media,Annual,11,1880.0,22560.0,1.0,100.0,17,8400.0,2023-08-10,,0,0.0
RIQ-05229,Basic,Fintech,Pune,Direct,Monthly,1,770.0,9240.0,2.0,57.0,9,4800.0,2023-09-04,2023-09-24,1,9240.0
RIQ-05230,Enterprise,Healthcare,Chennai,Paid Search,Annual,19,6990.0,83880.0,0.0,42.0,24,43100.0,2022-06-09,,0,0.0
RIQ-05231,Enterprise,Healthcare,Hyderabad,Email Campaign,Annual,1,8900.0,106800.0,0.0,100.0,19,43400.0,2023-11-12,,0,0.0
RIQ-05232,Enterprise,Healthcare,Mumbai,Social Media,Annual,60,7220.0,86640.0,1.0,72.0,14,51600.0,2023-11-25,,0,0.0
RIQ-05233,Pro,Healthcare,Pune,Direct,Monthly,2,1990.0,23880.0,1.0,67.0,6,12100.0,2022-09-03,,0,0.0
RIQ-05234,Basic,Fintech,Mumbai,Organic Search,Monthly,2,760.0,9120.0,0.0,24.0,8,3500.0,2023-02-22,2023-04-09,1,9120.0
RIQ-05235,Basic,Healthcare,Pune,Paid Search,Annual,2,770.0,9240.0,3.0,44.0,5,4300.0,2022-10-04,,0,0.0
RIQ-05236,Enterprise,Edtech,Pune,Organic Search,Monthly,11,6730.0,80760.0,0.0,84.0,18,23000.0,2022-04-20,,0,0.0
RIQ-05237,Basic,E-commerce,Hyderabad,Referral,Monthly,11,590.0,7080.0,3.0,48.0,6,4700.0,2023-09-11,2024-08-05,1,7080.0
RIQ-05238,Pro,Fintech,Delhi,Email Campaign,Monthly,5,1810.0,21720.0,1.0,34.0,19,9600.0,2023-09-22,,0,0.0
RIQ-05239,Basic,Healthcare,Hyderabad,Social Media,Monthly,3,610.0,7320.0,4.0,37.0,2,4300.0,2023-05-07,2023-08-12,1,7320.0
RIQ-05240,Pro,E-commerce,Bengaluru,Paid Search,Annual,19,2320.0,27840.0,0.0,92.0,16,8400.0,2022-03-06,,0,0.0
RIQ-05241,Basic,E-commerce,Bengaluru,Organic Search,Monthly,2,600.0,7200.0,3.0,14.0,9,4000.0,2023-11-15,2023-12-30,1,7200.0
RIQ-05242,Enterprise,E-commerce,Bengaluru,Social Media,Annual,16,6140.0,73680.0,0.0,57.0,24,34600.0,2023-01-08,,0,0.0
RIQ-05243,basic,Edtech,Delhi,Social Media,Monthly,1,910.0,10920.0,3.0,65.0,7,2100.0,2023-02-04,2023-03-17,1,10920.0
RIQ-05244,Basic,Fintech,Bengaluru,Email Campaign,Monthly,13,590.0,7080.0,2.0,81.0,7,3200.0,2023-11-17,,0,0.0
RIQ-05245,Enterprise,E-commerce,Hyderabad,Organic Search,Annual,31,7960.0,95520.0,2.0,69.0,30,25700.0,2022-09-28,,0,0.0
RIQ-05246,Enterprise,E-commerce,Delhi,Email Campaign,Annual,15,7530.0,90360.0,1.0,92.0,26,24100.0,2023-06-20,,0,0.0
RIQ-05247,Enterprise,Healthcare,Mumbai,Referral,Annual,17,9050.0,108600.0,0.0,77.0,26,52100.0,2023-11-20,,0,0.0
RIQ-05248,Pro,Healthcare,Mumbai,Email Campaign,Annual,3,1570.0,18840.0,0.0,52.0,11,8900.0,2023-10-04,,0,0.0
RIQ-05249,Basic,E-commerce,Mumbai,Social Media,Annual,4,690.0,8280.0,1.0,61.0,2,3500.0,2022-04-21,2022-08-22,1,8280.0
RIQ-05250,Enterprise,E-commerce,Hyderabad,Organic Search,Annual,60,9890.0,118680.0,0.0,55.0,24,35800.0,2022-12-08,,0,0.0
RIQ-05251,Enterprise,Healthcare,Pune,Email Campaign,Annual,60,8790.0,105480.0,0.0,85.0,22,45200.0,2022-11-23,,0,0.0
RIQ-05252,Pro,Healthcare,Hyderabad,Email Campaign,Annual,4,1880.0,22560.0,1.0,42.0,11,7600.0,2023-01-17,,0,0.0
RIQ-05253,Basic,E-commerce,Chennai,Referral,Annual,1,660.0,7920.0,4.0,50.0,8,4800.0,2022-10-21,,0,0.0
RIQ-05254,Enterprise,Edtech,Hyderabad,Organic Search,Annual,27,8860.0,106320.0,1.0,30.0,22,47900.0,2023-06-30,,0,0.0
RIQ-05255,Basic,E-commerce,Pune,Social Media,Annual,1,540.0,6480.0,3.0,40.0,4,3400.0,2023-01-27,2023-03-12,1,6480.0
RIQ-05256,Pro,Fintech,Hyderabad,Referral,Monthly,2,1840.0,22080.0,2.0,81.0,19,11800.0,2022-03-01,2022-04-21,1,22080.0
RIQ-05257,Basic,Edtech,Pune,Organic Search,Monthly,3,840.0,10080.0,0.0,18.0,3,4500.0,2022-08-10,2022-11-07,1,10080.0
RIQ-05258,Basic,Edtech,Bengaluru,Social Media,Monthly,1,890.0,10680.0,2.0,42.0,7,4700.0,2023-07-04,2023-08-12,1,10680.0
RIQ-05259,Basic,Fintech,Delhi,Email Campaign,Monthly,11,630.0,7560.0,3.0,38.0,2,2500.0,2023-11-18,2024-10-02,1,7560.0
RIQ-05260,Pro,Edtech,Mumbai,Organic Search,Monthly,2,2020.0,24240.0,0.0,32.0,8,14800.0,2022-07-23,2022-09-13,1,24240.0
RIQ-05261,Basic,E-commerce,Mumbai,Social Media,Monthly,1,550.0,6600.0,3.0,40.0,5,3600.0,2023-03-30,2023-04-19,1,6600.0
RIQ-05262,Basic,Healthcare,Chennai,Referral,Monthly,14,500.0,6000.0,2.0,46.0,7,4600.0,2023-05-09,,0,0.0
RIQ-05263,Basic,Edtech,Pune,Paid Search,Monthly,9,950.0,11400.0,2.0,43.0,1,3700.0,2022-02-17,2022-11-22,1,11400.0
RIQ-05264,Pro,Fintech,Delhi,Organic Search,Monthly,4,1980.0,23760.0,2.0,93.0,14,10200.0,2022-04-22,2022-08-22,1,23760.0
RIQ-05265,Basic,Healthcare,Pune,Referral,Monthly,4,800.0,9600.0,2.0,27.0,5,3300.0,2022-01-03,2022-05-03,1,9600.0
RIQ-05266,Pro,E-commerce,Pune,Email Campaign,Monthly,21,2140.0,25680.0,1.0,58.0,15,10500.0,2022-07-09,,0,0.0
RIQ-05267,Basic,Healthcare,Bengaluru,Organic Search,Monthly,26,770.0,9240.0,2.0,35.0,9,3200.0,2023-06-13,,0,0.0
RIQ-05268,Enterprise,E-commerce,Delhi,Referral,Annual,42,7500.0,90000.0,1.0,67.0,17,53100.0,2023-08-12,,0,0.0
RIQ-05269,Basic,Edtech,Mumbai,Referral,Annual,10,580.0,6960.0,2.0,47.0,8,4000.0,2022-11-01,,0,0.0
RIQ-05270,Basic,E-commerce,Bengaluru,Referral,Monthly,12,710.0,8520.0,2.0,52.0,9,2300.0,2022-11-02,,0,0.0
RIQ-05271,Basic,Edtech,Delhi,Social Media,Monthly,3,660.0,7920.0,0.0,50.0,10,4000.0,2022-08-25,2022-11-27,1,7920.0
RIQ-05272,Pro,Edtech,Delhi,Email Campaign,Annual,4,2300.0,27600.0,1.0,88.0,14,11100.0,2023-08-06,,0,0.0
RIQ-05273,Basic,E-commerce,Delhi,Referral,Annual,6,740.0,8880.0,1.0,30.0,3,2700.0,2022-01-16,,0,0.0
RIQ-05274,Basic,Fintech,Delhi,Paid Search,Monthly,2,1000.0,12000.0,2.0,57.0,1,4000.0,2023-09-03,2023-11-01,1,12000.0
RIQ-05275,Pro,Fintech,Chennai,Referral,Annual,2,2360.0,28320.0,1.0,100.0,15,9600.0,2023-07-27,2023-09-28,1,28320.0
RIQ-05276,Pro,Fintech,Mumbai,Organic Search,Monthly,1,2080.0,24960.0,1.0,,25,10200.0,2023-04-21,,0,0.0
RIQ-05277,Pro,Edtech,Bengaluru,Social Media,Annual,23,2460.0,29520.0,1.0,88.0,12,8200.0,2022-09-10,,0,0.0
RIQ-05278,Basic,Healthcare,Pune,Email Campaign,Monthly,2,860.0,10320.0,3.0,23.0,5,2500.0,2022-12-16,2023-03-01,1,10320.0
RIQ-05279,Basic,Fintech,Delhi,Direct,Annual,6,560.0,6720.0,3.0,0.0,5,4200.0,2023-08-09,,0,0.0
RIQ-05280,Basic,Edtech,Bengaluru,Social Media,Monthly,1,750.0,9000.0,4.0,74.0,6,2800.0,2023-01-11,2023-02-20,1,9000.0
RIQ-05281,Basic,Fintech,Hyderabad,Email Campaign,Monthly,3,960.0,11520.0,5.0,60.0,1,2600.0,2022-08-26,,0,0.0
RIQ-05282,Basic,Edtech,Chennai,Organic Search,Monthly,5,880.0,10560.0,2.0,65.0,2,4000.0,2022-11-02,2023-03-23,1,10560.0
RIQ-05283,Pro,E-commerce,Delhi,Email Campaign,Annual,12,1910.0,22920.0,1.0,49.0,16,13200.0,2023-04-05,,0,0.0
RIQ-05284,Pro,E-commerce,Delhi,Email Campaign,Monthly,39,1980.0,23760.0,0.0,57.0,14,9400.0,2022-12-13,,0,0.0
RIQ-05285,Enterprise,E-commerce,Mumbai,Organic Search,Annual,19,8450.0,101400.0,0.0,,20,49400.0,2022-12-20,,0,0.0
RIQ-05286,Pro,Healthcare,Bengaluru,Referral,Annual,41,1800.0,21600.0,1.0,71.0,13,10900.0,2022-04-01,,0,0.0
RIQ-05287,Basic,Fintech,Delhi,Direct,Monthly,9,780.0,9360.0,0.0,51.0,3,4900.0,2023-01-12,2023-10-10,1,9360.0
RIQ-05288,Basic,E-commerce,Bengaluru,Referral,Monthly,2,790.0,9480.0,1.0,51.0,9,3000.0,2022-08-14,,0,0.0
RIQ-05289,Pro,Healthcare,Bengaluru,Organic Search,Monthly,19,1600.0,19200.0,0.0,64.0,5,12300.0,2023-05-20,2024-11-27,1,19200.0
RIQ-05290,Basic,Healthcare,Mumbai,Organic Search,Monthly,14,670.0,8040.0,2.0,33.0,9,3400.0,2023-05-28,,0,0.0
RIQ-05291,Enterprise,Fintech,Pune,Organic Search,Annual,40,5370.0,64440.0,1.0,43.0,23,20200.0,2022-09-17,,0,0.0
RIQ-05292,Pro,E-commerce,Hyderabad,Organic Search,Monthly,3,1590.0,19080.0,0.0,56.0,12,13300.0,2023-02-06,,0,0.0
RIQ-05293,Basic,Healthcare,Mumbai,Referral,Monthly,7,810.0,9720.0,1.0,58.0,3,2600.0,2023-08-28,2024-03-20,1,9720.0
RIQ-05294,Basic,Edtech,Pune,Referral,Monthly,4,560.0,6720.0,4.0,57.0,11,3400.0,2023-07-25,,0,0.0
RIQ-05295,Basic,Fintech,Mumbai,Organic Search,Monthly,8,930.0,11160.0,1.0,42.0,7,4600.0,2023-03-23,,0,0.0
RIQ-05296,Basic,Fintech,Bengaluru,Social Media,Annual,1,650.0,7800.0,2.0,33.0,3,4100.0,2023-11-03,2023-12-14,1,7800.0
RIQ-05297,Enterprise,Healthcare,Chennai,Social Media,Annual,19,8380.0,100560.0,1.0,63.0,23,45600.0,2023-11-16,,0,0.0
RIQ-05298,Basic,E-commerce,Mumbai,Paid Search,Annual,7,740.0,8880.0,2.0,53.0,13,2100.0,2022-08-31,,0,0.0
RIQ-05299,Basic,E-commerce,Mumbai,Paid Search,Annual,6,890.0,10680.0,0.0,34.0,6,4700.0,2023-04-08,2023-09-30,1,10680.0
RIQ-05300,Pro,Edtech,Mumbai,Paid Search,Annual,9,1760.0,21120.0,1.0,53.0,13,6000.0,2022-12-15,,0,0.0
RIQ-05301,Enterprise,Fintech,Pune,Organic Search,Monthly,9,9480.0,113760.0,1.0,81.0,23,59300.0,2022-02-14,,0,0.0
RIQ-05302,Basic,E-commerce,Mumbai,Social Media,Monthly,13,860.0,10320.0,2.0,55.0,12,2400.0,2022-08-11,2023-09-16,1,10320.0
RIQ-05303,Basic,Edtech,Hyderabad,Organic Search,Monthly,7,510.0,6120.0,3.0,37.0,4,2900.0,2022-12-16,2023-07-26,1,6120.0
RIQ-05304,Pro,Healthcare,Pune,Paid Search,Annual,33,2280.0,27360.0,1.0,53.0,19,9200.0,2023-08-21,,0,0.0
RIQ-05305,Enterprise,E-commerce,Pune,Organic Search,Annual,2,9450.0,113400.0,2.0,78.0,25,24300.0,2023-05-04,,0,0.0
RIQ-05306,Enterprise,E-commerce,Bengaluru,Email Campaign,Annual,25,7420.0,89040.0,3.0,68.0,19,34500.0,2023-08-13,2025-09-01,1,89040.0
RIQ-05307,Basic,Edtech,Pune,Organic Search,Monthly,1,840.0,10080.0,1.0,32.0,3,3000.0,2022-12-26,2023-01-23,1,10080.0
RIQ-05308,Enterprise,E-commerce,Chennai,Email Campaign,Annual,50,7280.0,87360.0,0.0,93.0,24,31800.0,2022-06-20,,0,0.0
RIQ-05309,Basic,Edtech,Mumbai,Direct,Monthly,10,670.0,8040.0,0.0,85.0,4,2100.0,2023-11-28,,0,0.0
RIQ-05310,Basic,Edtech,Hyderabad,Paid Search,Monthly,4,750.0,9000.0,,67.0,6,4600.0,2023-01-25,2023-05-26,1,9000.0
RIQ-05311,Basic,Healthcare,Pune,Social Media,Annual,8,720.0,8640.0,1.0,81.0,3,4200.0,2023-08-28,,0,0.0
RIQ-05312,Basic,Fintech,Mumbai,Social Media,Monthly,5,820.0,9840.0,2.0,48.0,4,2700.0,2023-02-22,2023-07-09,1,9840.0
RIQ-05313,Basic,Edtech,Hyderabad,Social Media,Monthly,11,770.0,9240.0,6.0,55.0,3,4300.0,2022-02-04,2023-01-04,1,9240.0
RIQ-05314,Basic,E-commerce,Mumbai,Organic Search,Monthly,7,730.0,8760.0,4.0,53.0,6,3100.0,2023-09-03,,0,0.0
RIQ-05315,Basic,Healthcare,Mumbai,Organic Search,Annual,1,780.0,9360.0,3.0,54.0,8,2400.0,2023-02-21,,0,0.0
RIQ-05316,Enterprise,Healthcare,Delhi,Paid Search,Annual,29,5920.0,71040.0,0.0,86.0,19,22200.0,2023-03-31,,0,0.0
RIQ-05317,Enterprise,Fintech,Bengaluru,Paid Search,Annual,12,7190.0,86280.0,0.0,84.0,25,42200.0,2022-09-02,,0,0.0
RIQ-05318,Basic,Fintech,Mumbai,Email Campaign,Monthly,5,710.0,8520.0,1.0,41.0,8,4400.0,2022-07-11,2022-12-14,1,8520.0
RIQ-05319,Basic,Edtech,Bengaluru,Social Media,Monthly,5,830.0,9960.0,1.0,87.0,2,2600.0,2022-06-21,2022-11-12,1,9960.0
RIQ-05320,Pro,E-commerce,Bengaluru,Direct,Monthly,1,2280.0,27360.0,2.0,53.0,21,7900.0,2022-02-23,,0,0.0
RIQ-05321,Pro,Fintech,Bengaluru,Social Media,Annual,28,1730.0,20760.0,0.0,33.0,18,13100.0,2022-10-14,,0,0.0
RIQ-05322,Pro,Healthcare,Bengaluru,Organic Search,Monthly,1,2390.0,28680.0,1.0,59.0,11,8300.0,2023-01-22,2023-02-24,1,28680.0
RIQ-05323,Basic,E-commerce,Mumbai,Social Media,Monthly,3,960.0,11520.0,0.0,59.0,12,3000.0,2023-02-13,2023-05-18,1,11520.0
RIQ-05324,Enterprise,Healthcare,Bengaluru,Organic Search,Annual,18,7690.0,92280.0,0.0,89.0,21,32200.0,2023-02-06,,0,0.0
RIQ-05325,Basic,E-commerce,Chennai,Paid Search,Monthly,3,570.0,6840.0,2.0,7.0,7,3400.0,2022-12-18,2023-03-10,1,6840.0
RIQ-05326,Basic,E-commerce,Pune,Referral,Monthly,23,690.0,8280.0,1.0,82.0,5,2800.0,2022-09-29,,0,0.0
RIQ-05327,Basic,Fintech,Chennai,Paid Search,Monthly,13,640.0,7680.0,0.0,40.0,1,4300.0,2023-05-06,,0,0.0
RIQ-05328,Pro,E-commerce,Mumbai,Organic Search,Annual,49,2460.0,29520.0,2.0,70.0,9,13200.0,2023-10-09,,0,0.0
RIQ-05329,Basic,Fintech,Bengaluru,Organic Search,Monthly,14,630.0,7560.0,3.0,41.0,7,3100.0,2023-01-06,,0,0.0
RIQ-05330,Basic,Healthcare,Delhi,Social Media,Monthly,3,900.0,10800.0,1.0,40.0,9,4900.0,2022-11-28,2023-02-18,1,10800.0
RIQ-05331,Enterprise,Healthcare,Bengaluru,Direct,Annual,60,9850.0,118200.0,1.0,38.0,21,42300.0,2023-01-09,,0,0.0
RIQ-05332,Basic,Healthcare,Chennai,Email Campaign,Monthly,6,980.0,11760.0,2.0,48.0,12,3700.0,2023-03-11,,0,0.0
RIQ-05333,Basic,Healthcare,Hyderabad,Referral,Monthly,6,700.0,8400.0,1.0,64.0,4,2100.0,2023-11-27,2024-05-15,1,8400.0
RIQ-05334,Basic,Fintech,Pune,Social Media,Monthly,2,580.0,6960.0,0.0,80.0,6,2200.0,2022-09-13,2022-11-25,1,6960.0
RIQ-05335,Pro,E-commerce,Delhi,Referral,Annual,21,1590.0,19080.0,2.0,68.0,15,14700.0,2022-11-30,,0,0.0
RIQ-05336,Enterprise,E-commerce,Mumbai,Email Campaign,Monthly,50,9760.0,117120.0,2.0,76.0,24,38900.0,2023-08-14,,0,0.0
RIQ-05337,Basic,E-commerce,Mumbai,Organic Search,Annual,12,760.0,9120.0,5.0,39.0,2,2500.0,2023-05-11,,0,0.0
RIQ-05338,Basic,E-commerce,Pune,Social Media,Monthly,1,910.0,10920.0,2.0,60.0,3,2800.0,2022-03-20,,0,0.0
RIQ-05339,Enterprise,E-commerce,Hyderabad,Referral,Annual,4,6810.0,81720.0,0.0,39.0,27,39000.0,2023-02-23,,0,0.0
RIQ-05340,Pro,Edtech,Pune,Paid Search,Annual,33,2170.0,26040.0,1.0,77.0,11,7000.0,2023-02-06,,0,0.0
RIQ-05341,Pro,Edtech,Hyderabad,Direct,Annual,17,1690.0,20280.0,1.0,70.0,17,10600.0,2022-07-07,,0,0.0
RIQ-05342,Basic,Fintech,Chennai,Social Media,Annual,25,510.0,6120.0,0.0,44.0,4,4100.0,2022-03-22,,0,0.0
RIQ-05343,Pro,Edtech,Delhi,Paid Search,Annual,2,1840.0,22080.0,1.0,63.0,19,6200.0,2022-03-23,,0,0.0
RIQ-05344,Pro,Healthcare,Pune,Organic Search,Annual,1,2230.0,26760.0,1.0,47.0,14,12500.0,2023-11-03,2023-12-12,1,26760.0
RIQ-05345,Pro,E-commerce,Mumbai,Social Media,Annual,1,1800.0,21600.0,0.0,61.0,15,8500.0,2022-10-06,,0,0.0
RIQ-05346,Basic,Fintech,Mumbai,Social Media,Annual,2,570.0,6840.0,5.0,70.0,4,2200.0,2022-03-11,,0,0.0
RIQ-05347,Pro,E-commerce,Hyderabad,Organic Search,Annual,20,1630.0,19560.0,0.0,50.0,15,12700.0,2023-04-23,,0,0.0
RIQ-05348,Pro,Healthcare,Mumbai,Referral,Monthly,12,1850.0,22200.0,0.0,81.0,16,11100.0,2023-02-20,,0,0.0
RIQ-05349,Basic,Fintech,Pune,Organic Search,Annual,7,580.0,6960.0,2.0,29.0,2,4600.0,2022-02-22,2022-09-12,1,6960.0
RIQ-05350,Basic,E-commerce,Mumbai,Organic Search,Monthly,2,950.0,11400.0,1.0,76.0,7,4200.0,2022-12-16,2023-02-08,1,11400.0
RIQ-05351,Basic,Fintech,Chennai,Referral,Monthly,1,600.0,7200.0,2.0,78.0,8,3100.0,2023-08-10,2023-09-24,1,7200.0
RIQ-05352,Pro,Edtech,Mumbai,Email Campaign,Annual,46,1740.0,20880.0,1.0,100.0,17,10800.0,2023-07-23,,0,0.0
RIQ-05353,Basic,Healthcare,Pune,Social Media,Monthly,2,710.0,8520.0,3.0,56.0,4,2800.0,2022-04-01,2022-06-12,1,8520.0
RIQ-05354,Pro,Fintech,Delhi,Direct,Annual,8,1730.0,20760.0,1.0,69.0,23,8400.0,2023-02-15,,0,0.0
RIQ-05355,Basic,Healthcare,Mumbai,Email Campaign,Monthly,1,670.0,8040.0,3.0,14.0,12,3900.0,2022-04-13,2022-05-17,1,8040.0
RIQ-05356,Pro,Edtech,Delhi,Direct,Monthly,6,2220.0,26640.0,3.0,56.0,15,11500.0,2023-08-03,,0,0.0
RIQ-05357,Basic,Fintech,Delhi,Paid Search,Monthly,8,740.0,8880.0,2.0,42.0,5,3900.0,2022-05-16,2022-12-27,1,8880.0
RIQ-05358,Basic,E-commerce,Chennai,Paid Search,Monthly,1,520.0,6240.0,3.0,0.0,6,3600.0,2023-07-30,2023-08-18,1,6240.0
RIQ-05359,Basic,Fintech,Delhi,Referral,Monthly,11,610.0,7320.0,2.0,50.0,6,4900.0,2022-06-02,,0,0.0
RIQ-05360,Pro,Fintech,Chennai,Organic Search,Annual,1,1770.0,21240.0,2.0,76.0,17,12800.0,2023-10-25,,0,0.0
RIQ-05361,Pro,Fintech,Pune,Organic Search,Monthly,6,2000.0,24000.0,1.0,36.0,11,9100.0,2023-08-31,,0,0.0
RIQ-05362,Basic,Edtech,Bengaluru,Organic Search,Annual,5,810.0,9720.0,4.0,38.0,7,4700.0,2023-01-16,,0,0.0
RIQ-05363,Basic,E-commerce,Bengaluru,Paid Search,Annual,17,920.0,11040.0,1.0,41.0,7,3900.0,2023-09-11,,0,0.0
RIQ-05364,Enterprise,Edtech,Delhi,Social Media,Annual,13,9870.0,118440.0,0.0,97.0,18,32100.0,2023-04-23,,0,0.0
RIQ-05365,Pro,E-commerce,Bengaluru,Organic Search,Annual,2,2360.0,28320.0,4.0,61.0,14,11100.0,2022-11-14,2023-01-27,1,28320.0
RIQ-05366,Basic,Fintech,Mumbai,Organic Search,Annual,2,620.0,7440.0,5.0,50.0,6,3200.0,2023-02-26,2023-04-17,1,7440.0
RIQ-05367,Basic,Healthcare,Bengaluru,Organic Search,Monthly,4,960.0,11520.0,1.0,64.0,10,2200.0,2022-09-01,2023-01-06,1,11520.0
RIQ-05368,Enterprise,Fintech,Pune,Social Media,Annual,7,9880.0,118560.0,2.0,73.0,17,57000.0,2023-04-27,,0,0.0
RIQ-05369,Basic,Edtech,Pune,Referral,Annual,7,720.0,8640.0,1.0,40.0,3,2500.0,2023-04-18,2023-11-14,1,8640.0
RIQ-05370,Basic,E-commerce,Delhi,Organic Search,Monthly,4,820.0,9840.0,1.0,74.0,4,4700.0,2022-07-22,2022-11-24,1,9840.0
RIQ-05371,Pro,Healthcare,Bengaluru,Social Media,Annual,16,1960.0,23520.0,1.0,69.0,13,14800.0,2023-05-23,,0,0.0
RIQ-05372,Enterprise,Edtech,Delhi,Referral,Annual,24,7380.0,88560.0,0.0,38.0,20,54100.0,2022-12-12,,0,0.0
RIQ-05373,Pro,E-commerce,Delhi,Paid Search,Annual,60,1720.0,20640.0,2.0,85.0,15,11800.0,2023-06-15,,0,0.0
RIQ-05374,Pro,Healthcare,Mumbai,Paid Search,Annual,10,2110.0,25320.0,1.0,37.0,20,13300.0,2023-08-09,,0,0.0
RIQ-05375,Pro,Fintech,Delhi,Referral,Monthly,1,2030.0,24360.0,1.0,50.0,17,7100.0,2022-01-20,,0,0.0
RIQ-05376,Pro,Fintech,Delhi,Direct,Annual,9,2360.0,28320.0,0.0,49.0,12,12500.0,2022-02-21,,0,0.0
RIQ-05377,Basic,Edtech,Delhi,Organic Search,Annual,3,500.0,6000.0,2.0,69.0,1,4100.0,2022-03-09,2022-06-05,1,6000.0
RIQ-05378,Basic,Fintech,Bengaluru,Email Campaign,Monthly,2,560.0,6720.0,1.0,15.0,8,3100.0,2022-06-21,2022-08-17,1,6720.0
RIQ-05379,Basic,Edtech,Bengaluru,Paid Search,Monthly,9,570.0,6840.0,0.0,56.0,12,3800.0,2023-01-10,2023-09-30,1,6840.0
RIQ-05380,Basic,E-commerce,Delhi,Direct,Monthly,20,890.0,10680.0,1.0,48.0,7,2200.0,2022-08-25,,0,0.0
RIQ-05381,Pro,E-commerce,Mumbai,Social Media,Annual,1,1770.0,21240.0,0.0,56.0,20,14200.0,2023-10-07,,0,0.0
RIQ-05382,Basic,E-commerce,Hyderabad,Organic Search,Annual,6,570.0,6840.0,1.0,43.0,6,2300.0,2022-09-05,,0,0.0
RIQ-05383,Enterprise,Fintech,Delhi,Direct,Annual,28,5920.0,71040.0,1.0,79.0,14,30300.0,2022-07-06,,0,0.0
RIQ-05384,Basic,Edtech,Pune,Organic Search,Annual,3,980.0,11760.0,0.0,14.0,9,3300.0,2022-12-03,,0,0.0
RIQ-05385,Pro,Healthcare,Delhi,Social Media,Annual,13,1510.0,18120.0,0.0,65.0,15,7100.0,2022-03-09,,0,0.0
RIQ-05386,Basic,Healthcare,Bengaluru,Direct,Monthly,3,610.0,7320.0,0.0,40.0,5,3600.0,2022-12-04,2023-03-08,1,7320.0
RIQ-05387,Basic,E-commerce,Bengaluru,Paid Search,Monthly,6,650.0,7800.0,0.0,25.0,6,3600.0,2022-06-11,2022-12-11,1,7800.0
RIQ-05388,Pro,Fintech,Chennai,Social Media,Annual,6,2260.0,27120.0,2.0,54.0,15,9700.0,2022-11-27,2023-05-30,1,27120.0
RIQ-05389,Basic,Edtech,Mumbai,Email Campaign,Annual,12,890.0,10680.0,3.0,60.0,5,2700.0,2022-03-26,2023-03-17,1,10680.0
RIQ-05390,Enterprise,Fintech,Pune,Social Media,Annual,31,5830.0,69960.0,0.0,83.0,28,51200.0,2022-06-17,,0,0.0
RIQ-05391,Pro,Fintech,Pune,Email Campaign,Annual,6,1900.0,22800.0,2.0,37.0,16,7800.0,2022-01-11,,0,0.0
RIQ-05392,Enterprise,Edtech,Bengaluru,Email Campaign,Monthly,14,5080.0,60960.0,0.0,79.0,22,37300.0,2022-02-08,,0,0.0
RIQ-05393,Basic,E-commerce,Mumbai,Paid Search,Monthly,4,920.0,11040.0,0.0,55.0,2,4600.0,2023-02-21,2023-06-08,1,11040.0
RIQ-05394,Basic,E-commerce,Bengaluru,Paid Search,Monthly,12,720.0,8640.0,2.0,23.0,1,4500.0,2023-05-16,2024-05-02,1,8640.0
RIQ-05395,Basic,Fintech,Mumbai,Email Campaign,Annual,1,830.0,9960.0,1.0,52.0,3,4100.0,2022-02-23,,0,0.0
RIQ-05396,Basic,Healthcare,Delhi,Paid Search,Annual,46,560.0,6720.0,2.0,47.0,1,3800.0,2023-09-27,2027-07-08,1,6720.0
RIQ-05397,Pro,E-commerce,Pune,Social Media,Annual,60,2230.0,26760.0,2.0,43.0,14,13300.0,2023-03-30,,0,0.0
RIQ-05398,Pro,Edtech,Delhi,Paid Search,Monthly,20,2070.0,24840.0,1.0,56.0,10,14600.0,2023-09-29,,0,0.0
RIQ-05399,Pro,E-commerce,Mumbai,Organic Search,Monthly,20,1900.0,22800.0,3.0,61.0,7,13700.0,2022-01-20,,0,0.0
RIQ-05400,Basic,Fintech,Hyderabad,Organic Search,Annual,1,830.0,9960.0,4.0,55.0,1,5000.0,2022-07-07,2022-08-16,1,9960.0
RIQ-05401,Pro,Edtech,Delhi,Organic Search,Annual,4,2060.0,24720.0,1.0,78.0,20,7800.0,2022-08-16,,0,0.0
RIQ-05402,Basic,Fintech,Hyderabad,Social Media,Monthly,1,910.0,10920.0,4.0,31.0,1,2700.0,2022-04-11,2022-05-24,1,10920.0
RIQ-05403,Basic,E-commerce,Mumbai,Direct,Monthly,2,640.0,7680.0,2.0,39.0,3,4700.0,2022-09-12,2022-11-16,1,7680.0
RIQ-05404,Basic,Healthcare,Pune,Email Campaign,Monthly,12,990.0,11880.0,0.0,53.0,3,2300.0,2023-03-10,2024-02-27,1,11880.0
RIQ-05405,Pro,Healthcare,Hyderabad,Paid Search,Annual,2,1970.0,23640.0,1.0,50.0,12,11100.0,2022-09-17,,0,0.0
RIQ-05406,Basic,E-commerce,Pune,Email Campaign,Monthly,8,860.0,10320.0,2.0,38.0,5,2200.0,2023-04-15,2023-12-01,1,10320.0
RIQ-05407,Enterprise,Edtech,Pune,Email Campaign,Annual,5,9580.0,114960.0,2.0,70.0,18,25300.0,2023-02-14,,0,0.0
RIQ-05408,Basic,Fintech,Bengaluru,Organic Search,Monthly,3,550.0,6600.0,2.0,29.0,6,3500.0,2022-01-30,,0,0.0
RIQ-05409,Enterprise,Healthcare,Hyderabad,Social Media,Annual,60,6620.0,79440.0,1.0,80.0,24,58700.0,2023-05-26,,0,0.0
RIQ-05410,Basic,Edtech,Delhi,Social Media,Monthly,5,820.0,9840.0,2.0,64.0,8,2500.0,2022-02-23,2022-07-16,1,9840.0
RIQ-05411,Basic,E-commerce,Mumbai,Email Campaign,Annual,7,840.0,10080.0,2.0,30.0,1,3200.0,2022-12-16,,0,0.0
RIQ-05412,Pro,Fintech,Delhi,Direct,Monthly,58,1660.0,19920.0,1.0,49.0,22,7200.0,2023-01-17,,0,0.0
RIQ-05413,Enterprise,Healthcare,Mumbai,Paid Search,Monthly,60,9000.0,108000.0,0.0,66.0,32,23000.0,2022-02-06,,0,0.0
RIQ-05414,Basic,Fintech,Delhi,Social Media,Monthly,2,540.0,6480.0,6.0,61.0,6,4900.0,2022-09-13,2022-11-23,1,6480.0
RIQ-05415,Pro,E-commerce,Pune,Email Campaign,Annual,29,1520.0,18240.0,0.0,63.0,15,8800.0,2022-08-17,,0,0.0
RIQ-05416,Basic,E-commerce,Mumbai,Social Media,Monthly,2,960.0,11520.0,3.0,63.0,5,4100.0,2022-03-12,2022-05-15,1,11520.0
RIQ-05417,Pro,Fintech,Mumbai,Paid Search,Monthly,11,2000.0,24000.0,0.0,51.0,6,14500.0,2022-11-18,,0,0.0
RIQ-05418,Pro,Edtech,Pune,Direct,Annual,41,1890.0,22680.0,0.0,100.0,6,10600.0,2022-08-25,,0,0.0
RIQ-05419,Basic,Edtech,Mumbai,Email Campaign,Monthly,7,990.0,11880.0,1.0,68.0,16,2700.0,2023-02-24,,0,0.0
RIQ-05420,Pro,Edtech,Pune,Paid Search,Annual,11,2240.0,26880.0,1.0,47.0,12,6700.0,2022-05-18,,0,0.0
RIQ-05421,Basic,E-commerce,Hyderabad,Organic Search,Monthly,30,770.0,9240.0,3.0,36.0,8,4700.0,2023-01-09,,0,0.0
RIQ-05422,Basic,Fintech,Pune,Email Campaign,Monthly,4,560.0,6720.0,3.0,47.0,3,3300.0,2022-01-01,2022-04-30,1,6720.0
RIQ-05423,Basic,E-commerce,Bengaluru,Referral,Annual,7,580.0,6960.0,1.0,46.0,5,3700.0,2022-11-18,2023-06-20,1,6960.0
RIQ-05424,Basic,Fintech,Bengaluru,Social Media,Annual,10,830.0,9960.0,3.0,47.0,11,3800.0,2023-03-07,,0,0.0
RIQ-05425,Basic,Edtech,Hyderabad,Referral,Monthly,29,590.0,7080.0,2.0,50.0,6,4100.0,2022-08-09,,0,0.0
RIQ-05426,Pro,E-commerce,Delhi,Social Media,Annual,1,2000.0,24000.0,1.0,45.0,6,6700.0,2023-08-31,2023-09-16,1,24000.0
RIQ-05427,Basic,E-commerce,Mumbai,Referral,Monthly,3,880.0,10560.0,1.0,28.0,8,4500.0,2022-04-09,,0,0.0
RIQ-05428,Pro,Fintech,Hyderabad,Social Media,Monthly,3,1980.0,23760.0,0.0,74.0,15,11000.0,2023-06-10,,0,0.0
RIQ-05429,Enterprise,E-commerce,Delhi,Paid Search,Annual,1,6030.0,72360.0,1.0,82.0,19,46300.0,2022-10-15,,0,0.0
RIQ-05430,Enterprise,Healthcare,Mumbai,Paid Search,Annual,4,6930.0,83160.0,0.0,81.0,18,58700.0,2022-09-06,,0,0.0
RIQ-05431,Pro,E-commerce,Bengaluru,Paid Search,Annual,60,1970.0,23640.0,1.0,59.0,17,6800.0,2023-07-03,,0,0.0
RIQ-05432,Pro,Edtech,Mumbai,Social Media,Annual,13,1850.0,22200.0,2.0,56.0,11,6400.0,2023-03-07,,0,0.0
RIQ-05433,Basic,Edtech,Hyderabad,Paid Search,Annual,5,520.0,6240.0,3.0,30.0,1,3000.0,2023-08-29,2024-01-23,1,6240.0
RIQ-05434,Pro,Healthcare,Mumbai,Email Campaign,Monthly,22,2260.0,27120.0,2.0,33.0,12,10700.0,2023-01-25,,0,0.0
RIQ-05435,Pro,E-commerce,Mumbai,Referral,Annual,24,2450.0,29400.0,1.0,38.0,13,6000.0,2023-05-15,,0,0.0
RIQ-05436,Basic,Fintech,Pune,Paid Search,Annual,10,780.0,9360.0,1.0,48.0,8,4000.0,2023-11-21,,0,0.0
RIQ-05437,Basic,Edtech,Pune,Organic Search,Monthly,2,820.0,9840.0,1.0,50.0,4,3100.0,2023-04-15,2023-06-05,1,9840.0
RIQ-05438,Basic,Fintech,Hyderabad,Referral,Monthly,12,610.0,7320.0,0.0,100.0,8,4900.0,2022-01-30,,0,0.0
RIQ-05439,Basic,Edtech,Mumbai,Social Media,Monthly,12,800.0,9600.0,5.0,21.0,8,3800.0,2023-06-17,2024-06-20,1,9600.0
RIQ-05440,Pro,Edtech,Pune,Referral,Monthly,28,1600.0,19200.0,2.0,49.0,10,8600.0,2022-09-19,,0,0.0
RIQ-05441,Basic,Healthcare,Hyderabad,Social Media,Annual,5,700.0,8400.0,0.0,34.0,4,3200.0,2022-03-23,2022-08-13,1,8400.0
RIQ-05442,Basic,E-commerce,Bengaluru,Email Campaign,Monthly,12,720.0,8640.0,2.0,26.0,1,4200.0,2023-06-24,2024-06-19,1,8640.0
RIQ-05443,Pro,Edtech,Pune,Social Media,Annual,37,2060.0,24720.0,1.0,41.0,11,6800.0,2023-05-19,,0,0.0
RIQ-05444,Pro,Fintech,Mumbai,Organic Search,Annual,18,1930.0,23160.0,1.0,52.0,20,13200.0,2022-12-26,,0,0.0
RIQ-05445,Basic,Fintech,Pune,Organic Search,Monthly,18,600.0,7200.0,1.0,9.0,7,2700.0,2022-11-07,,0,0.0
RIQ-05446,Pro,Healthcare,Pune,Direct,Annual,15,2420.0,29040.0,1.0,50.0,12,11300.0,2023-11-03,,0,0.0
RIQ-05447,Basic,Healthcare,Bengaluru,Organic Search,Monthly,1,860.0,10320.0,1.0,49.0,7,3600.0,2022-05-18,2022-06-13,1,10320.0
RIQ-05448,Pro,Healthcare,Delhi,Social Media,Annual,36,2260.0,27120.0,,49.0,15,10200.0,2022-08-08,,0,0.0
RIQ-05449,Pro,E-commerce,Hyderabad,Referral,Annual,32,2290.0,27480.0,1.0,49.0,17,6900.0,2022-01-19,,0,0.0
RIQ-05450,Basic,Healthcare,Delhi,Organic Search,Monthly,3,780.0,9360.0,0.0,29.0,4,4300.0,2022-04-21,2022-07-23,1,9360.0
RIQ-05451,Basic,Fintech,Mumbai,Email Campaign,Monthly,21,640.0,7680.0,3.0,59.0,2,4000.0,2023-05-08,,0,0.0
RIQ-05452,Enterprise,E-commerce,Bengaluru,Social Media,Monthly,57,6310.0,75720.0,2.0,83.0,21,31600.0,2022-02-28,2026-10-24,1,75720.0
RIQ-05453,Basic,E-commerce,Bengaluru,Organic Search,Monthly,5,660.0,7920.0,1.0,65.0,5,5000.0,2023-11-05,2024-03-20,1,7920.0
RIQ-05454,Basic,Healthcare,Bengaluru,Social Media,Monthly,23,750.0,9000.0,1.0,58.0,4,4000.0,2022-02-07,,0,0.0
RIQ-05455,Pro,E-commerce,Pune,Direct,Annual,2,1710.0,20520.0,1.0,59.0,17,10100.0,2023-05-23,,0,0.0
RIQ-05456,Basic,Edtech,Chennai,Referral,Monthly,4,740.0,8880.0,2.0,60.0,2,2300.0,2022-11-14,2023-03-11,1,8880.0
RIQ-05457,Pro,Edtech,Mumbai,Paid Search,Monthly,10,2290.0,27480.0,0.0,77.0,25,8000.0,2022-10-16,,0,0.0
RIQ-05458,Basic,Edtech,Hyderabad,Referral,Annual,5,510.0,6120.0,4.0,69.0,2,2900.0,2023-08-18,2024-01-02,1,6120.0
RIQ-05459,Pro,E-commerce,Delhi,Paid Search,Monthly,30,2120.0,25440.0,0.0,60.0,11,10400.0,2022-08-20,,0,0.0
RIQ-05460,Basic,Healthcare,Bengaluru,Organic Search,Annual,1,640.0,7680.0,,62.0,4,3700.0,2023-03-25,2023-04-27,1,7680.0
RIQ-05461,Pro,Fintech,Bengaluru,Social Media,Annual,4,1770.0,21240.0,0.0,80.0,11,11600.0,2023-02-01,,0,0.0
RIQ-05462,Basic,Edtech,Hyderabad,Email Campaign,Monthly,13,680.0,8160.0,4.0,15.0,1,4400.0,2023-06-19,2024-07-17,1,8160.0
RIQ-05463,Pro,E-commerce,Delhi,Social Media,Monthly,2,1950.0,23400.0,1.0,56.0,18,6500.0,2022-12-02,,0,0.0
RIQ-05464,Pro,E-commerce,Pune,Social Media,Annual,3,1750.0,21000.0,1.0,60.0,15,14600.0,2022-05-13,,0,0.0
RIQ-05465,Basic,Fintech,Delhi,Referral,Monthly,3,690.0,8280.0,1.0,52.0,10,3400.0,2023-04-25,,0,0.0
RIQ-05466,Pro,Fintech,Delhi,Social Media,Annual,8,1680.0,20160.0,0.0,70.0,17,10700.0,2022-03-22,,0,0.0
RIQ-05467,Pro,E-commerce,Hyderabad,Paid Search,Annual,3,2330.0,27960.0,1.0,55.0,14,11700.0,2022-04-15,2022-07-28,1,27960.0
RIQ-05468,Basic,E-commerce,Pune,Social Media,Annual,1,750.0,9000.0,3.0,24.0,1,2200.0,2022-01-13,2022-02-07,1,9000.0
RIQ-05469,Pro,Fintech,Chennai,Email Campaign,Annual,42,2040.0,24480.0,0.0,50.0,11,8000.0,2022-04-28,,0,0.0
RIQ-05470,Pro,E-commerce,Delhi,Referral,Monthly,5,2030.0,24360.0,1.0,65.0,13,10400.0,2022-10-28,,0,0.0
RIQ-05471,basic,E-commerce,Pune,Email Campaign,Monthly,15,790.0,9480.0,3.0,48.0,10,2600.0,2023-01-26,2024-04-30,1,9480.0
RIQ-05472,Basic,Healthcare,Pune,Email Campaign,Annual,12,690.0,8280.0,0.0,47.0,13,4500.0,2022-11-27,,0,0.0
RIQ-05473,Basic,E-commerce,Chennai,Paid Search,Monthly,7,640.0,7680.0,1.0,39.0,7,2000.0,2022-11-07,2023-05-25,1,7680.0
RIQ-05474,Pro,Edtech,Mumbai,Referral,Monthly,39,2190.0,26280.0,0.0,77.0,20,10900.0,2022-06-02,,0,0.0
RIQ-05475,Basic,Healthcare,Mumbai,Social Media,Monthly,4,860.0,10320.0,,51.0,8,3400.0,2022-09-08,2023-01-18,1,10320.0
RIQ-05476,Pro,Edtech,Bengaluru,Email Campaign,Annual,38,1540.0,18480.0,0.0,76.0,12,13800.0,2022-03-17,,0,0.0
RIQ-05477,Basic,Fintech,Bengaluru,Organic Search,Monthly,12,510.0,6120.0,2.0,45.0,2,4000.0,2022-06-06,2023-05-29,1,6120.0
RIQ-05478,Basic,Fintech,Mumbai,Organic Search,Annual,24,960.0,11520.0,0.0,27.0,4,3800.0,2022-05-05,,0,0.0
RIQ-05479,Basic,Fintech,Pune,Direct,Annual,10,500.0,6000.0,0.0,6.0,9,2100.0,2022-03-29,,0,0.0
RIQ-05480,Pro,E-commerce,Bengaluru,Social Media,Annual,60,1590.0,19080.0,0.0,57.0,11,12700.0,2023-05-29,,0,0.0
RIQ-05481,Pro,Fintech,Delhi,Referral,Annual,17,2310.0,27720.0,2.0,52.0,21,8800.0,2023-09-23,,0,0.0
RIQ-05482,Basic,Healthcare,Bengaluru,Social Media,Monthly,25,980.0,11760.0,3.0,28.0,5,2400.0,2023-11-24,2025-12-17,1,11760.0
RIQ-05483,Basic,Healthcare,Delhi,Referral,Annual,5,780.0,9360.0,2.0,15.0,4,4300.0,2023-11-17,,0,0.0
RIQ-05484,Basic,Edtech,Mumbai,Paid Search,Annual,10,610.0,7320.0,3.0,56.0,8,2800.0,2022-03-22,,0,0.0
RIQ-05485,Pro,Fintech,Pune,Organic Search,Annual,6,1600.0,19200.0,0.0,72.0,11,8800.0,2023-07-30,,0,0.0
RIQ-05486,Enterprise,Edtech,Pune,Paid Search,Annual,60,6710.0,80520.0,3.0,94.0,22,32600.0,2022-03-29,,0,0.0
RIQ-05487,Basic,Fintech,Mumbai,Referral,Annual,5,560.0,6720.0,2.0,73.0,3,2000.0,2023-08-25,2024-01-28,1,6720.0
RIQ-05488,Pro,Healthcare,Hyderabad,Email Campaign,Monthly,45,1860.0,22320.0,3.0,48.0,10,13100.0,2022-01-02,2025-09-16,1,22320.0
RIQ-05489,Basic,E-commerce,Mumbai,Organic Search,Monthly,5,950.0,11400.0,4.0,63.0,9,2300.0,2023-04-10,,0,0.0
RIQ-05490,Basic,Fintech,Bengaluru,Email Campaign,Monthly,2,760.0,9120.0,1.0,30.0,8,2600.0,2022-03-12,2022-04-26,1,9120.0
RIQ-05491,Pro,Healthcare,Hyderabad,Social Media,Monthly,6,2260.0,27120.0,0.0,54.0,15,10300.0,2023-02-04,,0,0.0
RIQ-05492,Enterprise,E-commerce,Bengaluru,Paid Search,Annual,1,5760.0,69120.0,2.0,76.0,25,30800.0,2022-12-02,,0,0.0
RIQ-05493,Basic,Edtech,Delhi,Paid Search,Annual,9,530.0,6360.0,0.0,63.0,1,2100.0,2022-10-02,,0,0.0
RIQ-05494,Enterprise,Healthcare,Chennai,Email Campaign,Annual,33,7250.0,87000.0,0.0,100.0,23,56800.0,2022-09-22,,0,0.0
RIQ-05495,Basic,Healthcare,Delhi,Social Media,Monthly,9,760.0,9120.0,2.0,68.0,2,4800.0,2022-01-04,2022-10-05,1,9120.0
RIQ-05496,Basic,Edtech,Delhi,Email Campaign,Annual,12,610.0,7320.0,4.0,59.0,7,2300.0,2023-09-22,2024-09-10,1,7320.0
RIQ-05497,Basic,Fintech,Mumbai,Organic Search,Monthly,1,650.0,7800.0,1.0,43.0,11,3200.0,2022-01-05,2022-02-15,1,7800.0
RIQ-05498,Basic,Fintech,Bengaluru,Organic Search,Monthly,4,900.0,10800.0,3.0,20.0,2,2700.0,2022-12-26,,0,0.0
RIQ-05499,Basic,Edtech,Pune,Organic Search,Monthly,6,520.0,6240.0,3.0,14.0,10,4800.0,2023-05-16,2023-11-26,1,6240.0
RIQ-05500,Basic,Edtech,Mumbai,Email Campaign,Monthly,12,520.0,6240.0,3.0,60.0,3,3800.0,2022-01-28,2023-01-25,1,6240.0
RIQ-05501,Basic,Healthcare,Delhi,Referral,Annual,1,890.0,10680.0,1.0,51.0,3,3000.0,2022-06-19,,0,0.0
RIQ-05502,Basic,E-commerce,Delhi,Referral,Monthly,12,640.0,7680.0,3.0,42.0,3,3300.0,2022-03-04,2023-02-20,1,7680.0
RIQ-05503,Basic,E-commerce,Delhi,Organic Search,Monthly,10,800.0,9600.0,3.0,7.0,1,4300.0,2023-07-29,2024-05-21,1,9600.0
RIQ-05504,Pro,Healthcare,Bengaluru,Paid Search,Annual,14,2090.0,25080.0,2.0,38.0,9,6600.0,2023-06-05,,0,0.0
RIQ-05505,Pro,E-commerce,Chennai,Organic Search,Monthly,8,2150.0,25800.0,0.0,65.0,15,14900.0,2023-02-20,2023-10-28,1,25800.0
RIQ-05506,Pro,Edtech,Delhi,Paid Search,Annual,12,1950.0,23400.0,2.0,75.0,17,6600.0,2023-04-25,,0,0.0
RIQ-05507,Pro,Fintech,Bengaluru,Referral,Annual,3,2450.0,29400.0,2.0,54.0,14,8800.0,2022-08-16,,0,0.0
RIQ-05508,Pro,E-commerce,Pune,Paid Search,Annual,19,2090.0,25080.0,2.0,76.0,16,14400.0,2022-07-26,,0,0.0
RIQ-05509,Basic,Healthcare,Hyderabad,Referral,Monthly,21,550.0,6600.0,,31.0,5,3300.0,2022-03-17,,0,0.0
RIQ-05510,Basic,E-commerce,Chennai,Direct,Monthly,4,920.0,11040.0,3.0,36.0,11,3800.0,2022-02-07,2022-05-31,1,11040.0
RIQ-05511,Basic,E-commerce,Delhi,Email Campaign,Monthly,14,640.0,7680.0,0.0,52.0,3,4800.0,2022-03-30,,0,0.0
RIQ-05512,Pro,Fintech,Mumbai,Direct,Annual,1,2090.0,25080.0,0.0,71.0,15,8100.0,2023-04-04,,0,0.0
RIQ-05513,Pro,E-commerce,Delhi,Social Media,Monthly,2,2020.0,24240.0,1.0,,12,9700.0,2023-11-11,,0,0.0
RIQ-05514,Basic,Edtech,Bengaluru,Referral,Monthly,1,670.0,8040.0,4.0,70.0,6,3700.0,2022-06-15,2022-07-07,1,8040.0
RIQ-05515,Basic,Healthcare,Mumbai,Organic Search,Monthly,14,510.0,6120.0,1.0,62.0,14,4200.0,2022-08-05,,0,0.0
RIQ-05516,Basic,Fintech,Pune,Email Campaign,Monthly,1,940.0,11280.0,0.0,65.0,5,2900.0,2022-02-26,,0,0.0
RIQ-05517,Basic,E-commerce,Chennai,Organic Search,Monthly,5,590.0,7080.0,1.0,51.0,6,4900.0,2023-10-04,2024-02-28,1,7080.0
RIQ-05518,Pro,E-commerce,Bengaluru,Social Media,Monthly,8,1610.0,19320.0,1.0,82.0,14,13500.0,2023-09-21,,0,0.0
RIQ-05519,Pro,Fintech,Delhi,Paid Search,Monthly,22,2490.0,29880.0,,45.0,15,13800.0,2022-08-10,,0,0.0
RIQ-05520,Basic,E-commerce,Delhi,Paid Search,Monthly,1,850.0,10200.0,,48.0,2,3500.0,2022-06-08,2022-07-01,1,10200.0
RIQ-05521,Basic,Fintech,Mumbai,Paid Search,Monthly,1,960.0,11520.0,2.0,77.0,12,3000.0,2023-07-28,2023-09-07,1,11520.0
RIQ-05522,Basic,Edtech,Pune,Organic Search,Monthly,16,980.0,11760.0,4.0,56.0,1,4500.0,2022-09-07,,0,0.0
RIQ-05523,Pro,Fintech,Bengaluru,Social Media,Annual,2,2310.0,27720.0,1.0,83.0,14,6800.0,2023-07-21,,0,0.0
RIQ-05524,Basic,Edtech,Delhi,Organic Search,Monthly,9,990.0,11880.0,4.0,32.0,14,2800.0,2022-09-05,,0,0.0
RIQ-05525,Enterprise,Edtech,Pune,Direct,Monthly,10,8820.0,105840.0,2.0,100.0,26,37200.0,2023-09-16,,0,0.0
RIQ-05526,Basic,Edtech,Hyderabad,Social Media,Annual,4,680.0,8160.0,2.0,30.0,5,2300.0,2023-07-27,2023-11-29,1,8160.0
RIQ-05527,Pro,Fintech,Mumbai,Organic Search,Annual,2,1960.0,23520.0,2.0,83.0,8,12500.0,2022-05-09,,0,0.0
RIQ-05528,Basic,Fintech,Pune,Paid Search,Monthly,1,670.0,8040.0,0.0,14.0,3,4400.0,2023-02-07,2023-03-16,1,8040.0
RIQ-05529,Basic,E-commerce,Hyderabad,Social Media,Monthly,15,940.0,11280.0,1.0,67.0,3,2900.0,2022-09-27,2023-12-18,1,11280.0
RIQ-05530,Basic,Healthcare,Chennai,Referral,Monthly,2,850.0,10200.0,4.0,79.0,7,2300.0,2023-04-04,2023-05-19,1,10200.0
RIQ-05531,Basic,Edtech,Delhi,Referral,Annual,26,820.0,9840.0,1.0,40.0,6,3500.0,2023-01-05,,0,0.0
RIQ-05532,Enterprise,Healthcare,Pune,Organic Search,Monthly,15,8590.0,103080.0,0.0,81.0,25,53600.0,2022-09-14,,0,0.0
RIQ-05533,Basic,Fintech,Delhi,Paid Search,Annual,6,550.0,6600.0,0.0,31.0,3,3200.0,2023-07-08,2024-01-01,1,6600.0
RIQ-05534,Pro,Edtech,Hyderabad,Paid Search,Monthly,3,1860.0,22320.0,0.0,60.0,8,11800.0,2022-05-10,2022-08-12,1,22320.0
RIQ-05535,Basic,Fintech,Pune,Organic Search,Annual,2,810.0,9720.0,1.0,49.0,7,3200.0,2022-06-27,,0,0.0
RIQ-05536,Pro,Healthcare,Pune,Organic Search,Annual,17,1580.0,18960.0,1.0,88.0,14,12700.0,2022-04-24,,0,0.0
RIQ-05537,Pro,Edtech,Hyderabad,Social Media,Monthly,8,1830.0,21960.0,4.0,84.0,12,11300.0,2022-03-17,2022-11-10,1,21960.0
RIQ-05538,Basic,Edtech,Mumbai,Paid Search,Annual,22,630.0,7560.0,3.0,42.0,12,4900.0,2022-09-16,,0,0.0
RIQ-05539,Basic,Healthcare,Bengaluru,Email Campaign,Annual,1,540.0,6480.0,4.0,35.0,7,2700.0,2022-03-31,2022-05-12,1,6480.0
RIQ-05540,Basic,E-commerce,Hyderabad,Paid Search,Monthly,8,750.0,9000.0,2.0,50.0,5,2600.0,2023-11-02,2024-07-08,1,9000.0
RIQ-05541,Basic,E-commerce,Bengaluru,Paid Search,Monthly,5,690.0,8280.0,1.0,66.0,7,2200.0,2023-08-10,2024-01-11,1,8280.0
RIQ-05542,Basic,Healthcare,Bengaluru,Referral,Monthly,2,960.0,11520.0,2.0,31.0,5,3200.0,2023-07-29,2023-10-09,1,11520.0
RIQ-05543,Basic,Edtech,Bengaluru,Social Media,Annual,6,610.0,7320.0,1.0,49.0,5,4000.0,2022-03-04,2022-08-24,1,7320.0
RIQ-05544,Pro,Edtech,Mumbai,Email Campaign,Annual,4,2390.0,28680.0,1.0,47.0,17,8200.0,2023-04-23,,0,0.0
RIQ-05545,Basic,Healthcare,Pune,Email Campaign,Annual,1,930.0,11160.0,3.0,20.0,1,4200.0,2023-01-07,2023-02-01,1,11160.0
RIQ-05546,Basic,E-commerce,Hyderabad,Organic Search,Monthly,1,990.0,11880.0,2.0,64.0,9,2400.0,2023-06-28,2023-07-30,1,11880.0
RIQ-05547,Pro,E-commerce,Pune,Social Media,Monthly,10,2250.0,27000.0,0.0,90.0,17,9600.0,2023-06-23,,0,0.0
RIQ-05548,Basic,Fintech,Bengaluru,Social Media,Annual,7,740.0,8880.0,3.0,63.0,12,3900.0,2022-03-06,2022-10-07,1,8880.0
RIQ-05549,Basic,E-commerce,Bengaluru,Email Campaign,Monthly,16,510.0,6120.0,4.0,40.0,7,3200.0,2022-07-14,,0,0.0
RIQ-05550,Pro,Fintech,Mumbai,Paid Search,Annual,39,1940.0,23280.0,0.0,88.0,16,7700.0,2022-09-02,,0,0.0
RIQ-05551,Basic,Healthcare,Hyderabad,Organic Search,Annual,2,800.0,9600.0,1.0,11.0,10,3200.0,2022-03-09,,0,0.0
RIQ-05552,Basic,Edtech,Delhi,Referral,Annual,3,920.0,11040.0,2.0,34.0,11,2700.0,2022-05-31,,0,0.0
RIQ-05553,Basic,Healthcare,Chennai,Organic Search,Monthly,2,780.0,9360.0,3.0,74.0,10,2500.0,2022-08-22,2022-10-27,1,9360.0
RIQ-05554,Basic,Fintech,Hyderabad,Social Media,Monthly,6,770.0,9240.0,1.0,57.0,10,4400.0,2023-10-13,,0,0.0
RIQ-05555,Basic,Edtech,Delhi,Social Media,Annual,6,590.0,7080.0,2.0,21.0,6,3400.0,2023-09-09,2024-02-28,1,7080.0
RIQ-05556,Pro,E-commerce,Mumbai,Paid Search,Monthly,9,2070.0,24840.0,1.0,54.0,12,8800.0,2022-06-19,,0,0.0
RIQ-05557,Pro,E-commerce,Bengaluru,Social Media,Monthly,18,1910.0,22920.0,2.0,65.0,15,10700.0,2022-09-21,2024-03-07,1,22920.0
RIQ-05558,Basic,E-commerce,Mumbai,Paid Search,Monthly,11,620.0,7440.0,1.0,46.0,3,3300.0,2023-10-07,,0,0.0
RIQ-05559,Basic,E-commerce,Mumbai,Paid Search,Monthly,2,750.0,9000.0,1.0,53.0,2,2200.0,2022-04-29,,0,0.0
RIQ-05560,Pro,Fintech,Delhi,Organic Search,Monthly,7,1550.0,18600.0,1.0,68.0,10,12400.0,2022-09-21,,0,0.0
RIQ-05561,Basic,Healthcare,Pune,Organic Search,Annual,8,780.0,9360.0,3.0,58.0,1,2300.0,2023-05-06,,0,0.0
RIQ-05562,Basic,Healthcare,Bengaluru,Social Media,Monthly,4,800.0,9600.0,3.0,67.0,1,4100.0,2023-11-07,2024-03-16,1,9600.0
RIQ-05563,Basic,Fintech,Pune,Social Media,Monthly,4,850.0,10200.0,2.0,52.0,2,3400.0,2022-06-20,2022-10-27,1,10200.0
RIQ-05564,Pro,E-commerce,Pune,Organic Search,Annual,41,1670.0,20040.0,0.0,82.0,8,12200.0,2022-12-31,,0,0.0
RIQ-05565,Basic,Fintech,Bengaluru,Social Media,Monthly,7,860.0,10320.0,2.0,38.0,1,2700.0,2023-02-04,2023-09-17,1,10320.0
RIQ-05566,Basic,Fintech,Pune,Organic Search,Monthly,19,940.0,11280.0,2.0,44.0,1,3200.0,2023-02-11,,0,0.0
RIQ-05567,Pro,Healthcare,Pune,Direct,Monthly,12,1820.0,21840.0,0.0,33.0,18,13200.0,2022-11-01,,0,0.0
RIQ-05568,Enterprise,E-commerce,Mumbai,Social Media,Annual,12,6600.0,79200.0,2.0,38.0,24,39600.0,2023-11-05,,0,0.0
RIQ-05569,Enterprise,E-commerce,Mumbai,Social Media,Annual,60,8850.0,106200.0,2.0,69.0,20,27800.0,2023-04-12,,0,0.0
RIQ-05570,Basic,E-commerce,Hyderabad,Organic Search,Monthly,7,910.0,10920.0,0.0,54.0,8,3700.0,2023-05-16,2023-12-24,1,10920.0
RIQ-05571,Basic,E-commerce,Bengaluru,Organic Search,Monthly,17,980.0,11760.0,1.0,64.0,10,4200.0,2022-05-30,2023-10-15,1,11760.0
RIQ-05572,Basic,Fintech,Delhi,Referral,Annual,17,530.0,6360.0,3.0,36.0,9,2600.0,2023-11-23,,0,0.0
RIQ-05573,Enterprise,E-commerce,Mumbai,Organic Search,Annual,3,5060.0,60720.0,1.0,100.0,26,35700.0,2023-06-25,,0,0.0
RIQ-05574,Basic,E-commerce,Mumbai,Organic Search,Monthly,4,830.0,9960.0,3.0,45.0,11,2300.0,2023-03-18,2023-07-04,1,9960.0
RIQ-05575,Basic,E-commerce,Chennai,Social Media,Monthly,6,860.0,10320.0,2.0,32.0,2,2600.0,2022-06-14,2022-12-02,1,10320.0
RIQ-05576,Pro,Fintech,Hyderabad,Email Campaign,Annual,24,1860.0,22320.0,0.0,55.0,17,14500.0,2022-09-13,,0,0.0
RIQ-05577,Basic,Fintech,Bengaluru,Direct,Monthly,5,790.0,9480.0,0.0,34.0,1,2800.0,2022-06-20,2022-11-22,1,9480.0
RIQ-05578,Basic,Edtech,Pune,Paid Search,Monthly,5,730.0,8760.0,4.0,19.0,10,2300.0,2022-06-25,2022-12-02,1,8760.0
RIQ-05579,Basic,Edtech,Hyderabad,Direct,Monthly,4,760.0,9120.0,0.0,42.0,4,2500.0,2022-07-27,2022-11-11,1,9120.0
RIQ-05580,Pro,Healthcare,Pune,Referral,Monthly,2,2480.0,29760.0,0.0,26.0,11,7300.0,2022-10-25,,0,0.0
RIQ-05581,Basic,Healthcare,Mumbai,Referral,Monthly,23,570.0,6840.0,3.0,38.0,3,3300.0,2022-03-07,2024-01-30,1,6840.0
RIQ-05582,Pro,Edtech,Mumbai,Social Media,Monthly,1,2040.0,24480.0,2.0,67.0,12,9900.0,2022-09-17,2022-10-28,1,24480.0
RIQ-05583,Basic,Edtech,Bengaluru,Organic Search,Monthly,16,740.0,8880.0,1.0,53.0,10,4300.0,2023-03-17,,0,0.0
RIQ-05584,Basic,Fintech,Bengaluru,Email Campaign,Monthly,1,530.0,6360.0,2.0,43.0,4,4200.0,2023-10-02,2023-11-09,1,6360.0
RIQ-05585,Basic,Edtech,Pune,Referral,Monthly,9,850.0,10200.0,2.0,35.0,5,3100.0,2022-01-19,2022-10-31,1,10200.0
RIQ-05586,Basic,Fintech,Delhi,Organic Search,Annual,10,810.0,9720.0,2.0,62.0,1,4300.0,2023-07-05,,0,0.0
RIQ-05587,Basic,Fintech,Bengaluru,Email Campaign,Monthly,12,940.0,11280.0,1.0,25.0,3,2100.0,2022-08-01,2023-08-03,1,11280.0
RIQ-05588,Basic,Edtech,Bengaluru,Referral,Monthly,1,720.0,8640.0,1.0,35.0,1,3000.0,2022-05-13,2022-06-04,1,8640.0
RIQ-05589,Basic,Healthcare,Pune,Paid Search,Monthly,7,610.0,7320.0,1.0,19.0,1,2800.0,2022-07-14,2023-02-15,1,7320.0
RIQ-05590,Basic,Healthcare,Hyderabad,Social Media,Annual,3,640.0,7680.0,4.0,30.0,8,4400.0,2023-04-13,2023-07-07,1,7680.0
RIQ-05591,Pro,Fintech,Delhi,Organic Search,Annual,21,2270.0,27240.0,0.0,65.0,8,6300.0,2022-05-25,2024-02-26,1,27240.0
RIQ-05592,Pro,Edtech,Hyderabad,Direct,Annual,6,2370.0,28440.0,4.0,51.0,18,9800.0,2023-02-10,,0,0.0
RIQ-05593,Pro,E-commerce,Bengaluru,Referral,Annual,9,1930.0,23160.0,2.0,63.0,12,10200.0,2023-01-30,,0,0.0
RIQ-05594,Pro,Healthcare,Delhi,Referral,Annual,17,1510.0,18120.0,0.0,60.0,14,8300.0,2022-07-31,,0,0.0
RIQ-05595,Basic,E-commerce,Delhi,Email Campaign,Monthly,5,630.0,7560.0,2.0,39.0,9,2300.0,2022-01-20,2022-06-16,1,7560.0
RIQ-05596,Enterprise,Edtech,Pune,Organic Search,Annual,28,5020.0,60240.0,1.0,64.0,13,33300.0,2023-07-14,,0,0.0
RIQ-05597,Basic,Edtech,Pune,Paid Search,Monthly,5,510.0,6120.0,1.0,61.0,1,4000.0,2022-12-04,2023-05-11,1,6120.0
RIQ-05598,Basic,E-commerce,Hyderabad,Social Media,Annual,7,790.0,9480.0,2.0,31.0,1,4100.0,2023-02-27,2023-10-06,1,9480.0
RIQ-05599,Basic,E-commerce,Hyderabad,Referral,Monthly,5,650.0,7800.0,2.0,52.0,6,2000.0,2022-05-02,2022-09-25,1,7800.0
RIQ-05600,Basic,Edtech,Mumbai,Referral,Monthly,9,980.0,11760.0,3.0,42.0,3,3700.0,2023-02-22,2023-11-23,1,11760.0
RIQ-05601,Basic,E-commerce,Pune,Social Media,Monthly,1,860.0,10320.0,2.0,51.0,1,3000.0,2022-07-19,2022-08-06,1,10320.0
RIQ-05602,Basic,Edtech,Bengaluru,Social Media,Annual,1,580.0,6960.0,3.0,32.0,1,2500.0,2022-09-08,2022-10-15,1,6960.0
RIQ-05603,Basic,Healthcare,Chennai,Paid Search,Monthly,4,970.0,11640.0,3.0,72.0,1,4500.0,2022-11-29,2023-03-30,1,11640.0
RIQ-05604,Basic,E-commerce,Mumbai,Email Campaign,Monthly,2,720.0,8640.0,1.0,20.0,14,2700.0,2022-11-08,,0,0.0
RIQ-05605,Basic,Fintech,Pune,Referral,Monthly,33,980.0,11760.0,0.0,49.0,9,3500.0,2022-11-10,,0,0.0
RIQ-05606,Pro,E-commerce,Hyderabad,Organic Search,Monthly,27,2250.0,27000.0,1.0,36.0,15,9300.0,2023-11-24,,0,0.0
RIQ-05607,Basic,E-commerce,Hyderabad,Direct,Annual,15,540.0,6480.0,4.0,49.0,9,4300.0,2022-12-04,,0,0.0
RIQ-05608,Pro,Healthcare,Delhi,Referral,Annual,4,2180.0,26160.0,1.0,46.0,15,12300.0,2022-07-05,,0,0.0
RIQ-05609,Enterprise,Fintech,Pune,Organic Search,Annual,3,5880.0,70560.0,1.0,83.0,21,31100.0,2022-02-11,,0,0.0
RIQ-05610,Basic,Healthcare,Mumbai,Organic Search,Annual,9,790.0,9480.0,0.0,53.0,1,2100.0,2022-09-01,,0,0.0
RIQ-05611,Basic,Edtech,Hyderabad,Organic Search,Monthly,23,950.0,11400.0,0.0,25.0,1,4100.0,2023-06-04,2025-04-09,1,11400.0
RIQ-05612,Pro,Fintech,Mumbai,Organic Search,Annual,12,2040.0,24480.0,3.0,86.0,16,13600.0,2022-03-11,,0,0.0
RIQ-05613,Basic,Edtech,Bengaluru,Social Media,Annual,16,950.0,11400.0,1.0,33.0,7,5000.0,2022-07-02,2023-10-29,1,11400.0
RIQ-05614,Enterprise,Edtech,Delhi,Social Media,Annual,15,6640.0,79680.0,0.0,100.0,25,55200.0,2022-10-30,,0,0.0
RIQ-05615,Pro,Healthcare,Pune,Organic Search,Annual,8,1540.0,18480.0,0.0,81.0,14,10000.0,2022-12-28,,0,0.0
RIQ-05616,Basic,E-commerce,Mumbai,Referral,Monthly,2,800.0,9600.0,0.0,31.0,4,2300.0,2022-04-01,,0,0.0
RIQ-05617,Basic,Healthcare,Chennai,Social Media,Annual,23,800.0,9600.0,4.0,40.0,3,2100.0,2023-07-16,2025-05-28,1,9600.0
RIQ-05618,Enterprise,Edtech,Delhi,Social Media,Annual,36,7060.0,84720.0,0.0,69.0,14,50700.0,2022-05-27,,0,0.0
RIQ-05619,Basic,Edtech,Bengaluru,Social Media,Monthly,9,840.0,10080.0,2.0,63.0,1,2000.0,2022-03-31,2022-12-23,1,10080.0
RIQ-05620,Basic,E-commerce,Pune,Social Media,Annual,9,680.0,8160.0,1.0,75.0,1,3700.0,2023-06-28,,0,0.0
RIQ-05621,Pro,Fintech,Chennai,Email Campaign,Monthly,33,2260.0,27120.0,0.0,89.0,14,14700.0,2022-12-23,,0,0.0
RIQ-05622,Basic,Fintech,Pune,Social Media,Monthly,11,890.0,10680.0,3.0,27.0,6,3100.0,2022-07-26,,0,0.0
RIQ-05623,Basic,Edtech,Pune,Paid Search,Annual,6,530.0,6360.0,0.0,57.0,1,2600.0,2023-06-11,,0,0.0
RIQ-05624,Pro,Fintech,Pune,Direct,Annual,2,1570.0,18840.0,1.0,61.0,1,11200.0,2023-11-19,,0,0.0
RIQ-05625,Basic,E-commerce,Mumbai,Organic Search,Monthly,5,810.0,9720.0,1.0,54.0,9,2000.0,2022-08-21,,0,0.0
RIQ-05626,Enterprise,E-commerce,Delhi,Direct,Monthly,5,6950.0,83400.0,0.0,26.0,29,49200.0,2022-04-19,,0,0.0
RIQ-05627,Basic,Healthcare,Hyderabad,Direct,Monthly,4,790.0,9480.0,2.0,33.0,3,3700.0,2023-10-17,2024-02-14,1,9480.0
RIQ-05628,Enterprise,E-commerce,Hyderabad,Email Campaign,Annual,4,7330.0,87960.0,2.0,98.0,22,35800.0,2023-10-11,,0,0.0
RIQ-05629,pro,Fintech,Pune,Email Campaign,Monthly,18,1550.0,18600.0,3.0,42.0,8,12100.0,2022-08-14,,0,0.0
RIQ-05630,Basic,Edtech,Mumbai,Email Campaign,Monthly,1,940.0,11280.0,2.0,66.0,4,3100.0,2023-11-24,,0,0.0
RIQ-05631,Basic,E-commerce,Pune,Paid Search,Monthly,6,870.0,10440.0,1.0,51.0,4,3800.0,2023-07-29,2024-02-06,1,10440.0
RIQ-05632,Enterprise,Fintech,Hyderabad,Email Campaign,Monthly,3,7730.0,92760.0,1.0,80.0,23,38700.0,2022-09-22,,0,0.0
RIQ-05633,Basic,Edtech,Bengaluru,Social Media,Monthly,9,850.0,10200.0,3.0,39.0,4,4100.0,2022-02-22,,0,0.0
RIQ-05634,Basic,Fintech,Hyderabad,Social Media,Monthly,3,500.0,6000.0,3.0,46.0,7,3800.0,2022-08-31,2022-11-29,1,6000.0
RIQ-05635,Pro,Edtech,Mumbai,Organic Search,Annual,5,2350.0,28200.0,2.0,75.0,19,13000.0,2023-11-01,,0,0.0
RIQ-05636,Enterprise,E-commerce,Delhi,Paid Search,Annual,3,8420.0,101040.0,1.0,25.0,27,32400.0,2023-10-20,,0,0.0
RIQ-05637,Pro,Edtech,Mumbai,Direct,Annual,2,1610.0,19320.0,2.0,56.0,16,11200.0,2022-02-14,,0,0.0
RIQ-05638,Basic,Healthcare,Bengaluru,Paid Search,Monthly,5,870.0,10440.0,4.0,25.0,2,3900.0,2022-05-19,2022-10-13,1,10440.0
RIQ-05639,Enterprise,Edtech,Delhi,Paid Search,Annual,6,6160.0,73920.0,2.0,73.0,24,24400.0,2023-04-08,,0,0.0
RIQ-05640,Basic,Fintech,Pune,Paid Search,Monthly,4,690.0,8280.0,1.0,48.0,7,3000.0,2022-09-23,2023-01-13,1,8280.0
RIQ-05641,Pro,Edtech,Pune,Organic Search,Monthly,6,2420.0,29040.0,1.0,45.0,11,11600.0,2023-06-13,,0,0.0
RIQ-05642,Basic,Fintech,Bengaluru,Email Campaign,Monthly,2,780.0,9360.0,1.0,42.0,1,3400.0,2022-02-25,,0,0.0
RIQ-05643,Pro,E-commerce,Bengaluru,Email Campaign,Monthly,33,2470.0,29640.0,2.0,48.0,15,8800.0,2023-01-08,,0,0.0
RIQ-05644,Enterprise,E-commerce,Delhi,Email Campaign,Annual,16,6110.0,73320.0,1.0,63.0,27,59400.0,2023-11-20,,0,0.0
RIQ-05645,Basic,Edtech,Hyderabad,Paid Search,Monthly,9,780.0,9360.0,1.0,48.0,5,3600.0,2023-01-23,2023-10-20,1,9360.0
RIQ-05646,Basic,Healthcare,Mumbai,Referral,Monthly,2,650.0,7800.0,5.0,33.0,3,4500.0,2022-02-09,2022-04-10,1,7800.0
RIQ-05647,Pro,E-commerce,Delhi,Social Media,Monthly,33,1940.0,23280.0,0.0,34.0,8,12200.0,2023-11-18,,0,0.0
RIQ-05648,Pro,Healthcare,Chennai,Direct,Annual,13,2460.0,29520.0,0.0,70.0,8,12200.0,2022-04-07,,0,0.0
RIQ-05649,Enterprise,E-commerce,Mumbai,Email Campaign,Annual,60,6580.0,78960.0,1.0,47.0,20,40300.0,2022-01-27,,0,0.0
RIQ-05650,Basic,Fintech,Hyderabad,Social Media,Monthly,4,610.0,7320.0,1.0,26.0,3,2400.0,2023-08-21,2023-12-09,1,7320.0
RIQ-05651,Enterprise,Healthcare,Pune,Referral,Monthly,60,6610.0,79320.0,1.0,46.0,25,43300.0,2022-01-14,,0,0.0
RIQ-05652,Basic,Fintech,Pune,Direct,Monthly,4,800.0,9600.0,2.0,14.0,10,3700.0,2022-05-14,2022-09-26,1,9600.0
RIQ-05653,Pro,E-commerce,Chennai,Referral,Monthly,4,1690.0,20280.0,1.0,84.0,13,14700.0,2022-03-31,,0,0.0
RIQ-05654,Pro,Fintech,Mumbai,Email Campaign,Annual,47,2180.0,26160.0,2.0,37.0,9,7400.0,2023-02-07,,0,0.0
RIQ-05655,Enterprise,E-commerce,Hyderabad,Direct,Annual,10,8470.0,101640.0,3.0,79.0,19,38000.0,2022-12-05,,0,0.0
RIQ-05656,Basic,Healthcare,Bengaluru,Referral,Monthly,4,630.0,7560.0,1.0,67.0,15,2600.0,2022-02-24,,0,0.0
RIQ-05657,Basic,E-commerce,Mumbai,Direct,Monthly,7,740.0,8880.0,2.0,67.0,3,3300.0,2022-03-18,2022-10-08,1,8880.0
RIQ-05658,Enterprise,E-commerce,Hyderabad,Paid Search,Annual,18,7920.0,95040.0,0.0,79.0,33,38100.0,2023-01-01,,0,0.0
RIQ-05659,Pro,E-commerce,Mumbai,Email Campaign,Monthly,11,2490.0,29880.0,2.0,42.0,15,9700.0,2022-06-02,,0,0.0
RIQ-05660,Basic,E-commerce,Bengaluru,Referral,Monthly,1,540.0,6480.0,3.0,53.0,7,2800.0,2023-03-05,2023-03-29,1,6480.0
RIQ-05661,Pro,Healthcare,Hyderabad,Paid Search,Annual,47,1770.0,21240.0,3.0,54.0,19,7000.0,2023-04-27,,0,0.0
RIQ-05662,Pro,E-commerce,Mumbai,Email Campaign,Annual,2,2050.0,24600.0,2.0,65.0,8,6800.0,2022-09-13,2022-11-26,1,24600.0
RIQ-05663,Pro,Edtech,Mumbai,Social Media,Annual,2,1980.0,23760.0,2.0,77.0,10,6300.0,2022-01-15,2022-03-27,1,23760.0
RIQ-05664,Basic,Healthcare,Delhi,Organic Search,Monthly,2,550.0,6600.0,3.0,9.0,5,4600.0,2022-06-07,2022-07-27,1,6600.0
RIQ-05665,Enterprise,Fintech,Hyderabad,Social Media,Annual,11,6180.0,74160.0,1.0,57.0,25,31300.0,2023-10-10,,0,0.0
RIQ-05666,Pro,Fintech,Hyderabad,Paid Search,Monthly,36,2060.0,24720.0,0.0,40.0,17,6000.0,2022-12-28,,0,0.0
RIQ-05667,Pro,Fintech,Bengaluru,Direct,Monthly,32,1870.0,22440.0,0.0,69.0,20,7100.0,2022-12-15,2025-08-04,1,22440.0
RIQ-05668,Pro,Edtech,Bengaluru,Paid Search,Monthly,43,2200.0,26400.0,2.0,94.0,18,10500.0,2023-03-15,,0,0.0
RIQ-05669,Basic,Healthcare,Bengaluru,Paid Search,Monthly,9,800.0,9600.0,4.0,67.0,9,2900.0,2023-11-20,,0,0.0
RIQ-05670,Pro,Fintech,Delhi,Organic Search,Monthly,4,1640.0,19680.0,0.0,66.0,11,11200.0,2023-02-24,2023-07-06,1,19680.0
RIQ-05671,Basic,Edtech,Mumbai,Paid Search,Monthly,10,630.0,7560.0,1.0,35.0,11,2100.0,2023-02-25,2023-12-08,1,7560.0
RIQ-05672,Pro,Fintech,Mumbai,Paid Search,Monthly,14,1740.0,20880.0,1.0,29.0,12,11900.0,2023-08-03,,0,0.0
RIQ-05673,Basic,Fintech,Pune,Direct,Monthly,2,570.0,6840.0,5.0,33.0,2,4800.0,2023-03-11,2023-05-23,1,6840.0
RIQ-05674,Basic,Healthcare,Chennai,Organic Search,Monthly,16,590.0,7080.0,4.0,36.0,9,3300.0,2022-03-05,2023-07-01,1,7080.0
RIQ-05675,Basic,Healthcare,Mumbai,Referral,Monthly,19,700.0,8400.0,5.0,27.0,2,3800.0,2023-04-14,2024-11-13,1,8400.0
RIQ-05676,Basic,E-commerce,Mumbai,Paid Search,Monthly,19,730.0,8760.0,2.0,82.0,6,4900.0,2022-03-10,,0,0.0
RIQ-05677,Enterprise,Healthcare,Delhi,Email Campaign,Annual,12,5280.0,63360.0,2.0,85.0,26,44500.0,2023-08-22,,0,0.0
RIQ-05678,Pro,Healthcare,Mumbai,Social Media,Annual,42,1960.0,23520.0,1.0,25.0,16,14200.0,2023-09-06,2027-02-17,1,23520.0
RIQ-05679,Basic,Healthcare,Bengaluru,Referral,Monthly,7,860.0,10320.0,3.0,31.0,6,3900.0,2023-07-19,,0,0.0
RIQ-05680,Pro,Healthcare,Delhi,Social Media,Annual,2,2320.0,27840.0,1.0,42.0,14,13700.0,2023-08-26,,0,0.0
RIQ-05681,Basic,Fintech,Bengaluru,Direct,Monthly,12,800.0,9600.0,2.0,75.0,8,4800.0,2023-08-15,,0,0.0
RIQ-05682,Basic,Edtech,Mumbai,Email Campaign,Monthly,3,560.0,6720.0,0.0,43.0,4,2100.0,2022-12-12,2023-03-04,1,6720.0
RIQ-05683,Basic,E-commerce,Hyderabad,Paid Search,Annual,7,710.0,8520.0,0.0,39.0,8,4700.0,2022-02-26,,0,0.0
RIQ-05684,Enterprise,Fintech,Bengaluru,Organic Search,Annual,2,6160.0,73920.0,2.0,93.0,21,38200.0,2023-04-20,,0,0.0
RIQ-05685,Pro,E-commerce,Pune,Direct,Annual,43,1550.0,18600.0,0.0,46.0,16,10400.0,2022-10-20,2026-05-06,1,18600.0
RIQ-05686,Pro,Healthcare,Hyderabad,Organic Search,Monthly,60,2390.0,28680.0,0.0,48.0,13,14400.0,2022-06-20,,0,0.0
RIQ-05687,pro,Fintech,Bengaluru,Email Campaign,Monthly,60,1690.0,20280.0,1.0,76.0,19,10700.0,2022-06-12,,0,0.0
RIQ-05688,Pro,Healthcare,Bengaluru,Referral,Monthly,25,2240.0,26880.0,0.0,68.0,20,7500.0,2022-03-23,,0,0.0
RIQ-05689,Basic,Edtech,Delhi,Organic Search,Annual,3,780.0,9360.0,2.0,60.0,4,2800.0,2022-10-26,,0,0.0
RIQ-05690,Basic,Fintech,Mumbai,Direct,Monthly,11,790.0,9480.0,1.0,20.0,10,4200.0,2022-05-21,,0,0.0
RIQ-05691,Basic,Fintech,Chennai,Organic Search,Monthly,2,920.0,11040.0,2.0,37.0,8,4100.0,2023-03-03,2023-05-13,1,11040.0
RIQ-05692,Enterprise,Fintech,Bengaluru,Social Media,Monthly,5,9150.0,109800.0,2.0,85.0,18,30300.0,2022-09-29,,0,0.0
RIQ-05693,Enterprise,Edtech,Pune,Organic Search,Annual,29,9080.0,108960.0,0.0,76.0,20,38100.0,2022-12-17,,0,0.0
RIQ-05694,Basic,Fintech,Hyderabad,Organic Search,Monthly,10,730.0,8760.0,7.0,49.0,4,3500.0,2022-09-14,2023-07-11,1,8760.0
RIQ-05695,Enterprise,Fintech,Delhi,Direct,Annual,35,7210.0,86520.0,1.0,96.0,25,38700.0,2023-09-13,,0,0.0
RIQ-05696,Pro,Fintech,Pune,Referral,Monthly,3,2270.0,27240.0,0.0,77.0,17,6800.0,2022-02-24,,0,0.0
RIQ-05697,Basic,Edtech,Mumbai,Email Campaign,Monthly,9,760.0,9120.0,5.0,36.0,1,4900.0,2023-09-14,2024-06-09,1,9120.0
RIQ-05698,Basic,E-commerce,Bengaluru,Referral,Monthly,7,700.0,8400.0,0.0,28.0,5,4400.0,2022-03-04,,0,0.0
RIQ-05699,Basic,E-commerce,Delhi,Paid Search,Monthly,3,570.0,6840.0,1.0,68.0,7,4200.0,2023-02-15,2023-05-22,1,6840.0
RIQ-05700,Basic,Fintech,Pune,Paid Search,Monthly,2,630.0,7560.0,3.0,54.0,2,2000.0,2023-03-25,2023-05-09,1,7560.0
RIQ-05701,Enterprise,E-commerce,Delhi,Paid Search,Annual,2,8230.0,98760.0,0.0,75.0,16,48700.0,2023-03-11,,0,0.0
RIQ-05702,Basic,Fintech,Mumbai,Organic Search,Monthly,3,770.0,9240.0,1.0,54.0,6,2600.0,2022-01-11,2022-04-21,1,9240.0
RIQ-05703,Basic,Healthcare,Hyderabad,Organic Search,Monthly,1,700.0,8400.0,2.0,59.0,13,4900.0,2022-11-09,2022-12-09,1,8400.0
RIQ-05704,Enterprise,E-commerce,Pune,Organic Search,Annual,3,5320.0,63840.0,3.0,66.0,17,24900.0,2023-04-23,,0,0.0
RIQ-05705,Basic,Edtech,Bengaluru,Direct,Monthly,7,590.0,7080.0,3.0,69.0,7,3700.0,2022-09-26,2023-04-13,1,7080.0
RIQ-05706,Basic,Edtech,Bengaluru,Paid Search,Annual,6,840.0,10080.0,3.0,36.0,12,4500.0,2022-10-04,2023-03-20,1,10080.0
RIQ-05707,Basic,E-commerce,Pune,Email Campaign,Monthly,10,800.0,9600.0,2.0,39.0,7,3700.0,2023-09-24,,0,0.0
RIQ-05708,Basic,Edtech,Delhi,Email Campaign,Annual,4,720.0,8640.0,1.0,59.0,6,3400.0,2022-05-02,,0,0.0
RIQ-05709,Basic,Fintech,Bengaluru,Social Media,Monthly,14,840.0,10080.0,1.0,58.0,7,4600.0,2023-05-13,,0,0.0
RIQ-05710,Pro,Edtech,Mumbai,Email Campaign,Annual,35,1980.0,23760.0,1.0,80.0,9,14500.0,2023-10-27,,0,0.0
RIQ-05711,Basic,Fintech,Mumbai,Referral,Monthly,1,640.0,7680.0,0.0,42.0,12,2700.0,2022-10-19,2022-11-10,1,7680.0
RIQ-05712,Basic,Edtech,Mumbai,Paid Search,Annual,2,870.0,10440.0,1.0,0.0,8,3100.0,2023-09-04,,0,0.0
RIQ-05713,Pro,Edtech,Delhi,Social Media,Annual,19,1790.0,21480.0,1.0,71.0,14,8900.0,2022-03-27,,0,0.0
RIQ-05714,Basic,Healthcare,Hyderabad,Referral,Monthly,1,520.0,6240.0,2.0,46.0,2,2000.0,2023-08-08,2023-09-21,1,6240.0
RIQ-05715,basic,E-commerce,Bengaluru,Paid Search,Monthly,29,550.0,6600.0,0.0,24.0,6,3100.0,2023-07-23,2025-12-17,1,6600.0
RIQ-05716,Enterprise,E-commerce,Bengaluru,Referral,Annual,42,5240.0,62880.0,1.0,81.0,22,26500.0,2022-12-23,,0,0.0
RIQ-05717,Basic,E-commerce,Bengaluru,Paid Search,Annual,1,880.0,10560.0,1.0,39.0,4,2700.0,2023-10-04,,0,0.0
RIQ-05718,Basic,E-commerce,Bengaluru,Referral,Monthly,1,540.0,6480.0,5.0,18.0,1,3900.0,2023-11-22,2023-12-12,1,6480.0
RIQ-05719,Pro,Fintech,Pune,Direct,Annual,8,2120.0,25440.0,0.0,40.0,13,11800.0,2023-09-10,,0,0.0
RIQ-05720,Basic,Healthcare,Bengaluru,Organic Search,Annual,2,830.0,9960.0,4.0,29.0,6,3900.0,2022-12-08,,0,0.0
RIQ-05721,Enterprise,Fintech,Mumbai,Social Media,Annual,22,7970.0,95640.0,2.0,64.0,19,50400.0,2023-04-08,,0,0.0
RIQ-05722,Basic,Edtech,Delhi,Referral,Annual,1,670.0,8040.0,1.0,37.0,6,4000.0,2023-01-28,,0,0.0
RIQ-05723,Pro,Healthcare,Delhi,Social Media,Annual,32,1760.0,21120.0,1.0,37.0,7,6800.0,2023-10-27,2026-06-03,1,21120.0
RIQ-05724,Basic,Fintech,Pune,Social Media,Monthly,21,670.0,8040.0,2.0,57.0,3,3300.0,2022-08-05,,0,0.0
RIQ-05725,Pro,Edtech,Pune,Social Media,Annual,7,2180.0,26160.0,0.0,57.0,18,14100.0,2023-01-11,,0,0.0
RIQ-05726,Pro,Healthcare,Bengaluru,Referral,Annual,12,1960.0,23520.0,3.0,39.0,9,13800.0,2023-09-20,,0,0.0
RIQ-05727,Basic,E-commerce,Hyderabad,Paid Search,Monthly,1,900.0,10800.0,2.0,55.0,7,3700.0,2023-02-09,2023-03-19,1,10800.0
RIQ-05728,Enterprise,E-commerce,Chennai,Paid Search,Monthly,7,6900.0,82800.0,2.0,100.0,21,50700.0,2022-04-28,,0,0.0
RIQ-05729,Pro,Edtech,Pune,Direct,Annual,1,1500.0,18000.0,1.0,47.0,24,10500.0,2023-06-27,,0,0.0
RIQ-05730,Basic,Edtech,Delhi,Email Campaign,Monthly,2,900.0,10800.0,3.0,40.0,1,4000.0,2022-11-05,2023-01-08,1,10800.0
RIQ-05731,Pro,Fintech,Chennai,Social Media,Annual,60,2110.0,25320.0,0.0,36.0,25,6700.0,2023-02-05,,0,0.0
RIQ-05732,Basic,Healthcare,Pune,Organic Search,Monthly,17,810.0,9720.0,2.0,53.0,3,2200.0,2023-06-12,,0,0.0
RIQ-05733,Pro,Fintech,Hyderabad,Referral,Monthly,8,2000.0,24000.0,0.0,64.0,14,6400.0,2022-06-25,,0,0.0
RIQ-05734,Basic,Edtech,Delhi,Referral,Annual,1,630.0,7560.0,3.0,47.0,9,2100.0,2022-12-05,,0,0.0
RIQ-05735,Pro,Edtech,Bengaluru,Referral,Monthly,47,1710.0,20520.0,2.0,39.0,8,8200.0,2022-09-22,,0,0.0
RIQ-05736,Pro,Edtech,Pune,Referral,Monthly,10,1940.0,23280.0,2.0,45.0,13,14100.0,2023-08-29,,0,0.0
RIQ-05737,Basic,Fintech,Chennai,Email Campaign,Annual,2,980.0,11760.0,3.0,35.0,9,4400.0,2023-06-15,2023-08-10,1,11760.0
RIQ-05738,Basic,E-commerce,Hyderabad,Organic Search,Annual,4,620.0,7440.0,0.0,39.0,6,3300.0,2023-11-25,,0,0.0
RIQ-05739,Basic,Fintech,Bengaluru,Social Media,Monthly,23,1000.0,12000.0,0.0,49.0,6,3800.0,2022-11-26,,0,0.0
RIQ-05740,Pro,Edtech,Bengaluru,Paid Search,Monthly,19,1860.0,22320.0,0.0,82.0,13,10500.0,2023-08-14,,0,0.0
RIQ-05741,Basic,Edtech,Bengaluru,Organic Search,Monthly,6,910.0,10920.0,2.0,55.0,1,4100.0,2023-04-10,2023-10-15,1,10920.0
RIQ-05742,Pro,E-commerce,Bengaluru,Referral,Monthly,3,2350.0,28200.0,0.0,27.0,16,14000.0,2022-01-09,2022-04-22,1,28200.0
RIQ-05743,Basic,Healthcare,Delhi,Social Media,Annual,5,930.0,11160.0,4.0,38.0,9,2500.0,2022-09-29,,0,0.0
RIQ-05744,Basic,Healthcare,Hyderabad,Email Campaign,Monthly,5,830.0,9960.0,3.0,68.0,4,2000.0,2022-05-18,,0,0.0
RIQ-05745,Basic,Fintech,Delhi,Referral,Annual,10,910.0,10920.0,4.0,52.0,7,3600.0,2023-08-12,,0,0.0
RIQ-05746,Pro,Healthcare,Pune,Paid Search,Annual,25,2290.0,27480.0,1.0,68.0,11,7300.0,2022-04-15,,0,0.0
RIQ-05747,Basic,Edtech,Delhi,Organic Search,Monthly,2,880.0,10560.0,0.0,23.0,4,4900.0,2022-10-16,2022-12-15,1,10560.0
RIQ-05748,Pro,Fintech,Pune,Organic Search,Monthly,26,1780.0,21360.0,0.0,38.0,9,8700.0,2022-11-09,,0,0.0
RIQ-05749,Enterprise,Fintech,Bengaluru,Email Campaign,Annual,48,9680.0,116160.0,0.0,78.0,22,30100.0,2022-04-17,,0,0.0
RIQ-05750,Pro,Fintech,Chennai,Paid Search,Monthly,30,1970.0,23640.0,1.0,51.0,11,9900.0,2022-07-04,,0,0.0
RIQ-05751,Pro,E-commerce,Hyderabad,Organic Search,Annual,23,2000.0,24000.0,1.0,66.0,18,8400.0,2023-07-03,,0,0.0
RIQ-05752,Basic,Fintech,Mumbai,Paid Search,Monthly,13,810.0,9720.0,5.0,55.0,3,3300.0,2022-07-05,2023-07-28,1,9720.0
RIQ-05753,Basic,E-commerce,Mumbai,Paid Search,Monthly,2,960.0,11520.0,6.0,44.0,3,3900.0,2023-06-15,2023-08-19,1,11520.0
RIQ-05754,Basic,Fintech,Hyderabad,Paid Search,Annual,7,730.0,8760.0,1.0,41.0,1,3000.0,2023-04-27,,0,0.0
RIQ-05755,Basic,Edtech,Delhi,Social Media,Monthly,7,940.0,11280.0,1.0,25.0,4,2200.0,2022-10-29,2023-06-11,1,11280.0
RIQ-05756,Basic,Healthcare,Delhi,Referral,Monthly,17,800.0,9600.0,5.0,26.0,1,4800.0,2022-05-20,2023-10-20,1,9600.0
RIQ-05757,Pro,E-commerce,Pune,Organic Search,Monthly,4,1910.0,22920.0,1.0,73.0,16,11400.0,2022-01-04,2022-05-11,1,22920.0
RIQ-05758,Basic,Fintech,Pune,Social Media,Monthly,2,730.0,8760.0,0.0,54.0,11,5000.0,2023-11-11,2023-12-28,1,8760.0
RIQ-05759,Pro,Fintech,Bengaluru,Paid Search,Annual,30,2390.0,28680.0,0.0,96.0,15,7000.0,2023-06-13,,0,0.0
RIQ-05760,Pro,Healthcare,Delhi,Referral,Annual,20,2340.0,28080.0,2.0,82.0,12,8700.0,2023-06-25,,0,0.0
RIQ-05761,Pro,Edtech,Hyderabad,Organic Search,Annual,33,1920.0,23040.0,1.0,52.0,8,14300.0,2023-11-17,2026-07-30,1,23040.0
RIQ-05762,Basic,E-commerce,Pune,Social Media,Annual,10,680.0,8160.0,1.0,66.0,1,3200.0,2023-07-22,2024-05-27,1,8160.0
RIQ-05763,Pro,E-commerce,Bengaluru,Social Media,Monthly,10,1740.0,20880.0,2.0,59.0,19,10200.0,2022-03-05,2023-01-14,1,20880.0
RIQ-05764,Pro,Fintech,Hyderabad,Paid Search,Annual,8,1830.0,21960.0,4.0,92.0,20,13800.0,2022-09-16,,0,0.0
RIQ-05765,Pro,E-commerce,Chennai,Social Media,Monthly,47,1600.0,19200.0,1.0,79.0,14,7200.0,2022-02-05,,0,0.0
RIQ-05766,Pro,E-commerce,Delhi,Organic Search,Monthly,1,1800.0,21600.0,2.0,65.0,16,13500.0,2022-09-12,,0,0.0
RIQ-05767,Enterprise,Fintech,Bengaluru,Email Campaign,Annual,39,5880.0,70560.0,0.0,79.0,32,22700.0,2023-10-29,,0,0.0
RIQ-05768,Basic,Fintech,Mumbai,Paid Search,Annual,34,710.0,8520.0,7.0,66.0,7,2500.0,2023-10-27,,0,0.0
RIQ-05769,Basic,Fintech,Bengaluru,Referral,Annual,14,680.0,8160.0,2.0,23.0,4,2200.0,2022-07-12,2023-09-17,1,8160.0
RIQ-05770,Basic,Fintech,Delhi,Organic Search,Monthly,5,540.0,6480.0,1.0,43.0,1,4100.0,2023-07-11,,0,0.0
RIQ-05771,Basic,Healthcare,Mumbai,Email Campaign,Monthly,1,780.0,9360.0,2.0,49.0,1,4300.0,2023-05-15,2023-06-16,1,9360.0
RIQ-05772,Basic,Fintech,Delhi,Organic Search,Monthly,1,540.0,6480.0,2.0,34.0,8,3900.0,2022-11-02,2022-11-28,1,6480.0
RIQ-05773,Enterprise,Fintech,Hyderabad,Social Media,Annual,10,6880.0,82560.0,0.0,85.0,22,31900.0,2022-12-29,,0,0.0
RIQ-05774,Basic,Fintech,Bengaluru,Paid Search,Monthly,10,760.0,9120.0,2.0,23.0,2,3900.0,2022-01-30,2022-11-16,1,9120.0
RIQ-05775,Pro,Healthcare,Chennai,Organic Search,Annual,5,1840.0,22080.0,1.0,79.0,6,14200.0,2022-03-19,,0,0.0
RIQ-05776,Pro,E-commerce,Bengaluru,Paid Search,Annual,8,2040.0,24480.0,0.0,64.0,14,14200.0,2023-03-20,,0,0.0
RIQ-05777,Basic,E-commerce,Hyderabad,Paid Search,Monthly,3,980.0,11760.0,2.0,43.0,5,3800.0,2022-10-07,2023-01-02,1,11760.0
RIQ-05778,basic,Fintech,Hyderabad,Organic Search,Monthly,8,650.0,7800.0,4.0,59.0,5,3500.0,2023-07-04,,0,0.0
RIQ-05779,Basic,E-commerce,Mumbai,Organic Search,Monthly,1,770.0,9240.0,5.0,48.0,1,4700.0,2022-10-21,2022-11-19,1,9240.0
RIQ-05780,Pro,Fintech,Pune,Direct,Annual,10,1580.0,18960.0,1.0,55.0,17,7500.0,2022-08-14,,0,0.0
RIQ-05781,Pro,Edtech,Delhi,Organic Search,Annual,20,2050.0,24600.0,0.0,41.0,13,12600.0,2023-04-17,,0,0.0
RIQ-05782,Pro,Healthcare,Chennai,Paid Search,Monthly,2,1710.0,20520.0,0.0,52.0,16,13800.0,2022-06-13,2022-08-26,1,20520.0
RIQ-05783,Pro,Healthcare,Hyderabad,Email Campaign,Monthly,16,2020.0,24240.0,2.0,65.0,12,10000.0,2022-10-28,,0,0.0
RIQ-05784,Pro,Fintech,Pune,Social Media,Annual,6,1980.0,23760.0,0.0,47.0,8,14500.0,2023-02-03,,0,0.0
RIQ-05785,Basic,Fintech,Mumbai,Direct,Monthly,3,890.0,10680.0,3.0,26.0,1,2400.0,2022-07-10,2022-10-08,1,10680.0
RIQ-05786,Basic,Edtech,Mumbai,Social Media,Monthly,9,510.0,6120.0,1.0,36.0,6,2000.0,2022-09-07,2023-05-24,1,6120.0
RIQ-05787,Basic,Edtech,Pune,Direct,Annual,15,780.0,9360.0,0.0,63.0,1,3300.0,2022-10-03,,0,0.0
RIQ-05788,Enterprise,Fintech,Chennai,Organic Search,Annual,15,7030.0,84360.0,1.0,87.0,23,30600.0,2023-11-13,,0,0.0
RIQ-05789,Basic,Edtech,Chennai,Social Media,Monthly,10,820.0,9840.0,2.0,62.0,7,3100.0,2023-10-14,2024-08-16,1,9840.0
RIQ-05790,Enterprise,E-commerce,Mumbai,Social Media,Annual,58,5870.0,70440.0,1.0,52.0,18,53600.0,2023-10-28,,0,0.0
RIQ-05791,Basic,Fintech,Pune,Organic Search,Monthly,6,750.0,9000.0,1.0,35.0,4,2800.0,2022-02-07,2022-07-23,1,9000.0
RIQ-05792,Basic,Healthcare,Delhi,Referral,Monthly,1,850.0,10200.0,1.0,41.0,1,2200.0,2023-04-27,2023-05-18,1,10200.0
RIQ-05793,Pro,E-commerce,Mumbai,Paid Search,Annual,13,2240.0,26880.0,2.0,72.0,11,7500.0,2023-11-17,,0,0.0
RIQ-05794,Pro,Fintech,Bengaluru,Organic Search,Annual,25,2420.0,29040.0,1.0,40.0,11,6200.0,2023-04-04,,0,0.0
RIQ-05795,Pro,Healthcare,Pune,Organic Search,Monthly,31,2290.0,27480.0,1.0,57.0,12,7400.0,2022-02-12,2024-09-08,1,27480.0
RIQ-05796,Enterprise,Healthcare,Hyderabad,Organic Search,Monthly,1,6450.0,77400.0,1.0,70.0,23,48000.0,2023-02-25,,0,0.0
RIQ-05797,Basic,Fintech,Chennai,Paid Search,Monthly,17,610.0,7320.0,0.0,50.0,14,4400.0,2023-08-16,,0,0.0
RIQ-05798,Basic,Edtech,Hyderabad,Paid Search,Monthly,16,820.0,9840.0,2.0,9.0,1,2300.0,2022-10-28,2024-02-08,1,9840.0
RIQ-05799,Pro,E-commerce,Mumbai,Referral,Annual,17,2350.0,28200.0,2.0,59.0,15,11300.0,2022-03-12,,0,0.0
RIQ-05800,Basic,Fintech,Delhi,Paid Search,Monthly,11,930.0,11160.0,1.0,66.0,4,3900.0,2023-02-14,2024-01-22,1,11160.0
RIQ-05801,Basic,E-commerce,Delhi,Referral,Annual,3,890.0,10680.0,4.0,77.0,2,3800.0,2022-12-18,2023-03-15,1,10680.0
RIQ-05802,Pro,Healthcare,Delhi,Paid Search,Monthly,11,2010.0,24120.0,2.0,62.0,12,10500.0,2022-09-28,2023-09-01,1,24120.0
RIQ-05803,Basic,Edtech,Mumbai,Referral,Monthly,11,590.0,7080.0,2.0,38.0,1,3900.0,2022-07-02,,0,0.0
RIQ-05804,Basic,Edtech,Bengaluru,Paid Search,Monthly,3,640.0,7680.0,2.0,71.0,6,3100.0,2023-09-09,2023-12-03,1,7680.0
RIQ-05805,Basic,E-commerce,Bengaluru,Direct,Monthly,1,510.0,6120.0,3.0,28.0,7,3300.0,2023-11-07,2023-12-19,1,6120.0
RIQ-05806,Pro,Healthcare,Mumbai,Paid Search,Monthly,1,1760.0,21120.0,0.0,100.0,10,11300.0,2022-11-17,,0,0.0
RIQ-05807,Basic,Edtech,Pune,Organic Search,Monthly,4,980.0,11760.0,3.0,40.0,13,2800.0,2023-03-08,,0,0.0
RIQ-05808,Pro,E-commerce,Chennai,Social Media,Annual,1,2050.0,24600.0,1.0,85.0,14,6800.0,2022-11-27,,0,0.0
RIQ-05809,Enterprise,Healthcare,Delhi,Social Media,Monthly,60,5230.0,62760.0,0.0,63.0,15,24700.0,2022-09-08,,0,0.0
RIQ-05810,Basic,E-commerce,Hyderabad,Paid Search,Annual,1,860.0,10320.0,3.0,37.0,11,3500.0,2023-06-01,,0,0.0
RIQ-05811,Basic,Healthcare,Mumbai,Social Media,Monthly,6,770.0,9240.0,0.0,41.0,1,3300.0,2022-09-11,2023-03-06,1,9240.0
RIQ-05812,Basic,Edtech,Hyderabad,Social Media,Monthly,16,940.0,11280.0,3.0,66.0,5,3600.0,2022-03-19,2023-06-28,1,11280.0
RIQ-05813,Pro,E-commerce,Bengaluru,Paid Search,Annual,4,2320.0,27840.0,0.0,71.0,14,13500.0,2022-07-31,,0,0.0
RIQ-05814,Basic,Edtech,Pune,Paid Search,Monthly,6,700.0,8400.0,4.0,63.0,1,3900.0,2022-01-22,2022-07-10,1,8400.0
RIQ-05815,Pro,E-commerce,Bengaluru,Referral,Monthly,25,2270.0,27240.0,1.0,42.0,16,14300.0,2022-03-14,,0,0.0
RIQ-05816,Pro,Healthcare,Mumbai,Email Campaign,Annual,5,1930.0,23160.0,1.0,33.0,14,12300.0,2023-09-28,,0,0.0
RIQ-05817,Enterprise,Healthcare,Pune,Paid Search,Annual,60,9490.0,113880.0,1.0,79.0,23,44500.0,2022-12-28,2027-12-17,1,113880.0
RIQ-05818,Basic,Fintech,Delhi,Organic Search,Monthly,3,680.0,8160.0,4.0,44.0,8,4700.0,2023-01-12,2023-03-28,1,8160.0
RIQ-05819,Basic,Fintech,Delhi,Social Media,Monthly,3,840.0,10080.0,1.0,63.0,1,3700.0,2023-02-01,2023-04-21,1,10080.0
RIQ-05820,Pro,Fintech,Mumbai,Referral,Monthly,1,1800.0,21600.0,0.0,50.0,20,14600.0,2023-01-09,,0,0.0
RIQ-05821,Basic,Fintech,Mumbai,Email Campaign,Monthly,1,540.0,6480.0,2.0,48.0,7,3000.0,2022-08-18,2022-09-21,1,6480.0
RIQ-05822,Basic,Healthcare,Mumbai,Paid Search,Annual,1,870.0,10440.0,0.0,53.0,4,4700.0,2023-11-10,,0,0.0
RIQ-05823,Pro,E-commerce,Chennai,Paid Search,Annual,3,2440.0,29280.0,0.0,42.0,14,11800.0,2023-11-16,,0,0.0
RIQ-05824,Pro,Fintech,Chennai,Email Campaign,Monthly,13,2270.0,27240.0,2.0,58.0,13,8800.0,2022-03-18,,0,0.0
RIQ-05825,Basic,Edtech,Mumbai,Social Media,Monthly,4,800.0,9600.0,2.0,33.0,4,2900.0,2022-07-09,2022-10-24,1,9600.0
RIQ-05826,Basic,Edtech,Mumbai,Referral,Monthly,3,850.0,10200.0,3.0,16.0,8,2200.0,2022-11-24,2023-02-11,1,10200.0
RIQ-05827,Pro,Edtech,Pune,Social Media,Annual,6,2160.0,25920.0,4.0,46.0,20,12900.0,2023-04-30,,0,0.0
RIQ-05828,Pro,Healthcare,Mumbai,Organic Search,Annual,7,1960.0,23520.0,0.0,91.0,14,13000.0,2022-01-27,,0,0.0
RIQ-05829,Basic,Edtech,Mumbai,Organic Search,Monthly,3,970.0,11640.0,3.0,81.0,2,4200.0,2022-07-13,2022-10-22,1,11640.0
RIQ-05830,Pro,E-commerce,Bengaluru,Organic Search,Monthly,6,2220.0,26640.0,0.0,37.0,16,14900.0,2022-04-04,2022-10-11,1,26640.0
RIQ-05831,Basic,E-commerce,Hyderabad,Direct,Monthly,6,640.0,7680.0,3.0,57.0,2,2600.0,2022-06-27,2022-12-27,1,7680.0
RIQ-05832,Pro,Fintech,Bengaluru,Email Campaign,Annual,5,2140.0,25680.0,4.0,100.0,12,6800.0,2022-01-23,,0,0.0
RIQ-05833,Basic,Edtech,Delhi,Organic Search,Monthly,8,540.0,6480.0,5.0,52.0,1,2100.0,2023-07-19,2024-03-28,1,6480.0
RIQ-05834,Pro,Healthcare,Hyderabad,Direct,Annual,32,1850.0,22200.0,0.0,60.0,15,11100.0,2023-08-09,,0,0.0
RIQ-05835,Basic,Healthcare,Chennai,Email Campaign,Annual,14,640.0,7680.0,1.0,36.0,7,3800.0,2023-05-05,,0,0.0
RIQ-05836,Pro,E-commerce,Mumbai,Social Media,Annual,17,2410.0,28920.0,0.0,64.0,9,8900.0,2022-08-31,,0,0.0
RIQ-05837,Pro,Edtech,Chennai,Organic Search,Monthly,1,1590.0,19080.0,0.0,72.0,17,13000.0,2023-09-01,2023-09-18,1,19080.0
RIQ-05838,Enterprise,Fintech,Bengaluru,Referral,Annual,6,6510.0,78120.0,2.0,98.0,21,34700.0,2022-08-27,,0,0.0
RIQ-05839,Basic,E-commerce,Bengaluru,Referral,Annual,22,530.0,6360.0,5.0,27.0,1,3800.0,2022-08-08,,0,0.0
RIQ-05840,Pro,Healthcare,Hyderabad,Organic Search,Monthly,1,1670.0,20040.0,2.0,56.0,13,9700.0,2023-04-18,,0,0.0
RIQ-05841,Basic,Healthcare,Chennai,Social Media,Annual,15,620.0,7440.0,3.0,47.0,5,4300.0,2022-05-12,2023-07-24,1,7440.0
RIQ-05842,Basic,Fintech,Delhi,Paid Search,Annual,13,810.0,9720.0,0.0,55.0,5,3500.0,2022-07-28,,0,0.0
RIQ-05843,Enterprise,Healthcare,Mumbai,Organic Search,Annual,14,6450.0,77400.0,2.0,100.0,22,41000.0,2022-11-09,,0,0.0
RIQ-05844,Basic,E-commerce,Delhi,Direct,Monthly,19,800.0,9600.0,3.0,54.0,4,3900.0,2023-07-24,2025-02-15,1,9600.0
RIQ-05845,Basic,Edtech,Hyderabad,Referral,Annual,14,840.0,10080.0,3.0,60.0,4,4400.0,2022-11-06,,0,0.0
RIQ-05846,Basic,E-commerce,Delhi,Paid Search,Monthly,4,790.0,9480.0,1.0,36.0,8,4600.0,2023-11-24,2024-03-26,1,9480.0
RIQ-05847,Basic,E-commerce,Mumbai,Direct,Monthly,5,830.0,9960.0,1.0,86.0,5,3200.0,2022-07-16,2022-12-08,1,9960.0
RIQ-05848,Basic,Edtech,Pune,Organic Search,Monthly,6,600.0,7200.0,1.0,9.0,10,2500.0,2023-03-29,2023-10-10,1,7200.0
RIQ-05849,Pro,Fintech,Hyderabad,Social Media,Annual,25,2130.0,25560.0,2.0,52.0,6,8700.0,2023-05-16,,0,0.0
RIQ-05850,Basic,Edtech,Pune,Paid Search,Monthly,4,940.0,11280.0,1.0,54.0,9,3500.0,2022-03-12,2022-07-24,1,11280.0
RIQ-05851,Basic,E-commerce,Pune,Direct,Monthly,11,840.0,10080.0,4.0,26.0,1,3900.0,2023-07-31,2024-06-12,1,10080.0
RIQ-05852,Enterprise,Fintech,Hyderabad,Social Media,Annual,12,7390.0,88680.0,0.0,49.0,21,24500.0,2022-02-06,,0,0.0
RIQ-05853,Basic,E-commerce,Mumbai,Email Campaign,Monthly,9,860.0,10320.0,5.0,43.0,4,4300.0,2022-06-12,2023-02-22,1,10320.0
RIQ-05854,Basic,Fintech,Pune,Organic Search,Monthly,1,900.0,10800.0,6.0,71.0,1,3300.0,2023-08-30,2023-09-25,1,10800.0
RIQ-05855,Pro,E-commerce,Mumbai,Social Media,Monthly,3,2390.0,28680.0,0.0,71.0,4,6500.0,2023-05-02,2023-08-09,1,28680.0
RIQ-05856,Basic,E-commerce,Pune,Paid Search,Annual,8,730.0,8760.0,1.0,0.0,5,4100.0,2022-06-07,2023-01-29,1,8760.0
RIQ-05857,Pro,Edtech,Bengaluru,Email Campaign,Annual,13,1570.0,18840.0,0.0,77.0,16,7900.0,2023-01-22,,0,0.0
RIQ-05858,Basic,Fintech,Pune,Referral,Monthly,12,920.0,11040.0,2.0,77.0,1,3500.0,2023-11-10,,0,0.0
RIQ-05859,Basic,Healthcare,Chennai,Paid Search,Monthly,6,550.0,6600.0,2.0,60.0,10,4200.0,2023-11-19,,0,0.0
RIQ-05860,Enterprise,Healthcare,Delhi,Paid Search,Monthly,51,9440.0,113280.0,1.0,94.0,20,58200.0,2023-03-27,,0,0.0
RIQ-05861,Pro,Fintech,Delhi,Social Media,Annual,23,2260.0,27120.0,1.0,49.0,14,13700.0,2023-08-11,,0,0.0
RIQ-05862,Basic,Healthcare,Hyderabad,Social Media,Annual,4,710.0,8520.0,2.0,20.0,4,2000.0,2023-04-18,2023-08-01,1,8520.0
RIQ-05863,Enterprise,E-commerce,Mumbai,Social Media,Annual,5,9570.0,114840.0,1.0,100.0,20,54500.0,2023-02-11,,0,0.0
RIQ-05864,Pro,Healthcare,Delhi,Email Campaign,Annual,8,1640.0,19680.0,1.0,47.0,15,10200.0,2022-09-11,,0,0.0
RIQ-05865,Pro,Healthcare,Bengaluru,Organic Search,Monthly,6,1610.0,19320.0,0.0,100.0,14,13400.0,2023-11-29,,0,0.0
RIQ-05866,Basic,E-commerce,Bengaluru,Social Media,Annual,33,790.0,9480.0,3.0,41.0,8,4000.0,2022-03-09,2024-11-16,1,9480.0
RIQ-05867,Pro,Fintech,Delhi,Organic Search,Monthly,1,1680.0,20160.0,0.0,84.0,14,13200.0,2022-11-02,2022-11-23,1,20160.0
RIQ-05868,Basic,E-commerce,Chennai,Paid Search,Monthly,5,940.0,11280.0,1.0,35.0,3,2900.0,2023-05-18,2023-10-09,1,11280.0
RIQ-05869,Basic,Edtech,Delhi,Paid Search,Monthly,1,780.0,9360.0,0.0,51.0,4,4000.0,2023-10-01,2023-11-13,1,9360.0
RIQ-05870,Pro,Edtech,Hyderabad,Organic Search,Annual,12,2230.0,26760.0,1.0,63.0,15,7300.0,2023-08-15,,0,0.0
RIQ-05871,Pro,Edtech,Chennai,Paid Search,Monthly,33,1820.0,21840.0,2.0,75.0,12,7300.0,2023-07-09,,0,0.0
RIQ-05872,Enterprise,E-commerce,Delhi,Organic Search,Annual,5,9730.0,116760.0,1.0,82.0,21,24500.0,2022-10-08,,0,0.0
RIQ-05873,Basic,E-commerce,Delhi,Organic Search,Monthly,10,810.0,9720.0,2.0,26.0,7,3700.0,2022-04-28,2023-03-07,1,9720.0
RIQ-05874,Basic,Fintech,Pune,Email Campaign,Annual,6,610.0,7320.0,5.0,70.0,6,4600.0,2022-11-15,2023-05-15,1,7320.0
RIQ-05875,Enterprise,E-commerce,Mumbai,Email Campaign,Annual,48,7480.0,89760.0,2.0,87.0,22,39600.0,2023-07-29,,0,0.0
RIQ-05876,Pro,Edtech,Mumbai,Referral,Annual,28,1900.0,22800.0,1.0,76.0,21,7700.0,2023-07-31,,0,0.0
RIQ-05877,Basic,Healthcare,Delhi,Referral,Monthly,4,760.0,9120.0,0.0,57.0,4,4100.0,2022-02-03,2022-05-27,1,9120.0
RIQ-05878,Basic,Healthcare,Chennai,Social Media,Monthly,13,760.0,9120.0,1.0,23.0,9,3300.0,2023-02-28,,0,0.0
RIQ-05879,Basic,E-commerce,Hyderabad,Paid Search,Monthly,5,870.0,10440.0,0.0,43.0,2,3200.0,2022-09-30,2023-02-15,1,10440.0
RIQ-05880,Enterprise,Edtech,Bengaluru,Organic Search,Annual,60,5190.0,62280.0,2.0,43.0,19,55600.0,2022-08-22,,0,0.0
RIQ-05881,Basic,E-commerce,Delhi,Referral,Annual,7,790.0,9480.0,1.0,42.0,8,3200.0,2023-05-08,,0,0.0
RIQ-05882,Basic,E-commerce,Pune,Social Media,Monthly,7,650.0,7800.0,4.0,29.0,14,2300.0,2023-06-10,2023-12-25,1,7800.0
RIQ-05883,Pro,Edtech,Bengaluru,Paid Search,Annual,5,1580.0,18960.0,0.0,51.0,13,7000.0,2023-03-26,,0,0.0
RIQ-05884,Pro,Edtech,Delhi,Referral,Monthly,6,1710.0,20520.0,2.0,74.0,14,6700.0,2023-01-24,,0,0.0
RIQ-05885,Pro,Healthcare,Pune,Referral,Monthly,17,1620.0,19440.0,0.0,40.0,17,6300.0,2022-11-11,,0,0.0
RIQ-05886,Pro,Edtech,Mumbai,Social Media,Annual,6,1870.0,22440.0,0.0,83.0,9,7500.0,2022-04-02,,0,0.0
RIQ-05887,Enterprise,Fintech,Bengaluru,Social Media,Annual,48,5110.0,61320.0,0.0,39.0,22,30800.0,2022-12-07,,0,0.0
RIQ-05888,Basic,E-commerce,Pune,Social Media,Monthly,18,980.0,11760.0,2.0,68.0,4,4200.0,2022-09-22,2024-03-05,1,11760.0
RIQ-05889,Basic,Edtech,Mumbai,Social Media,Annual,8,750.0,9000.0,2.0,61.0,2,4800.0,2022-09-19,,0,0.0
RIQ-05890,Basic,Fintech,Bengaluru,Referral,Annual,3,990.0,11880.0,2.0,22.0,8,3400.0,2023-05-27,,0,0.0
RIQ-05891,Basic,Healthcare,Delhi,Organic Search,Annual,11,600.0,7200.0,1.0,54.0,8,3900.0,2023-11-24,2024-10-12,1,7200.0
RIQ-05892,Pro,E-commerce,Delhi,Paid Search,Annual,10,2350.0,28200.0,0.0,54.0,13,13100.0,2022-12-29,,0,0.0
RIQ-05893,Pro,Edtech,Delhi,Organic Search,Annual,23,1730.0,20760.0,1.0,70.0,12,6800.0,2022-01-08,,0,0.0
RIQ-05894,Enterprise,E-commerce,Chennai,Organic Search,Annual,29,8220.0,98640.0,0.0,96.0,18,58300.0,2022-05-21,,0,0.0
RIQ-05895,Pro,Fintech,Delhi,Paid Search,Annual,4,2470.0,29640.0,2.0,54.0,7,14200.0,2023-01-21,2023-05-31,1,29640.0
RIQ-05896,Basic,E-commerce,Hyderabad,Referral,Monthly,3,840.0,10080.0,0.0,37.0,4,4200.0,2023-10-30,2024-02-09,1,10080.0
RIQ-05897,Basic,Fintech,Pune,Paid Search,Monthly,2,900.0,10800.0,1.0,69.0,10,3600.0,2023-02-04,2023-04-15,1,10800.0
RIQ-05898,Basic,E-commerce,Pune,Organic Search,Monthly,12,940.0,11280.0,0.0,53.0,10,4500.0,2023-08-18,2024-08-07,1,11280.0
RIQ-05899,Pro,E-commerce,Pune,Social Media,Annual,23,2290.0,27480.0,1.0,22.0,12,13000.0,2022-07-18,,0,0.0
RIQ-05900,Pro,E-commerce,Pune,Organic Search,Annual,1,1580.0,18960.0,0.0,78.0,11,6300.0,2023-12-01,2024-01-14,1,18960.0
RIQ-05901,Basic,E-commerce,Bengaluru,Social Media,Annual,10,590.0,7080.0,4.0,30.0,1,4600.0,2022-09-23,,0,0.0
RIQ-05902,Pro,Fintech,Chennai,Email Campaign,Annual,31,1740.0,20880.0,2.0,68.0,15,11100.0,2023-06-25,,0,0.0
RIQ-05903,Basic,E-commerce,Delhi,Organic Search,Monthly,11,870.0,10440.0,2.0,49.0,10,4400.0,2023-05-01,,0,0.0
RIQ-05904,Basic,E-commerce,Chennai,Referral,Monthly,1,590.0,7080.0,2.0,31.0,3,3700.0,2023-05-14,2023-06-27,1,7080.0
RIQ-05905,Enterprise,Edtech,Mumbai,Organic Search,Annual,60,9380.0,112560.0,1.0,75.0,25,58200.0,2022-05-08,,0,0.0
RIQ-05906,Basic,Edtech,Bengaluru,Direct,Monthly,27,630.0,7560.0,4.0,54.0,1,4200.0,2023-09-20,,0,0.0
RIQ-05907,Basic,Edtech,Hyderabad,Social Media,Annual,11,570.0,6840.0,1.0,57.0,5,4900.0,2022-03-28,,0,0.0
RIQ-05908,Pro,Edtech,Mumbai,Paid Search,Monthly,4,2190.0,26280.0,0.0,62.0,17,7200.0,2022-12-29,,0,0.0
RIQ-05909,Basic,E-commerce,Mumbai,Referral,Monthly,13,750.0,9000.0,2.0,30.0,3,3200.0,2022-01-13,2023-01-26,1,9000.0
RIQ-05910,Pro,E-commerce,Mumbai,Direct,Annual,5,2390.0,28680.0,2.0,50.0,11,10000.0,2022-03-10,,0,0.0
RIQ-05911,Basic,Healthcare,Bengaluru,Direct,Annual,9,730.0,8760.0,1.0,35.0,8,2900.0,2023-11-10,2024-08-16,1,8760.0
RIQ-05912,Enterprise,Fintech,Mumbai,Email Campaign,Annual,3,6170.0,74040.0,1.0,71.0,24,28500.0,2023-11-22,,0,0.0
RIQ-05913,Basic,E-commerce,Hyderabad,Organic Search,Monthly,1,610.0,7320.0,2.0,26.0,7,2800.0,2022-06-16,2022-07-14,1,7320.0
RIQ-05914,Pro,Healthcare,Bengaluru,Email Campaign,Annual,19,2220.0,26640.0,1.0,95.0,19,6500.0,2023-12-01,,0,0.0
RIQ-05915,Basic,Fintech,Pune,Paid Search,Annual,2,730.0,8760.0,4.0,47.0,3,4000.0,2022-04-16,2022-06-04,1,8760.0
RIQ-05916,Basic,E-commerce,Hyderabad,Email Campaign,Monthly,3,670.0,8040.0,3.0,44.0,9,2200.0,2023-02-19,2023-06-04,1,8040.0
RIQ-05917,Basic,Fintech,Hyderabad,Social Media,Monthly,11,630.0,7560.0,2.0,50.0,5,3700.0,2023-08-03,2024-06-22,1,7560.0
RIQ-05918,Basic,Edtech,Mumbai,Social Media,Monthly,21,640.0,7680.0,1.0,,3,4700.0,2023-10-03,2025-07-01,1,7680.0
RIQ-05919,Enterprise,Edtech,Delhi,Social Media,Annual,39,6570.0,78840.0,2.0,55.0,17,55500.0,2022-12-26,,0,0.0
RIQ-05920,Basic,Fintech,Mumbai,Referral,Annual,13,940.0,11280.0,3.0,29.0,4,3900.0,2022-07-26,,0,0.0
RIQ-05921,Pro,Healthcare,Mumbai,Social Media,Monthly,14,2310.0,27720.0,1.0,70.0,4,11900.0,2023-01-03,,0,0.0
RIQ-05922,Basic,E-commerce,Pune,Social Media,Annual,3,780.0,9360.0,0.0,69.0,5,2100.0,2023-11-07,2024-01-27,1,9360.0
RIQ-05923,Pro,Healthcare,Delhi,Referral,Monthly,18,1880.0,22560.0,1.0,85.0,2,12400.0,2023-10-15,,0,0.0
RIQ-05924,Pro,Healthcare,Delhi,Organic Search,Monthly,7,1580.0,18960.0,1.0,100.0,11,14000.0,2023-06-15,,0,0.0
RIQ-05925,Enterprise,E-commerce,Pune,Social Media,Annual,31,5320.0,63840.0,1.0,70.0,22,58400.0,2023-06-22,,0,0.0
RIQ-05926,Basic,E-commerce,Pune,Social Media,Monthly,25,840.0,10080.0,3.0,29.0,2,3800.0,2023-06-19,2025-07-18,1,10080.0
RIQ-05927,Pro,E-commerce,Hyderabad,Organic Search,Annual,43,1500.0,18000.0,0.0,63.0,17,14900.0,2023-08-14,,0,0.0
RIQ-05928,Basic,Healthcare,Bengaluru,Social Media,Annual,34,650.0,7800.0,1.0,69.0,14,2800.0,2023-02-15,,0,0.0
RIQ-05929,Basic,Fintech,Bengaluru,Email Campaign,Annual,2,980.0,11760.0,1.0,22.0,6,4600.0,2023-08-20,,0,0.0
RIQ-05930,Basic,Healthcare,Bengaluru,Referral,Monthly,1,730.0,8760.0,1.0,52.0,7,2500.0,2022-11-07,,0,0.0
RIQ-05931,Basic,Fintech,Delhi,Social Media,Monthly,20,740.0,8880.0,3.0,47.0,1,4800.0,2023-11-18,2025-07-11,1,8880.0
RIQ-05932,Pro,Fintech,Bengaluru,Email Campaign,Monthly,7,2470.0,29640.0,1.0,40.0,22,15000.0,2022-07-09,,0,0.0
RIQ-05933,Basic,Healthcare,Bengaluru,Referral,Monthly,22,980.0,11760.0,2.0,41.0,6,4500.0,2023-07-27,2025-05-23,1,11760.0
RIQ-05934,Pro,E-commerce,Pune,Paid Search,Annual,5,1560.0,18720.0,0.0,66.0,14,11700.0,2023-07-28,2023-12-27,1,18720.0
RIQ-05935,Basic,Fintech,Bengaluru,Paid Search,Monthly,16,590.0,7080.0,0.0,20.0,9,2300.0,2022-04-08,2023-07-22,1,7080.0
RIQ-05936,Enterprise,Edtech,Chennai,Paid Search,Annual,41,9140.0,109680.0,3.0,57.0,24,36200.0,2023-07-18,,0,0.0
RIQ-05937,Basic,Fintech,Mumbai,Paid Search,Annual,4,780.0,9360.0,0.0,48.0,8,2200.0,2023-08-23,,0,0.0
RIQ-05938,Enterprise,Edtech,Mumbai,Organic Search,Annual,25,8640.0,103680.0,0.0,69.0,20,48800.0,2022-06-01,,0,0.0
RIQ-05939,Enterprise,E-commerce,Delhi,Social Media,Annual,4,6020.0,72240.0,1.0,100.0,19,34400.0,2022-08-09,,0,0.0
RIQ-05940,Basic,Edtech,Delhi,Paid Search,Monthly,2,530.0,6360.0,0.0,34.0,3,4300.0,2022-11-11,2023-01-07,1,6360.0
RIQ-05941,Pro,Edtech,Hyderabad,Paid Search,Annual,9,1610.0,19320.0,1.0,81.0,11,7700.0,2022-01-02,,0,0.0
RIQ-05942,Enterprise,Fintech,Mumbai,Social Media,Annual,34,7360.0,88320.0,2.0,78.0,19,21900.0,2023-08-31,,0,0.0
RIQ-05943,Basic,Fintech,Mumbai,Email Campaign,Monthly,10,620.0,7440.0,3.0,36.0,7,2200.0,2023-06-17,2024-04-21,1,7440.0
RIQ-05944,Pro,E-commerce,Delhi,Referral,Annual,9,1920.0,23040.0,0.0,48.0,14,14500.0,2023-03-22,,0,0.0
RIQ-05945,Basic,Edtech,Mumbai,Referral,Monthly,9,520.0,6240.0,2.0,77.0,9,3700.0,2022-02-05,,0,0.0
RIQ-05946,Basic,Edtech,Chennai,Organic Search,Annual,2,640.0,7680.0,1.0,0.0,7,3800.0,2022-10-05,,0,0.0
RIQ-05947,Pro,Edtech,Delhi,Referral,Annual,3,1990.0,23880.0,3.0,47.0,12,13800.0,2022-11-08,,0,0.0
RIQ-05948,Basic,Healthcare,Chennai,Paid Search,Monthly,1,590.0,7080.0,0.0,79.0,1,2200.0,2023-02-24,2023-03-22,1,7080.0
RIQ-05949,Basic,E-commerce,Pune,Referral,Annual,15,930.0,11160.0,5.0,25.0,15,3200.0,2022-12-15,,0,0.0
RIQ-05950,Basic,E-commerce,Mumbai,Social Media,Annual,3,700.0,8400.0,1.0,57.0,2,2800.0,2023-11-25,,0,0.0
RIQ-05951,Pro,Edtech,Chennai,Paid Search,Monthly,44,2000.0,24000.0,1.0,73.0,16,8400.0,2023-04-03,,0,0.0
RIQ-05952,Basic,E-commerce,Pune,Paid Search,Monthly,1,670.0,8040.0,3.0,60.0,7,2900.0,2022-02-11,2022-03-04,1,8040.0
RIQ-05953,Basic,Edtech,Bengaluru,Referral,Annual,3,530.0,6360.0,1.0,40.0,4,3200.0,2023-03-24,2023-06-12,1,6360.0
RIQ-05954,Enterprise,Healthcare,Mumbai,Social Media,Annual,7,6080.0,72960.0,1.0,61.0,32,26900.0,2023-02-03,2023-09-07,1,72960.0
RIQ-05955,Pro,Edtech,Delhi,Social Media,Annual,6,2430.0,29160.0,2.0,75.0,12,6100.0,2023-03-30,,0,0.0
RIQ-05956,Pro,E-commerce,Mumbai,Social Media,Annual,43,2260.0,27120.0,2.0,45.0,17,13400.0,2023-04-18,,0,0.0
RIQ-05957,Pro,Edtech,Bengaluru,Paid Search,Monthly,6,1540.0,18480.0,0.0,41.0,14,6800.0,2023-01-26,,0,0.0
RIQ-05958,Basic,Fintech,Mumbai,Direct,Annual,11,570.0,6840.0,4.0,30.0,3,2800.0,2022-06-02,,0,0.0
RIQ-05959,Pro,Edtech,Pune,Paid Search,Annual,15,1620.0,19440.0,3.0,39.0,12,7800.0,2022-12-17,,0,0.0
RIQ-05960,Basic,Healthcare,Delhi,Paid Search,Annual,9,790.0,9480.0,1.0,,1,2200.0,2022-01-26,,0,0.0
RIQ-05961,Basic,Fintech,Delhi,Direct,Annual,3,940.0,11280.0,1.0,58.0,1,4200.0,2023-02-14,,0,0.0
RIQ-05962,Basic,Edtech,Pune,Organic Search,Monthly,11,600.0,7200.0,,65.0,11,3500.0,2022-05-20,,0,0.0
RIQ-05963,Pro,Fintech,Pune,Email Campaign,Monthly,7,1630.0,19560.0,2.0,48.0,17,12300.0,2023-06-30,,0,0.0
RIQ-05964,Pro,Edtech,Delhi,Paid Search,Annual,4,2450.0,29400.0,1.0,58.0,16,7300.0,2023-06-17,,0,0.0
RIQ-05965,Enterprise,Edtech,Bengaluru,Email Campaign,Annual,6,9270.0,111240.0,0.0,100.0,14,33500.0,2022-08-13,,0,0.0
RIQ-05966,Pro,Healthcare,Bengaluru,Social Media,Annual,1,2080.0,24960.0,0.0,55.0,5,13300.0,2022-04-15,,0,0.0
RIQ-05967,Pro,E-commerce,Delhi,Organic Search,Annual,32,2320.0,27840.0,1.0,47.0,12,12200.0,2022-02-24,,0,0.0
RIQ-05968,Basic,Edtech,Bengaluru,Direct,Monthly,3,830.0,9960.0,1.0,54.0,3,4700.0,2022-09-15,2022-12-28,1,9960.0
RIQ-05969,Pro,E-commerce,Hyderabad,Social Media,Monthly,2,1770.0,21240.0,0.0,26.0,10,12900.0,2022-07-15,,0,0.0
RIQ-05970,Basic,Fintech,Pune,Organic Search,Monthly,4,820.0,9840.0,1.0,23.0,7,4400.0,2023-07-05,2023-11-15,1,9840.0
RIQ-05971,Pro,Edtech,Bengaluru,Paid Search,Annual,7,1900.0,22800.0,0.0,69.0,20,11800.0,2022-03-26,,0,0.0
RIQ-05972,Basic,Edtech,Delhi,Email Campaign,Monthly,7,810.0,9720.0,1.0,66.0,10,3400.0,2022-01-13,2022-08-04,1,9720.0
RIQ-05973,Basic,Edtech,Pune,Direct,Annual,5,900.0,10800.0,1.0,30.0,8,3900.0,2023-10-20,,0,0.0
RIQ-05974,Pro,Healthcare,Pune,Social Media,Annual,25,1610.0,19320.0,1.0,69.0,13,9500.0,2023-03-08,,0,0.0
RIQ-05975,Basic,E-commerce,Delhi,Direct,Annual,5,990.0,11880.0,1.0,63.0,1,3200.0,2023-10-05,,0,0.0
RIQ-05976,Basic,Edtech,Mumbai,Paid Search,Monthly,10,650.0,7800.0,2.0,38.0,1,3100.0,2022-05-28,2023-03-12,1,7800.0
RIQ-05977,Basic,E-commerce,Delhi,Paid Search,Monthly,8,610.0,7320.0,2.0,56.0,2,2500.0,2023-09-28,2024-05-31,1,7320.0
RIQ-05978,Basic,E-commerce,Delhi,Paid Search,Annual,1,860.0,10320.0,3.0,38.0,16,3400.0,2023-10-07,2023-11-17,1,10320.0
RIQ-05979,Pro,E-commerce,Hyderabad,Organic Search,Annual,7,2100.0,25200.0,3.0,69.0,23,11600.0,2023-06-19,,0,0.0
RIQ-05980,Basic,E-commerce,Mumbai,Social Media,Monthly,5,980.0,11760.0,1.0,15.0,8,2600.0,2023-06-23,2023-11-22,1,11760.0
RIQ-05981,Pro,E-commerce,Hyderabad,Referral,Annual,44,2100.0,25200.0,3.0,42.0,18,10200.0,2023-09-21,,0,0.0
RIQ-05982,Pro,E-commerce,Hyderabad,Organic Search,Monthly,23,2170.0,26040.0,0.0,45.0,7,6700.0,2022-08-11,,0,0.0
RIQ-05983,Enterprise,Edtech,Hyderabad,Paid Search,Annual,47,6190.0,74280.0,2.0,69.0,25,43300.0,2022-04-07,,0,0.0
RIQ-05984,Enterprise,E-commerce,Mumbai,Social Media,Annual,60,8370.0,100440.0,0.0,57.0,18,47200.0,2022-12-20,,0,0.0
RIQ-05985,Pro,E-commerce,Bengaluru,Organic Search,Annual,26,2230.0,26760.0,4.0,57.0,15,9900.0,2022-05-11,2024-06-24,1,26760.0
RIQ-05986,Basic,Edtech,Chennai,Paid Search,Monthly,9,870.0,10440.0,2.0,16.0,8,3900.0,2023-06-21,2024-03-14,1,10440.0
RIQ-05987,Basic,Fintech,Chennai,Paid Search,Annual,11,730.0,8760.0,4.0,49.0,7,3500.0,2022-11-01,,0,0.0
RIQ-05988,Enterprise,Edtech,Hyderabad,Referral,Annual,49,9140.0,109680.0,1.0,97.0,22,25700.0,2023-08-14,,0,0.0
RIQ-05989,Pro,E-commerce,Bengaluru,Social Media,Annual,7,2080.0,24960.0,2.0,61.0,21,6000.0,2023-09-23,2024-04-07,1,24960.0
RIQ-05990,Enterprise,Edtech,Hyderabad,Referral,Annual,45,5920.0,71040.0,0.0,72.0,27,26100.0,2022-05-31,,0,0.0
RIQ-05991,Basic,Fintech,Hyderabad,Organic Search,Monthly,4,660.0,7920.0,4.0,0.0,1,3200.0,2023-08-03,2023-12-10,1,7920.0
RIQ-05992,Basic,E-commerce,Bengaluru,Social Media,Monthly,4,600.0,7200.0,2.0,23.0,8,2700.0,2023-11-24,2024-03-21,1,7200.0
RIQ-05993,Basic,E-commerce,Delhi,Paid Search,Monthly,6,960.0,11520.0,2.0,49.0,6,2600.0,2022-10-23,2023-04-06,1,11520.0
RIQ-05994,Pro,Edtech,Pune,Social Media,Annual,1,2240.0,26880.0,1.0,30.0,5,13000.0,2023-03-01,,0,0.0
RIQ-05995,Pro,Fintech,Mumbai,Social Media,Annual,53,1700.0,20400.0,1.0,36.0,10,10400.0,2023-04-27,,0,0.0
RIQ-05996,Basic,Edtech,Bengaluru,Referral,Annual,13,570.0,6840.0,1.0,46.0,6,2000.0,2022-04-04,,0,0.0
RIQ-05997,Basic,Edtech,Pune,Paid Search,Annual,19,730.0,8760.0,1.0,30.0,4,3100.0,2022-07-28,,0,0.0
RIQ-05998,Basic,E-commerce,Bengaluru,Organic Search,Annual,2,990.0,11880.0,,75.0,4,4200.0,2022-12-26,,0,0.0
RIQ-05999,Basic,Edtech,Delhi,Social Media,Annual,4,860.0,10320.0,1.0,51.0,1,4800.0,2022-07-10,2022-10-28,1,10320.0
RIQ-06000,Enterprise,Edtech,Chennai,Organic Search,Annual,36,7260.0,87120.0,0.0,52.0,13,37000.0,2023-08-01,,0,0.0
RIQ-06001,Pro,Healthcare,Delhi,Social Media,Annual,9,1890.0,22680.0,1.0,72.0,16,6300.0,2022-04-09,,0,0.0
RIQ-06002,Enterprise,Healthcare,Bengaluru,Social Media,Annual,22,7740.0,92880.0,1.0,84.0,20,20900.0,2023-03-18,,0,0.0
RIQ-06003,Basic,Healthcare,Bengaluru,Referral,Annual,1,720.0,8640.0,3.0,32.0,4,3200.0,2022-06-07,,0,0.0
RIQ-06004,Pro,E-commerce,Bengaluru,Email Campaign,Monthly,53,2270.0,27240.0,0.0,13.0,19,11700.0,2023-07-26,,0,0.0
RIQ-06005,Basic,Edtech,Mumbai,Social Media,Monthly,14,730.0,8760.0,0.0,28.0,9,3800.0,2023-01-01,,0,0.0
RIQ-06006,Pro,Fintech,Bengaluru,Paid Search,Annual,18,1980.0,23760.0,2.0,72.0,15,13100.0,2023-03-18,,0,0.0
RIQ-06007,Basic,Healthcare,Mumbai,Paid Search,Monthly,2,510.0,6120.0,0.0,59.0,6,2300.0,2022-07-22,2022-09-20,1,6120.0
RIQ-06008,Basic,Fintech,Pune,Referral,Annual,2,880.0,10560.0,0.0,39.0,1,4000.0,2023-11-04,,0,0.0
RIQ-06009,Pro,Fintech,Pune,Paid Search,Annual,1,1510.0,18120.0,0.0,71.0,15,13300.0,2022-12-25,,0,0.0
RIQ-06010,Pro,Edtech,Pune,Direct,Monthly,22,1920.0,23040.0,1.0,57.0,14,8300.0,2023-08-12,,0,0.0
RIQ-06011,Pro,E-commerce,Delhi,Paid Search,Monthly,11,1710.0,20520.0,1.0,76.0,14,12900.0,2022-08-28,,0,0.0
RIQ-06012,Basic,E-commerce,Mumbai,Paid Search,Monthly,11,870.0,10440.0,1.0,61.0,12,2400.0,2022-11-30,,0,0.0
RIQ-06013,Basic,E-commerce,Delhi,Organic Search,Monthly,1,660.0,7920.0,3.0,15.0,5,4800.0,2023-03-24,2023-04-19,1,7920.0
RIQ-06014,Basic,Edtech,Chennai,Organic Search,Annual,12,770.0,9240.0,0.0,20.0,4,4200.0,2022-11-07,,0,0.0
RIQ-06015,Basic,Healthcare,Hyderabad,Direct,Monthly,10,960.0,11520.0,0.0,48.0,6,3500.0,2023-07-07,,0,0.0
RIQ-06016,Basic,Edtech,Mumbai,Paid Search,Annual,12,910.0,10920.0,0.0,63.0,1,3800.0,2022-12-30,2023-12-11,1,10920.0
RIQ-06017,Basic,E-commerce,Delhi,Referral,Monthly,53,610.0,7320.0,2.0,,7,2500.0,2022-02-11,2026-06-17,1,7320.0
RIQ-06018,Enterprise,Edtech,Bengaluru,Paid Search,Annual,3,5220.0,62640.0,2.0,65.0,20,35600.0,2023-08-08,,0,0.0
RIQ-06019,Basic,Fintech,Pune,Paid Search,Annual,4,700.0,8400.0,0.0,67.0,2,4900.0,2023-09-15,,0,0.0
RIQ-06020,Basic,E-commerce,Hyderabad,Direct,Monthly,10,650.0,7800.0,1.0,50.0,1,2800.0,2022-08-26,2023-06-18,1,7800.0
RIQ-06021,Basic,Healthcare,Mumbai,Direct,Annual,4,1000.0,12000.0,4.0,62.0,1,4500.0,2022-07-11,,0,0.0
RIQ-06022,Basic,Edtech,Pune,Paid Search,Annual,4,910.0,10920.0,1.0,64.0,3,3400.0,2023-06-01,,0,0.0
RIQ-06023,Pro,Edtech,Mumbai,Referral,Monthly,60,1710.0,20520.0,0.0,55.0,21,8600.0,2022-11-14,,0,0.0
RIQ-06024,Pro,E-commerce,Bengaluru,Referral,Monthly,1,2400.0,28800.0,3.0,63.0,12,10300.0,2023-08-25,2023-10-04,1,28800.0
RIQ-06025,Basic,Edtech,Pune,Organic Search,Monthly,10,640.0,7680.0,6.0,0.0,12,4700.0,2023-03-17,2024-01-19,1,7680.0
RIQ-06026,Enterprise,Healthcare,Mumbai,Social Media,Monthly,60,5410.0,64920.0,2.0,47.0,17,33500.0,2022-03-25,,0,0.0
RIQ-06027,Basic,Edtech,Hyderabad,Social Media,Annual,4,990.0,11880.0,5.0,30.0,7,4200.0,2022-09-01,,0,0.0
RIQ-06028,Basic,E-commerce,Hyderabad,Email Campaign,Annual,15,660.0,7920.0,1.0,54.0,8,4400.0,2022-12-26,2024-03-22,1,7920.0
RIQ-06029,Pro,Healthcare,Delhi,Referral,Monthly,5,2200.0,26400.0,0.0,79.0,13,11700.0,2023-10-16,,0,0.0
RIQ-06030,Pro,Edtech,Delhi,Social Media,Monthly,34,2330.0,27960.0,0.0,49.0,14,11400.0,2022-05-06,,0,0.0
RIQ-06031,Basic,E-commerce,Mumbai,Paid Search,Monthly,12,690.0,8280.0,3.0,38.0,7,4100.0,2023-07-11,2024-07-03,1,8280.0
RIQ-06032,Basic,Fintech,Mumbai,Social Media,Monthly,9,910.0,10920.0,2.0,45.0,1,2900.0,2023-06-12,2024-03-03,1,10920.0
RIQ-06033,Basic,Fintech,Delhi,Email Campaign,Annual,3,580.0,6960.0,4.0,48.0,7,4400.0,2022-12-13,,0,0.0
RIQ-06034,Enterprise,Edtech,Delhi,Social Media,Annual,13,5060.0,60720.0,1.0,,24,52400.0,2022-02-01,,0,0.0
RIQ-06035,Basic,E-commerce,Pune,Email Campaign,Monthly,5,930.0,11160.0,2.0,55.0,8,3600.0,2022-04-07,2022-09-19,1,11160.0
RIQ-06036,Basic,Fintech,Chennai,Referral,Monthly,6,690.0,8280.0,0.0,41.0,7,2300.0,2023-11-01,2024-05-09,1,8280.0
RIQ-06037,Basic,Healthcare,Mumbai,Referral,Monthly,1,790.0,9480.0,3.0,41.0,8,3200.0,2022-07-14,2022-08-27,1,9480.0
RIQ-06038,Pro,Edtech,Delhi,Referral,Monthly,10,2380.0,28560.0,0.0,87.0,17,6900.0,2022-12-11,,0,0.0
RIQ-06039,Basic,Edtech,Chennai,Organic Search,Annual,2,900.0,10800.0,1.0,36.0,5,4500.0,2022-08-16,,0,0.0
RIQ-06040,Pro,Edtech,Chennai,Paid Search,Annual,18,1580.0,18960.0,1.0,72.0,16,10400.0,2023-03-20,,0,0.0
RIQ-06041,Basic,Fintech,Chennai,Organic Search,Monthly,8,770.0,9240.0,2.0,93.0,2,2900.0,2023-10-20,,0,0.0
RIQ-06042,Enterprise,Healthcare,Chennai,Email Campaign,Annual,60,6020.0,72240.0,0.0,86.0,23,54000.0,2022-06-16,,0,0.0
RIQ-06043,Enterprise,Fintech,Bengaluru,Social Media,Monthly,24,9530.0,114360.0,1.0,71.0,23,48100.0,2023-01-10,,0,0.0
RIQ-06044,Pro,Healthcare,Delhi,Organic Search,Annual,32,2100.0,25200.0,0.0,56.0,13,11300.0,2022-03-27,,0,0.0
RIQ-06045,Basic,Healthcare,Delhi,Referral,Annual,3,570.0,6840.0,2.0,69.0,4,2800.0,2022-07-19,,0,0.0
RIQ-06046,Basic,Fintech,Chennai,Paid Search,Annual,3,520.0,6240.0,3.0,27.0,5,4000.0,2022-09-29,2022-12-14,1,6240.0
RIQ-06047,Basic,Healthcare,Bengaluru,Email Campaign,Monthly,6,740.0,8880.0,6.0,38.0,8,4800.0,2023-11-24,2024-05-09,1,8880.0
RIQ-06048,Enterprise,E-commerce,Bengaluru,Referral,Annual,12,7780.0,93360.0,0.0,58.0,13,41600.0,2023-01-30,,0,0.0
RIQ-06049,Pro,Edtech,Chennai,Social Media,Monthly,10,1890.0,22680.0,0.0,57.0,10,14300.0,2022-04-19,,0,0.0
RIQ-06050,Pro,Edtech,Delhi,Email Campaign,Monthly,22,1680.0,20160.0,0.0,52.0,10,12700.0,2023-03-01,,0,0.0
RIQ-06051,Pro,Healthcare,Pune,Organic Search,Annual,10,2150.0,25800.0,1.0,59.0,12,13500.0,2022-03-02,2022-12-24,1,25800.0
RIQ-06052,Basic,E-commerce,Mumbai,Paid Search,Annual,1,710.0,8520.0,0.0,55.0,6,4000.0,2023-05-18,,0,0.0
RIQ-06053,Pro,Healthcare,Chennai,Email Campaign,Monthly,21,1930.0,23160.0,0.0,53.0,18,6700.0,2023-10-21,,0,0.0
RIQ-06054,Pro,E-commerce,Mumbai,Referral,Monthly,35,2230.0,26760.0,1.0,76.0,17,13000.0,2023-11-16,,0,0.0
RIQ-06055,Enterprise,Healthcare,Bengaluru,Social Media,Annual,1,8070.0,96840.0,1.0,68.0,19,27300.0,2023-09-16,,0,0.0
RIQ-06056,Basic,Fintech,Pune,Email Campaign,Annual,5,680.0,8160.0,4.0,40.0,7,4300.0,2023-06-05,,0,0.0
RIQ-06057,Pro,Fintech,Mumbai,Paid Search,Monthly,18,1560.0,18720.0,1.0,65.0,22,8600.0,2022-06-04,2023-11-18,1,18720.0
RIQ-06058,Pro,E-commerce,Mumbai,Organic Search,Annual,31,2100.0,25200.0,1.0,61.0,11,10500.0,2023-07-23,,0,0.0
RIQ-06059,Enterprise,Fintech,Pune,Social Media,Annual,12,9230.0,110760.0,1.0,77.0,17,48200.0,2022-04-18,,0,0.0
RIQ-06060,Basic,Edtech,Pune,Email Campaign,Monthly,2,820.0,9840.0,4.0,34.0,11,3200.0,2023-08-08,2023-10-16,1,9840.0
RIQ-06061,Basic,Fintech,Chennai,Social Media,Monthly,9,680.0,8160.0,1.0,64.0,7,2500.0,2022-12-19,,0,0.0
RIQ-06062,Pro,Edtech,Bengaluru,Referral,Monthly,6,2340.0,28080.0,1.0,68.0,11,7100.0,2023-03-09,,0,0.0
RIQ-06063,Basic,E-commerce,Chennai,Social Media,Annual,1,890.0,10680.0,3.0,56.0,6,4300.0,2023-07-25,,0,0.0
RIQ-06064,Basic,Fintech,Pune,Email Campaign,Monthly,5,900.0,10800.0,1.0,58.0,9,3600.0,2022-02-13,2022-07-26,1,10800.0
RIQ-06065,Enterprise,E-commerce,Hyderabad,Social Media,Annual,43,9530.0,114360.0,0.0,92.0,28,53600.0,2022-09-20,,0,0.0
RIQ-06066,Pro,Edtech,Chennai,Social Media,Monthly,23,1770.0,21240.0,0.0,48.0,13,8500.0,2023-08-01,,0,0.0
RIQ-06067,Basic,Edtech,Bengaluru,Organic Search,Monthly,4,510.0,6120.0,5.0,67.0,7,3800.0,2023-02-18,2023-06-03,1,6120.0
RIQ-06068,Basic,Edtech,Pune,Referral,Monthly,2,910.0,10920.0,2.0,36.0,4,3200.0,2023-05-29,2023-07-14,1,10920.0
RIQ-06069,basic,Fintech,Chennai,Email Campaign,Monthly,14,630.0,7560.0,2.0,24.0,5,3800.0,2023-02-12,2024-04-05,1,7560.0
RIQ-06070,Basic,Fintech,Delhi,Social Media,Annual,15,770.0,9240.0,0.0,25.0,9,3700.0,2022-12-23,,0,0.0
RIQ-06071,Basic,E-commerce,Bengaluru,Email Campaign,Monthly,5,800.0,9600.0,1.0,40.0,8,2900.0,2022-10-08,2023-02-22,1,9600.0
RIQ-06072,Pro,Healthcare,Bengaluru,Direct,Monthly,15,1790.0,21480.0,4.0,47.0,11,13700.0,2023-01-03,,0,0.0
RIQ-06073,Basic,E-commerce,Delhi,Referral,Monthly,12,950.0,11400.0,4.0,65.0,4,2900.0,2022-07-03,,0,0.0
RIQ-06074,Basic,E-commerce,Delhi,Email Campaign,Monthly,1,770.0,9240.0,3.0,65.0,5,3200.0,2023-04-11,,0,0.0
RIQ-06075,Basic,E-commerce,Mumbai,Organic Search,Monthly,12,800.0,9600.0,3.0,29.0,1,2100.0,2022-12-20,2023-12-06,1,9600.0
RIQ-06076,Pro,Edtech,Hyderabad,Direct,Monthly,16,1780.0,21360.0,1.0,75.0,18,11700.0,2022-05-23,,0,0.0
RIQ-06077,Pro,Fintech,Hyderabad,Direct,Annual,1,2490.0,29880.0,0.0,67.0,14,14000.0,2023-11-20,,0,0.0
RIQ-06078,Basic,E-commerce,Pune,Email Campaign,Monthly,1,950.0,11400.0,3.0,21.0,1,4300.0,2022-05-18,2022-07-02,1,11400.0
RIQ-06079,Basic,E-commerce,Mumbai,Organic Search,Monthly,18,900.0,10800.0,2.0,38.0,7,2300.0,2023-02-02,,0,0.0
RIQ-06080,Basic,Fintech,Delhi,Social Media,Annual,4,880.0,10560.0,2.0,51.0,11,3200.0,2023-07-08,,0,0.0
RIQ-06081,Basic,E-commerce,Hyderabad,Email Campaign,Monthly,21,800.0,9600.0,2.0,20.0,13,2800.0,2022-05-11,,0,0.0
RIQ-06082,Basic,Fintech,Bengaluru,Paid Search,Monthly,5,800.0,9600.0,0.0,48.0,5,4000.0,2023-10-09,2024-03-17,1,9600.0
RIQ-06083,Enterprise,Fintech,Mumbai,Email Campaign,Annual,18,6980.0,83760.0,1.0,87.0,16,39600.0,2023-01-23,,0,0.0
RIQ-06084,Pro,Healthcare,Pune,Email Campaign,Annual,10,2180.0,26160.0,1.0,47.0,15,9300.0,2022-02-15,2022-12-02,1,26160.0
RIQ-06085,Basic,Edtech,Delhi,Paid Search,Annual,4,970.0,11640.0,1.0,0.0,9,4200.0,2022-07-31,2022-11-15,1,11640.0
RIQ-06086,Basic,Edtech,Mumbai,Organic Search,Monthly,13,590.0,7080.0,1.0,7.0,1,2500.0,2022-07-27,2023-08-16,1,7080.0
RIQ-06087,Basic,Edtech,Delhi,Referral,Monthly,23,520.0,6240.0,1.0,74.0,14,3000.0,2023-06-18,,0,0.0
RIQ-06088,Pro,E-commerce,Mumbai,Email Campaign,Monthly,11,1810.0,21720.0,2.0,43.0,16,10100.0,2023-02-04,,0,0.0
RIQ-06089,Pro,Edtech,Mumbai,Referral,Monthly,24,2450.0,29400.0,2.0,65.0,15,7400.0,2022-02-27,,0,0.0
RIQ-06090,Basic,E-commerce,Mumbai,Paid Search,Monthly,6,950.0,11400.0,1.0,78.0,5,3000.0,2022-08-22,,0,0.0
RIQ-06091,Pro,Edtech,Delhi,Social Media,Annual,7,1620.0,19440.0,0.0,57.0,11,9700.0,2022-10-06,,0,0.0
RIQ-06092,Pro,Edtech,Hyderabad,Social Media,Monthly,12,2460.0,29520.0,0.0,44.0,14,12000.0,2023-10-01,,0,0.0
RIQ-06093,Pro,Edtech,Hyderabad,Organic Search,Monthly,1,1630.0,19560.0,1.0,39.0,18,6800.0,2022-05-07,,0,0.0
RIQ-06094,Enterprise,Edtech,Bengaluru,Social Media,Annual,24,9390.0,112680.0,3.0,82.0,18,29000.0,2022-10-05,,0,0.0
RIQ-06095,Basic,Fintech,Bengaluru,Email Campaign,Monthly,2,550.0,6600.0,1.0,63.0,5,4100.0,2022-10-11,2022-12-24,1,6600.0
RIQ-06096,Basic,Edtech,Pune,Email Campaign,Annual,36,510.0,6120.0,1.0,37.0,4,4400.0,2023-07-06,2026-07-04,1,6120.0
RIQ-06097,Enterprise,Edtech,Mumbai,Organic Search,Monthly,10,9530.0,114360.0,2.0,70.0,22,55000.0,2022-07-21,,0,0.0
RIQ-06098,Pro,Healthcare,Bengaluru,Organic Search,Monthly,43,1980.0,23760.0,1.0,66.0,18,13900.0,2023-07-12,,0,0.0
RIQ-06099,Pro,Healthcare,Delhi,Social Media,Annual,41,1650.0,19800.0,0.0,52.0,9,10800.0,2022-04-28,,0,0.0
RIQ-06100,Basic,E-commerce,Pune,Organic Search,Monthly,3,610.0,7320.0,1.0,44.0,11,3700.0,2023-09-30,2024-01-13,1,7320.0
RIQ-06101,Pro,Healthcare,Hyderabad,Paid Search,Monthly,20,1580.0,18960.0,2.0,55.0,13,14600.0,2022-04-22,,0,0.0
RIQ-06102,Basic,E-commerce,Bengaluru,Paid Search,Monthly,5,780.0,9360.0,3.0,59.0,10,2900.0,2022-06-04,2022-11-13,1,9360.0
RIQ-06103,Enterprise,Healthcare,Hyderabad,Email Campaign,Annual,3,7310.0,87720.0,0.0,79.0,15,28700.0,2023-09-24,,0,0.0
RIQ-06104,Basic,Fintech,Hyderabad,Referral,Annual,15,670.0,8040.0,2.0,41.0,6,3400.0,2023-06-01,2024-08-24,1,8040.0
RIQ-06105,Enterprise,Fintech,Mumbai,Social Media,Annual,50,6730.0,80760.0,0.0,72.0,22,32000.0,2022-05-11,,0,0.0
RIQ-06106,Basic,Edtech,Mumbai,Direct,Monthly,6,760.0,9120.0,4.0,55.0,5,2400.0,2023-06-30,,0,0.0
RIQ-06107,Basic,Edtech,Chennai,Social Media,Monthly,6,910.0,10920.0,0.0,51.0,9,2900.0,2022-06-02,2022-11-24,1,10920.0
RIQ-06108,Pro,E-commerce,Delhi,Social Media,Monthly,3,1820.0,21840.0,2.0,80.0,19,14100.0,2022-12-01,,0,0.0
RIQ-06109,Basic,Healthcare,Mumbai,Direct,Monthly,13,840.0,10080.0,1.0,41.0,4,3700.0,2022-07-11,,0,0.0
RIQ-06110,Pro,E-commerce,Mumbai,Referral,Monthly,31,1750.0,21000.0,0.0,52.0,10,12600.0,2023-01-10,,0,0.0
RIQ-06111,Basic,Healthcare,Delhi,Organic Search,Monthly,3,980.0,11760.0,3.0,56.0,3,5000.0,2022-06-12,2022-08-26,1,11760.0
RIQ-06112,Basic,Fintech,Pune,Social Media,Monthly,5,690.0,8280.0,3.0,37.0,8,2100.0,2023-01-23,2023-06-29,1,8280.0
RIQ-06113,Pro,E-commerce,Chennai,Social Media,Annual,20,1990.0,23880.0,1.0,81.0,12,13500.0,2022-11-25,,0,0.0
RIQ-06114,Basic,Edtech,Delhi,Social Media,Annual,37,860.0,10320.0,2.0,29.0,5,2200.0,2022-05-13,,0,0.0
RIQ-06115,Basic,Edtech,Pune,Organic Search,Monthly,22,840.0,10080.0,3.0,57.0,9,4200.0,2022-08-09,,0,0.0
RIQ-06116,Pro,E-commerce,Mumbai,Social Media,Monthly,1,1690.0,20280.0,0.0,39.0,15,7200.0,2023-01-16,2023-02-24,1,20280.0
RIQ-06117,Pro,E-commerce,Mumbai,Email Campaign,Annual,27,2160.0,25920.0,1.0,57.0,17,8700.0,2022-02-05,,0,0.0
RIQ-06118,Pro,E-commerce,Bengaluru,Paid Search,Monthly,5,1580.0,18960.0,1.0,100.0,13,11700.0,2022-09-27,,0,0.0
RIQ-06119,Basic,Fintech,Mumbai,Paid Search,Annual,21,900.0,10800.0,1.0,64.0,5,2800.0,2022-03-25,,0,0.0
RIQ-06120,Basic,Fintech,Delhi,Organic Search,Monthly,5,890.0,10680.0,0.0,39.0,8,3100.0,2023-09-04,,0,0.0
RIQ-06121,Basic,Fintech,Mumbai,Social Media,Monthly,12,650.0,7800.0,1.0,44.0,12,2600.0,2022-07-29,,0,0.0
RIQ-06122,Pro,E-commerce,Bengaluru,Paid Search,Annual,1,1980.0,23760.0,0.0,30.0,17,9300.0,2022-05-06,,0,0.0
RIQ-06123,Pro,Healthcare,Hyderabad,Social Media,Monthly,60,1740.0,20880.0,0.0,100.0,22,14400.0,2022-10-11,,0,0.0
RIQ-06124,Basic,E-commerce,Pune,Referral,Annual,3,720.0,8640.0,3.0,47.0,5,3400.0,2023-09-23,,0,0.0
RIQ-06125,Pro,E-commerce,Chennai,Social Media,Annual,12,2250.0,27000.0,3.0,83.0,15,8700.0,2023-10-11,,0,0.0
RIQ-06126,Enterprise,Edtech,Delhi,Organic Search,Annual,29,7480.0,89760.0,0.0,94.0,24,48700.0,2023-07-10,,0,0.0
RIQ-06127,Pro,Edtech,Delhi,Referral,Annual,18,2130.0,25560.0,0.0,37.0,17,6800.0,2023-06-28,,0,0.0
RIQ-06128,Basic,Healthcare,Chennai,Paid Search,Monthly,1,750.0,9000.0,2.0,42.0,5,4100.0,2022-02-24,2022-04-10,1,9000.0
RIQ-06129,Pro,Edtech,Bengaluru,Direct,Annual,39,1610.0,19320.0,1.0,77.0,12,10500.0,2023-08-10,,0,0.0
RIQ-06130,Pro,Fintech,Delhi,Paid Search,Annual,3,1960.0,23520.0,2.0,69.0,13,14100.0,2022-08-13,2022-11-12,1,23520.0
RIQ-06131,Basic,Fintech,Hyderabad,Paid Search,Monthly,2,520.0,6240.0,2.0,58.0,7,2400.0,2022-08-04,2022-09-24,1,6240.0
RIQ-06132,Basic,Edtech,Mumbai,Paid Search,Monthly,7,800.0,9600.0,0.0,58.0,6,2100.0,2022-09-28,2023-04-28,1,9600.0
RIQ-06133,Pro,Edtech,Chennai,Email Campaign,Annual,12,1950.0,23400.0,2.0,78.0,9,12600.0,2022-05-01,,0,0.0
RIQ-06134,Pro,E-commerce,Pune,Direct,Monthly,2,2380.0,28560.0,1.0,90.0,10,9600.0,2023-06-22,,0,0.0
RIQ-06135,Basic,Fintech,Delhi,Referral,Monthly,6,730.0,8760.0,4.0,35.0,12,2800.0,2023-05-24,,0,0.0
RIQ-06136,Basic,E-commerce,Chennai,Organic Search,Monthly,6,690.0,8280.0,3.0,17.0,3,2000.0,2022-12-28,2023-06-23,1,8280.0
RIQ-06137,Pro,E-commerce,Mumbai,Organic Search,Annual,9,2460.0,29520.0,0.0,57.0,15,14900.0,2022-05-23,,0,0.0
RIQ-06138,Pro,E-commerce,Delhi,Paid Search,Monthly,13,1620.0,19440.0,0.0,55.0,13,11800.0,2022-07-05,,0,0.0
RIQ-06139,Pro,E-commerce,Pune,Social Media,Annual,23,2080.0,24960.0,2.0,51.0,15,9700.0,2022-08-06,2024-07-08,1,24960.0
RIQ-06140,Basic,Edtech,Hyderabad,Social Media,Monthly,8,580.0,6960.0,1.0,58.0,3,2800.0,2023-07-23,2024-03-29,1,6960.0
RIQ-06141,Basic,E-commerce,Mumbai,Email Campaign,Monthly,16,850.0,10200.0,1.0,47.0,7,3800.0,2022-08-09,,0,0.0
RIQ-06142,Enterprise,Fintech,Delhi,Organic Search,Annual,37,6500.0,78000.0,0.0,100.0,27,37200.0,2023-01-04,,0,0.0
RIQ-06143,Pro,Fintech,Delhi,Organic Search,Annual,7,1670.0,20040.0,0.0,63.0,19,9600.0,2022-02-07,,0,0.0
RIQ-06144,Basic,E-commerce,Delhi,Organic Search,Monthly,5,520.0,6240.0,2.0,0.0,2,3100.0,2022-10-07,2023-03-08,1,6240.0
RIQ-06145,Basic,Edtech,Bengaluru,Paid Search,Monthly,24,630.0,7560.0,3.0,64.0,5,2600.0,2022-09-28,,0,0.0
RIQ-06146,Pro,Healthcare,Mumbai,Direct,Monthly,54,1780.0,21360.0,0.0,52.0,14,14700.0,2023-07-30,,0,0.0
RIQ-06147,Pro,Edtech,Hyderabad,Email Campaign,Annual,3,2480.0,29760.0,2.0,54.0,8,7400.0,2023-03-20,,0,0.0
RIQ-06148,Basic,Fintech,Chennai,Social Media,Annual,4,560.0,6720.0,1.0,52.0,5,4200.0,2023-02-03,,0,0.0
RIQ-06149,Basic,Fintech,Delhi,Organic Search,Annual,8,740.0,8880.0,4.0,67.0,9,2900.0,2022-01-20,,0,0.0
RIQ-06150,Pro,Edtech,Bengaluru,Referral,Annual,5,2290.0,27480.0,1.0,55.0,10,10800.0,2022-09-16,,0,0.0
RIQ-06151,Pro,Healthcare,Delhi,Organic Search,Annual,2,1910.0,22920.0,1.0,81.0,13,14300.0,2022-12-13,,0,0.0
RIQ-06152,Pro,E-commerce,Bengaluru,Organic Search,Annual,11,2320.0,27840.0,1.0,52.0,16,11200.0,2023-10-03,,0,0.0
RIQ-06153,Basic,E-commerce,Hyderabad,Organic Search,Monthly,14,540.0,6480.0,1.0,71.0,1,3700.0,2022-09-10,2023-11-04,1,6480.0
RIQ-06154,Basic,Fintech,Pune,Organic Search,Annual,3,880.0,10560.0,0.0,42.0,9,2600.0,2023-02-24,,0,0.0
RIQ-06155,Pro,Healthcare,Delhi,Referral,Annual,18,2000.0,24000.0,0.0,82.0,13,9800.0,2023-05-16,,0,0.0
RIQ-06156,Enterprise,Fintech,Delhi,Social Media,Annual,16,7440.0,89280.0,0.0,85.0,27,37000.0,2023-08-05,,0,0.0
RIQ-06157,Enterprise,E-commerce,Bengaluru,Organic Search,Annual,22,6040.0,72480.0,0.0,90.0,20,43800.0,2022-11-13,,0,0.0
RIQ-06158,Basic,Fintech,Delhi,Referral,Monthly,4,790.0,9480.0,1.0,,3,4400.0,2022-08-14,2022-12-21,1,9480.0
RIQ-06159,Basic,Fintech,Delhi,Paid Search,Monthly,2,830.0,9960.0,1.0,29.0,1,3300.0,2022-11-01,2022-12-21,1,9960.0
RIQ-06160,Basic,E-commerce,Hyderabad,Organic Search,Monthly,2,600.0,7200.0,2.0,39.0,13,4000.0,2023-09-14,2023-10-29,1,7200.0
RIQ-06161,Enterprise,Fintech,Delhi,Paid Search,Annual,42,6820.0,81840.0,1.0,73.0,20,29000.0,2022-01-29,,0,0.0
RIQ-06162,Pro,Fintech,Delhi,Referral,Annual,35,1610.0,19320.0,0.0,80.0,17,6000.0,2022-11-12,,0,0.0
RIQ-06163,Basic,E-commerce,Delhi,Direct,Monthly,5,870.0,10440.0,5.0,36.0,5,3500.0,2023-02-27,2023-07-20,1,10440.0
RIQ-06164,Pro,E-commerce,Pune,Social Media,Annual,11,2490.0,29880.0,0.0,59.0,16,6000.0,2023-09-11,,0,0.0
RIQ-06165,Basic,Fintech,Chennai,Referral,Monthly,8,970.0,11640.0,1.0,24.0,5,4800.0,2022-04-10,2022-12-16,1,11640.0
RIQ-06166,Basic,Fintech,Mumbai,Paid Search,Monthly,6,620.0,7440.0,3.0,26.0,3,3800.0,2023-04-17,2023-10-21,1,7440.0
RIQ-06167,Basic,E-commerce,Mumbai,Social Media,Annual,3,900.0,10800.0,2.0,41.0,1,3700.0,2023-09-10,,0,0.0
RIQ-06168,Basic,Edtech,Hyderabad,Organic Search,Monthly,2,740.0,8880.0,2.0,74.0,6,4000.0,2023-06-28,,0,0.0
RIQ-06169,Basic,Fintech,Bengaluru,Email Campaign,Monthly,4,970.0,11640.0,3.0,54.0,9,3400.0,2023-01-26,,0,0.0
RIQ-06170,Basic,Edtech,Delhi,Direct,Annual,1,990.0,11880.0,2.0,51.0,4,4000.0,2023-08-22,,0,0.0
RIQ-06171,Basic,Fintech,Pune,Email Campaign,Monthly,1,880.0,10560.0,3.0,0.0,7,3300.0,2023-04-15,2023-05-05,1,10560.0
RIQ-06172,Basic,Edtech,Mumbai,Social Media,Monthly,6,680.0,8160.0,1.0,48.0,7,3700.0,2023-02-01,2023-08-03,1,8160.0
RIQ-06173,Pro,Edtech,Delhi,Email Campaign,Annual,7,2410.0,28920.0,1.0,46.0,9,6900.0,2023-09-28,,0,0.0
RIQ-06174,Pro,Healthcare,Mumbai,Referral,Annual,23,2140.0,25680.0,1.0,53.0,10,10000.0,2023-01-06,,0,0.0
RIQ-06175,Basic,Healthcare,Chennai,Paid Search,Monthly,17,880.0,10560.0,2.0,57.0,1,3400.0,2023-05-16,,0,0.0
RIQ-06176,Basic,Fintech,Pune,Referral,Monthly,6,650.0,7800.0,1.0,34.0,2,4500.0,2023-09-26,2024-03-12,1,7800.0
RIQ-06177,Pro,Healthcare,Chennai,Organic Search,Monthly,9,2120.0,25440.0,3.0,76.0,14,13700.0,2022-07-07,,0,0.0
RIQ-06178,Basic,E-commerce,Bengaluru,Organic Search,Monthly,3,980.0,11760.0,2.0,59.0,10,3000.0,2023-03-11,2023-06-10,1,11760.0
RIQ-06179,Basic,Edtech,Bengaluru,Referral,Monthly,15,930.0,11160.0,1.0,15.0,5,3300.0,2023-07-18,,0,0.0
RIQ-06180,Basic,Edtech,Bengaluru,Paid Search,Annual,2,760.0,9120.0,0.0,21.0,7,3800.0,2023-11-21,,0,0.0
RIQ-06181,Pro,Edtech,Mumbai,Direct,Annual,55,1880.0,22560.0,0.0,54.0,15,13400.0,2023-05-06,,0,0.0
RIQ-06182,Basic,Edtech,Delhi,Organic Search,Monthly,8,650.0,7800.0,1.0,54.0,4,4800.0,2022-08-06,,0,0.0
RIQ-06183,Basic,E-commerce,Bengaluru,Social Media,Monthly,8,700.0,8400.0,1.0,64.0,9,3500.0,2022-10-06,2023-06-16,1,8400.0
RIQ-06184,Pro,Edtech,Mumbai,Referral,Annual,16,1990.0,23880.0,1.0,75.0,8,14000.0,2023-05-20,,0,0.0
RIQ-06185,Pro,Healthcare,Delhi,Organic Search,Monthly,4,1850.0,22200.0,0.0,57.0,15,8400.0,2023-02-08,2023-06-18,1,22200.0
RIQ-06186,Basic,E-commerce,Delhi,Social Media,Monthly,2,720.0,8640.0,3.0,46.0,5,3200.0,2023-02-01,,0,0.0
RIQ-06187,Basic,E-commerce,Chennai,Referral,Annual,14,630.0,7560.0,1.0,50.0,5,2200.0,2023-03-30,2024-05-31,1,7560.0
RIQ-06188,Basic,Edtech,Pune,Email Campaign,Monthly,2,870.0,10440.0,2.0,11.0,7,3300.0,2022-10-09,2022-12-20,1,10440.0
RIQ-06189,Basic,Healthcare,Mumbai,Paid Search,Annual,6,520.0,6240.0,0.0,64.0,6,2800.0,2023-10-16,2024-04-02,1,6240.0
RIQ-06190,Pro,Fintech,Delhi,Social Media,Monthly,8,1990.0,23880.0,1.0,41.0,12,11000.0,2023-09-07,,0,0.0
RIQ-06191,Basic,Healthcare,Hyderabad,Direct,Monthly,8,910.0,10920.0,5.0,53.0,1,3200.0,2023-06-21,2024-02-20,1,10920.0
RIQ-06192,Enterprise,E-commerce,Hyderabad,Direct,Annual,60,6290.0,75480.0,1.0,63.0,20,34000.0,2022-01-28,,0,0.0
RIQ-06193,Basic,Healthcare,Mumbai,Referral,Monthly,8,780.0,9360.0,2.0,30.0,13,4300.0,2022-02-03,,0,0.0
RIQ-06194,Basic,Fintech,Mumbai,Organic Search,Annual,19,610.0,7320.0,3.0,56.0,4,2600.0,2022-08-10,,0,0.0
RIQ-06195,Basic,Fintech,Bengaluru,Paid Search,Monthly,18,790.0,9480.0,3.0,48.0,8,4200.0,2022-07-11,,0,0.0
RIQ-06196,Basic,E-commerce,Bengaluru,Referral,Annual,20,690.0,8280.0,0.0,59.0,3,2100.0,2023-06-22,,0,0.0
RIQ-06197,Basic,Edtech,Mumbai,Referral,Annual,9,510.0,6120.0,5.0,78.0,7,3400.0,2022-08-15,,0,0.0
RIQ-06198,Basic,E-commerce,Chennai,Referral,Monthly,2,640.0,7680.0,2.0,49.0,1,4200.0,2022-12-27,2023-02-10,1,7680.0
RIQ-06199,Basic,Healthcare,Bengaluru,Paid Search,Annual,5,990.0,11880.0,3.0,42.0,9,4500.0,2022-09-21,,0,0.0
RIQ-06200,Pro,Fintech,Mumbai,Referral,Monthly,13,2240.0,26880.0,0.0,76.0,14,10600.0,2022-05-25,,0,0.0
RIQ-06201,Basic,Healthcare,Chennai,Social Media,Annual,7,720.0,8640.0,1.0,37.0,6,2600.0,2023-08-19,2024-03-14,1,8640.0
RIQ-06202,Basic,Edtech,Pune,Direct,Annual,1,730.0,8760.0,2.0,20.0,2,3300.0,2023-10-26,,0,0.0
RIQ-06203,Basic,E-commerce,Hyderabad,Paid Search,Monthly,6,980.0,11760.0,1.0,63.0,1,3300.0,2023-02-08,2023-08-19,1,11760.0
RIQ-06204,Enterprise,E-commerce,Delhi,Paid Search,Annual,13,9280.0,111360.0,0.0,56.0,20,51400.0,2022-05-20,,0,0.0
RIQ-06205,Basic,E-commerce,Mumbai,Paid Search,Monthly,9,810.0,9720.0,1.0,46.0,8,3000.0,2022-09-28,2023-06-13,1,9720.0
RIQ-06206,Pro,Healthcare,Delhi,Direct,Monthly,3,2450.0,29400.0,0.0,39.0,17,13300.0,2023-08-13,,0,0.0
RIQ-06207,Basic,E-commerce,Delhi,Organic Search,Monthly,21,540.0,6480.0,6.0,71.0,1,3900.0,2022-07-03,,0,0.0
RIQ-06208,Basic,Fintech,Mumbai,Referral,Monthly,11,770.0,9240.0,2.0,38.0,3,3800.0,2023-11-30,2024-11-06,1,9240.0
RIQ-06209,Basic,E-commerce,Bengaluru,Referral,Monthly,1,760.0,9120.0,0.0,55.0,6,4600.0,2023-08-30,,0,0.0
RIQ-06210,Basic,Fintech,Bengaluru,Organic Search,Annual,1,600.0,7200.0,1.0,69.0,1,5000.0,2022-07-21,,0,0.0
RIQ-06211,Enterprise,Fintech,Delhi,Paid Search,Annual,12,5430.0,65160.0,0.0,62.0,21,54500.0,2022-09-15,,0,0.0
RIQ-06212,Basic,E-commerce,Mumbai,Social Media,Annual,1,680.0,8160.0,5.0,63.0,7,3600.0,2023-04-30,,0,0.0
RIQ-06213,Pro,Edtech,Bengaluru,Social Media,Annual,5,2440.0,29280.0,0.0,74.0,15,12900.0,2022-12-19,,0,0.0
RIQ-06214,Basic,Healthcare,Hyderabad,Paid Search,Monthly,14,700.0,8400.0,2.0,56.0,9,4300.0,2022-07-10,,0,0.0
RIQ-06215,Pro,E-commerce,Bengaluru,Paid Search,Annual,20,2030.0,24360.0,1.0,38.0,14,10200.0,2022-12-09,,0,0.0
RIQ-06216,Pro,E-commerce,Hyderabad,Paid Search,Monthly,19,2140.0,25680.0,0.0,84.0,14,7100.0,2023-07-09,,0,0.0
RIQ-06217,Basic,Healthcare,Chennai,Organic Search,Monthly,9,590.0,7080.0,1.0,29.0,7,4800.0,2023-02-13,,0,0.0
RIQ-06218,Basic,Fintech,Pune,Email Campaign,Monthly,7,560.0,6720.0,2.0,47.0,1,2800.0,2023-05-19,2023-12-14,1,6720.0
RIQ-06219,Pro,Healthcare,Chennai,Organic Search,Annual,3,2460.0,29520.0,0.0,51.0,14,14700.0,2023-11-20,2024-02-06,1,29520.0
RIQ-06220,Basic,Healthcare,Chennai,Social Media,Monthly,6,620.0,7440.0,2.0,55.0,12,3500.0,2023-02-26,2023-09-08,1,7440.0
RIQ-06221,Basic,Edtech,Bengaluru,Referral,Annual,19,750.0,9000.0,1.0,56.0,10,3500.0,2022-01-12,,0,0.0
RIQ-06222,Basic,E-commerce,Bengaluru,Paid Search,Monthly,4,900.0,10800.0,0.0,46.0,7,3900.0,2023-02-19,2023-07-01,1,10800.0
RIQ-06223,Pro,Edtech,Mumbai,Paid Search,Annual,7,1930.0,23160.0,1.0,52.0,13,14700.0,2022-02-11,,0,0.0
RIQ-06224,Basic,Edtech,Mumbai,Social Media,Annual,19,880.0,10560.0,1.0,43.0,4,3900.0,2023-11-29,,0,0.0
RIQ-06225,Pro,E-commerce,Hyderabad,Email Campaign,Monthly,27,2010.0,24120.0,2.0,52.0,16,8100.0,2022-07-20,,0,0.0
RIQ-06226,Pro,Fintech,Delhi,Social Media,Annual,5,2270.0,27240.0,0.0,51.0,12,14400.0,2023-04-19,,0,0.0
RIQ-06227,Pro,Fintech,Delhi,Social Media,Monthly,4,1780.0,21360.0,0.0,79.0,5,8600.0,2023-11-26,,0,0.0
RIQ-06228,Basic,Fintech,Bengaluru,Email Campaign,Annual,3,560.0,6720.0,2.0,31.0,8,3500.0,2022-07-09,,0,0.0
RIQ-06229,Pro,Edtech,Mumbai,Organic Search,Monthly,10,2370.0,28440.0,0.0,77.0,10,10600.0,2023-07-22,,0,0.0
RIQ-06230,Basic,Edtech,Delhi,Referral,Monthly,1,890.0,10680.0,0.0,50.0,3,4200.0,2022-09-20,2022-10-12,1,10680.0
RIQ-06231,Enterprise,E-commerce,Mumbai,Social Media,Annual,6,7600.0,91200.0,0.0,100.0,18,30400.0,2023-10-02,,0,0.0
RIQ-06232,Basic,Healthcare,Bengaluru,Referral,Annual,16,630.0,7560.0,3.0,33.0,8,3700.0,2022-02-12,2023-06-09,1,7560.0
RIQ-06233,Pro,Healthcare,Bengaluru,Social Media,Monthly,13,2240.0,26880.0,1.0,62.0,13,15000.0,2022-08-09,,0,0.0
RIQ-06234,Pro,E-commerce,Bengaluru,Paid Search,Annual,10,1530.0,18360.0,0.0,82.0,6,6000.0,2023-10-04,2024-08-12,1,18360.0
RIQ-06235,Pro,Edtech,Hyderabad,Organic Search,Annual,14,1840.0,22080.0,1.0,65.0,15,13000.0,2023-03-10,,0,0.0
RIQ-06236,Pro,E-commerce,Mumbai,Referral,Annual,5,1860.0,22320.0,1.0,46.0,13,11800.0,2022-07-31,,0,0.0
RIQ-06237,Pro,Healthcare,Bengaluru,Referral,Monthly,1,2110.0,25320.0,0.0,52.0,9,9600.0,2023-09-05,,0,0.0
RIQ-06238,Basic,Healthcare,Bengaluru,Paid Search,Monthly,18,510.0,6120.0,4.0,78.0,2,4500.0,2023-09-07,,0,0.0
RIQ-06239,Enterprise,E-commerce,Mumbai,Organic Search,Annual,40,9250.0,111000.0,0.0,64.0,21,59100.0,2023-02-14,,0,0.0
RIQ-06240,Pro,Edtech,Chennai,Social Media,Monthly,32,1530.0,18360.0,1.0,64.0,7,7100.0,2023-09-04,,0,0.0
RIQ-06241,Pro,E-commerce,Hyderabad,Organic Search,Monthly,6,2300.0,27600.0,1.0,100.0,17,12100.0,2022-03-03,,0,0.0
RIQ-06242,Pro,Edtech,Hyderabad,Email Campaign,Monthly,3,1660.0,19920.0,0.0,82.0,16,14800.0,2022-05-01,,0,0.0
RIQ-06243,Pro,Fintech,Bengaluru,Email Campaign,Annual,4,1710.0,20520.0,4.0,65.0,2,6200.0,2023-07-26,2023-12-07,1,20520.0
RIQ-06244,Basic,Healthcare,Mumbai,Paid Search,Monthly,23,540.0,6480.0,1.0,41.0,8,2400.0,2023-06-29,,0,0.0
RIQ-06245,Pro,E-commerce,Delhi,Social Media,Monthly,10,2350.0,28200.0,0.0,70.0,13,6500.0,2023-06-14,2024-03-29,1,28200.0
RIQ-06246,Basic,Fintech,Mumbai,Social Media,Monthly,16,560.0,6720.0,0.0,20.0,1,2700.0,2022-02-03,2023-06-01,1,6720.0
RIQ-06247,Basic,Fintech,Pune,Social Media,Monthly,18,670.0,8040.0,2.0,49.0,5,2900.0,2023-06-28,,0,0.0
RIQ-06248,Enterprise,Edtech,Bengaluru,Social Media,Annual,42,6790.0,81480.0,0.0,57.0,19,43500.0,2023-05-13,,0,0.0
RIQ-06249,Pro,Edtech,Hyderabad,Email Campaign,Annual,7,2020.0,24240.0,0.0,77.0,16,12500.0,2022-06-03,,0,0.0
RIQ-06250,Pro,E-commerce,Bengaluru,Social Media,Annual,38,1830.0,21960.0,1.0,83.0,16,9400.0,2023-06-23,,0,0.0
RIQ-06251,Basic,Edtech,Hyderabad,Organic Search,Monthly,7,580.0,6960.0,0.0,20.0,1,4000.0,2022-05-29,2023-01-06,1,6960.0
RIQ-06252,Basic,E-commerce,Hyderabad,Direct,Monthly,8,720.0,8640.0,7.0,43.0,8,4600.0,2022-10-09,,0,0.0
RIQ-06253,Basic,Fintech,Mumbai,Direct,Monthly,9,550.0,6600.0,0.0,45.0,7,2600.0,2022-12-18,,0,0.0
RIQ-06254,Enterprise,Fintech,Hyderabad,Organic Search,Annual,11,8430.0,101160.0,1.0,83.0,13,23200.0,2023-06-25,,0,0.0
RIQ-06255,Basic,Fintech,Hyderabad,Email Campaign,Monthly,5,950.0,11400.0,2.0,39.0,4,2700.0,2023-08-29,2024-01-12,1,11400.0
RIQ-06256,Pro,Edtech,Bengaluru,Organic Search,Annual,60,1920.0,23040.0,2.0,68.0,21,8700.0,2023-09-28,,0,0.0
RIQ-06257,Basic,Edtech,Mumbai,Direct,Monthly,14,730.0,8760.0,1.0,75.0,6,4000.0,2022-04-16,,0,0.0
RIQ-06258,Pro,Healthcare,Mumbai,Referral,Annual,48,2260.0,27120.0,1.0,76.0,12,11300.0,2023-06-09,,0,0.0
RIQ-06259,Basic,Healthcare,Delhi,Social Media,Monthly,15,860.0,10320.0,0.0,36.0,12,4200.0,2022-11-30,,0,0.0
RIQ-06260,Basic,E-commerce,Mumbai,Social Media,Monthly,3,630.0,7560.0,4.0,42.0,3,2900.0,2023-02-21,2023-05-29,1,7560.0
RIQ-06261,Basic,E-commerce,Mumbai,Paid Search,Annual,9,720.0,8640.0,1.0,49.0,1,3800.0,2023-02-27,,0,0.0
RIQ-06262,Pro,Fintech,Mumbai,Direct,Annual,2,2100.0,25200.0,2.0,66.0,9,9000.0,2022-08-04,,0,0.0
RIQ-06263,Pro,Edtech,Bengaluru,Email Campaign,Annual,25,2360.0,28320.0,0.0,68.0,14,12000.0,2023-06-04,2025-07-02,1,28320.0
RIQ-06264,Basic,Edtech,Hyderabad,Social Media,Monthly,1,890.0,10680.0,2.0,65.0,8,4300.0,2022-11-04,2022-12-03,1,10680.0
RIQ-06265,Enterprise,Fintech,Delhi,Direct,Annual,60,7460.0,89520.0,0.0,65.0,20,31400.0,2023-01-17,,0,0.0
RIQ-06266,Pro,Healthcare,Mumbai,Social Media,Annual,13,2210.0,26520.0,1.0,100.0,17,10000.0,2022-05-10,,0,0.0
RIQ-06267,Pro,E-commerce,Chennai,Referral,Annual,27,2240.0,26880.0,0.0,67.0,16,10200.0,2022-09-12,,0,0.0
RIQ-06268,Pro,E-commerce,Mumbai,Paid Search,Monthly,1,1990.0,23880.0,0.0,75.0,16,14000.0,2022-10-19,,0,0.0
RIQ-06269,Basic,Healthcare,Mumbai,Organic Search,Monthly,15,640.0,7680.0,2.0,6.0,12,4100.0,2022-11-14,2024-02-10,1,7680.0
RIQ-06270,Enterprise,E-commerce,Bengaluru,Social Media,Annual,36,9610.0,115320.0,1.0,100.0,19,47100.0,2022-04-19,,0,0.0
RIQ-06271,Pro,Fintech,Hyderabad,Social Media,Annual,4,1840.0,22080.0,1.0,80.0,12,10400.0,2023-03-08,,0,0.0
RIQ-06272,Pro,Healthcare,Mumbai,Organic Search,Annual,10,1860.0,22320.0,0.0,60.0,22,6300.0,2022-08-15,,0,0.0
RIQ-06273,Basic,E-commerce,Delhi,Referral,Annual,4,720.0,8640.0,3.0,26.0,1,3900.0,2023-04-03,2023-07-25,1,8640.0
RIQ-06274,Pro,E-commerce,Mumbai,Paid Search,Annual,17,1620.0,19440.0,3.0,73.0,13,14900.0,2022-06-08,,0,0.0
RIQ-06275,Pro,E-commerce,Delhi,Email Campaign,Monthly,10,2180.0,26160.0,0.0,57.0,13,13200.0,2023-02-11,,0,0.0
RIQ-06276,Pro,Fintech,Delhi,Paid Search,Monthly,1,2320.0,27840.0,1.0,79.0,11,7800.0,2022-04-26,,0,0.0
RIQ-06277,Enterprise,Healthcare,Mumbai,Paid Search,Monthly,39,9530.0,114360.0,2.0,74.0,17,31300.0,2023-10-15,,0,0.0
RIQ-06278,Pro,Edtech,Mumbai,Organic Search,Monthly,1,1860.0,22320.0,0.0,65.0,15,8600.0,2023-07-24,,0,0.0
RIQ-06279,Basic,Fintech,Mumbai,Organic Search,Monthly,1,980.0,11760.0,1.0,33.0,8,3300.0,2023-01-08,2023-02-21,1,11760.0
RIQ-06280,Pro,E-commerce,Mumbai,Direct,Monthly,16,2490.0,29880.0,1.0,65.0,7,9400.0,2023-11-11,,0,0.0
RIQ-06281,Pro,Fintech,Bengaluru,Social Media,Annual,15,2160.0,25920.0,1.0,71.0,21,6500.0,2023-03-01,,0,0.0
RIQ-06282,Basic,E-commerce,Hyderabad,Direct,Monthly,6,810.0,9720.0,4.0,49.0,7,2900.0,2022-01-08,,0,0.0
RIQ-06283,Basic,Fintech,Hyderabad,Paid Search,Annual,13,510.0,6120.0,0.0,47.0,1,4200.0,2023-03-04,2024-04-06,1,6120.0
RIQ-06284,Pro,Fintech,Hyderabad,Referral,Monthly,46,1590.0,19080.0,2.0,57.0,20,11000.0,2022-12-04,,0,0.0
RIQ-06285,Pro,Edtech,Bengaluru,Referral,Annual,25,1590.0,19080.0,1.0,54.0,19,8100.0,2023-08-16,,0,0.0
RIQ-06286,Pro,E-commerce,Delhi,Email Campaign,Annual,1,1880.0,22560.0,1.0,66.0,19,11500.0,2022-02-17,,0,0.0
RIQ-06287,Pro,Fintech,Bengaluru,Paid Search,Monthly,30,2370.0,28440.0,3.0,74.0,12,6300.0,2023-11-16,,0,0.0
RIQ-06288,Basic,E-commerce,Pune,Paid Search,Monthly,1,980.0,11760.0,2.0,42.0,1,3600.0,2023-06-15,2023-07-16,1,11760.0
RIQ-06289,Enterprise,Fintech,Mumbai,Referral,Annual,18,5440.0,65280.0,1.0,87.0,19,27900.0,2023-01-13,,0,0.0
RIQ-06290,Basic,Healthcare,Delhi,Organic Search,Monthly,14,540.0,6480.0,1.0,41.0,11,3100.0,2022-04-21,,0,0.0
RIQ-06291,Basic,E-commerce,Chennai,Paid Search,Annual,42,700.0,8400.0,0.0,78.0,5,2100.0,2022-02-19,,0,0.0
RIQ-06292,Basic,E-commerce,Delhi,Organic Search,Monthly,9,870.0,10440.0,4.0,61.0,8,4800.0,2022-08-11,,0,0.0
RIQ-06293,Enterprise,Healthcare,Pune,Organic Search,Annual,31,5210.0,62520.0,1.0,95.0,25,41700.0,2022-01-03,,0,0.0
RIQ-06294,Pro,Healthcare,Pune,Paid Search,Annual,1,2140.0,25680.0,0.0,73.0,24,11900.0,2023-06-16,,0,0.0
RIQ-06295,Basic,Healthcare,Mumbai,Email Campaign,Monthly,16,780.0,9360.0,2.0,32.0,8,2600.0,2023-09-22,,0,0.0
RIQ-06296,Pro,Edtech,Hyderabad,Email Campaign,Annual,20,1950.0,23400.0,0.0,64.0,17,9700.0,2022-04-12,,0,0.0
RIQ-06297,Basic,Fintech,Bengaluru,Email Campaign,Monthly,12,700.0,8400.0,1.0,40.0,7,4500.0,2022-10-07,2023-10-15,1,8400.0
RIQ-06298,Basic,E-commerce,Mumbai,Referral,Monthly,13,620.0,7440.0,0.0,25.0,6,2300.0,2023-06-09,2024-07-10,1,7440.0
RIQ-06299,Basic,Healthcare,Chennai,Social Media,Monthly,2,700.0,8400.0,3.0,63.0,11,2800.0,2022-10-27,2022-12-26,1,8400.0
RIQ-06300,Pro,E-commerce,Mumbai,Direct,Annual,23,1770.0,21240.0,0.0,86.0,4,11800.0,2022-01-31,,0,0.0
RIQ-06301,Basic,E-commerce,Chennai,Email Campaign,Monthly,7,840.0,10080.0,1.0,74.0,9,3500.0,2022-06-20,2023-01-25,1,10080.0
RIQ-06302,Pro,Healthcare,Mumbai,Email Campaign,Annual,28,1940.0,23280.0,0.0,52.0,15,6800.0,2023-10-29,,0,0.0
RIQ-06303,Pro,Edtech,Bengaluru,Direct,Monthly,44,1970.0,23640.0,0.0,39.0,13,11100.0,2022-11-06,,0,0.0
RIQ-06304,Basic,E-commerce,Hyderabad,Referral,Monthly,19,760.0,9120.0,3.0,70.0,8,2300.0,2023-11-11,,0,0.0
RIQ-06305,Pro,Edtech,Bengaluru,Direct,Monthly,1,2310.0,27720.0,2.0,51.0,9,11100.0,2022-08-11,,0,0.0
RIQ-06306,Pro,Healthcare,Mumbai,Social Media,Monthly,25,1750.0,21000.0,1.0,66.0,9,9900.0,2022-12-01,,0,0.0
RIQ-06307,Basic,Fintech,Hyderabad,Organic Search,Annual,1,570.0,6840.0,1.0,57.0,1,2000.0,2023-09-22,2023-10-15,1,6840.0
RIQ-06308,Basic,Edtech,Mumbai,Direct,Monthly,3,900.0,10800.0,0.0,73.0,15,4500.0,2022-01-12,,0,0.0
RIQ-06309,Basic,Edtech,Delhi,Referral,Annual,8,630.0,7560.0,2.0,53.0,11,3200.0,2023-08-27,,0,0.0
RIQ-06310,Enterprise,E-commerce,Bengaluru,Email Campaign,Annual,57,7600.0,91200.0,0.0,65.0,21,53600.0,2022-05-05,,0,0.0
RIQ-06311,Basic,Healthcare,Chennai,Paid Search,Monthly,3,790.0,9480.0,2.0,32.0,2,4000.0,2022-05-30,2022-08-20,1,9480.0
RIQ-06312,Enterprise,E-commerce,Hyderabad,Email Campaign,Monthly,36,8230.0,98760.0,0.0,90.0,21,27400.0,2022-09-30,,0,0.0
RIQ-06313,Basic,E-commerce,Pune,Email Campaign,Monthly,1,530.0,6360.0,2.0,51.0,6,2700.0,2023-04-24,2023-05-15,1,6360.0
RIQ-06314,Basic,Fintech,Hyderabad,Paid Search,Monthly,1,530.0,6360.0,1.0,57.0,3,4000.0,2023-02-01,,0,0.0
RIQ-06315,Basic,E-commerce,Mumbai,Referral,Monthly,3,740.0,8880.0,4.0,43.0,3,4600.0,2022-11-05,2023-02-10,1,8880.0
RIQ-06316,Pro,Fintech,Bengaluru,Social Media,Annual,10,2000.0,24000.0,1.0,86.0,14,9000.0,2022-02-22,2023-01-02,1,24000.0
RIQ-06317,Basic,Fintech,Chennai,Email Campaign,Monthly,14,840.0,10080.0,2.0,62.0,1,4300.0,2022-11-30,2024-01-30,1,10080.0
RIQ-06318,Basic,E-commerce,Hyderabad,Organic Search,Monthly,26,830.0,9960.0,4.0,66.0,9,4500.0,2023-01-16,,0,0.0
RIQ-06319,Basic,Edtech,Mumbai,Referral,Monthly,21,840.0,10080.0,3.0,57.0,8,3100.0,2022-02-25,2023-11-30,1,10080.0
RIQ-06320,Basic,Fintech,Delhi,Organic Search,Annual,2,960.0,11520.0,3.0,48.0,10,3400.0,2023-10-15,2023-12-22,1,11520.0
RIQ-06321,Pro,E-commerce,Hyderabad,Social Media,Annual,5,2440.0,29280.0,2.0,64.0,8,9700.0,2022-09-28,,0,0.0
RIQ-06322,Basic,E-commerce,Mumbai,Organic Search,Monthly,19,730.0,8760.0,0.0,82.0,9,3200.0,2023-01-12,,0,0.0
RIQ-06323,Enterprise,Edtech,Bengaluru,Referral,Monthly,38,5960.0,71520.0,1.0,81.0,23,22500.0,2022-09-15,,0,0.0
RIQ-06324,Pro,Edtech,Chennai,Paid Search,Monthly,15,1650.0,19800.0,1.0,70.0,22,8300.0,2023-06-07,,0,0.0
RIQ-06325,Basic,E-commerce,Hyderabad,Social Media,Annual,7,930.0,11160.0,2.0,14.0,8,2200.0,2022-05-21,,0,0.0
RIQ-06326,Basic,Edtech,Bengaluru,Paid Search,Monthly,14,550.0,6600.0,1.0,45.0,9,4000.0,2023-06-25,2024-08-14,1,6600.0
RIQ-06327,Basic,E-commerce,Chennai,Organic Search,Annual,6,700.0,8400.0,0.0,45.0,6,2300.0,2023-10-05,,0,0.0
RIQ-06328,Pro,Edtech,Bengaluru,Social Media,Monthly,1,2050.0,24600.0,1.0,72.0,14,11600.0,2022-02-20,,0,0.0
RIQ-06329,Basic,Fintech,Pune,Referral,Monthly,1,960.0,11520.0,2.0,33.0,1,3700.0,2022-07-10,2022-08-16,1,11520.0
RIQ-06330,Pro,Fintech,Delhi,Referral,Monthly,5,1920.0,23040.0,1.0,64.0,18,10400.0,2022-07-29,,0,0.0
RIQ-06331,Pro,E-commerce,Mumbai,Organic Search,Annual,30,2220.0,26640.0,0.0,100.0,14,7800.0,2022-10-13,,0,0.0
RIQ-06332,Basic,Edtech,Mumbai,Referral,Monthly,7,700.0,8400.0,1.0,58.0,11,4900.0,2023-06-02,2024-01-02,1,8400.0
RIQ-06333,Pro,Fintech,Bengaluru,Paid Search,Annual,4,1540.0,18480.0,0.0,65.0,15,6700.0,2022-06-04,,0,0.0
RIQ-06334,Basic,Edtech,Mumbai,Referral,Monthly,5,730.0,8760.0,1.0,41.0,13,4300.0,2023-11-02,,0,0.0
RIQ-06335,Pro,E-commerce,Delhi,Referral,Monthly,1,2270.0,27240.0,2.0,69.0,16,6200.0,2023-01-06,,0,0.0
RIQ-06336,Basic,Edtech,Chennai,Organic Search,Monthly,17,740.0,8880.0,4.0,72.0,12,3100.0,2022-07-04,,0,0.0
RIQ-06337,Basic,Fintech,Pune,Social Media,Monthly,12,560.0,6720.0,1.0,50.0,4,2600.0,2022-10-24,,0,0.0
RIQ-06338,Enterprise,Edtech,Delhi,Referral,Annual,27,5970.0,71640.0,0.0,85.0,17,39400.0,2022-11-16,,0,0.0
RIQ-06339,Pro,Healthcare,Mumbai,Social Media,Annual,31,2230.0,26760.0,1.0,51.0,19,6400.0,2023-01-11,,0,0.0
RIQ-06340,Pro,Edtech,Chennai,Social Media,Annual,19,2090.0,25080.0,0.0,69.0,16,7300.0,2022-06-06,2024-01-10,1,25080.0
RIQ-06341,Pro,Edtech,Hyderabad,Social Media,Monthly,18,2090.0,25080.0,4.0,66.0,22,14400.0,2022-10-22,,0,0.0
RIQ-06342,Basic,E-commerce,Bengaluru,Referral,Monthly,9,550.0,6600.0,5.0,48.0,3,2700.0,2023-04-03,,0,0.0
RIQ-06343,Pro,Fintech,Delhi,Referral,Monthly,13,1740.0,20880.0,0.0,65.0,19,8500.0,2023-09-17,,0,0.0
RIQ-06344,Basic,Edtech,Mumbai,Paid Search,Monthly,10,590.0,7080.0,2.0,24.0,1,3100.0,2023-03-12,2024-01-04,1,7080.0
RIQ-06345,Pro,Edtech,Bengaluru,Email Campaign,Annual,14,1700.0,20400.0,1.0,81.0,13,14700.0,2022-03-30,,0,0.0
RIQ-06346,Basic,Healthcare,Mumbai,Paid Search,Annual,2,510.0,6120.0,2.0,57.0,10,3400.0,2022-05-30,2022-07-22,1,6120.0
RIQ-06347,Pro,Edtech,Mumbai,Organic Search,Monthly,12,1960.0,23520.0,1.0,71.0,17,8200.0,2022-05-23,2023-05-31,1,23520.0
RIQ-06348,Basic,Fintech,Bengaluru,Paid Search,Monthly,1,740.0,8880.0,2.0,23.0,7,3400.0,2022-02-28,2022-03-19,1,8880.0
RIQ-06349,Pro,E-commerce,Bengaluru,Social Media,Annual,9,2390.0,28680.0,1.0,62.0,14,13600.0,2022-12-31,,0,0.0
RIQ-06350,Basic,E-commerce,Bengaluru,Direct,Monthly,1,960.0,11520.0,3.0,31.0,3,2100.0,2023-07-18,2023-08-17,1,11520.0
RIQ-06351,Basic,Healthcare,Chennai,Paid Search,Monthly,1,980.0,11760.0,5.0,56.0,14,2200.0,2022-03-14,2022-04-03,1,11760.0
RIQ-06352,Basic,Edtech,Pune,Social Media,Annual,1,730.0,8760.0,1.0,30.0,3,4400.0,2023-09-06,2023-09-27,1,8760.0
RIQ-06353,Basic,Edtech,Delhi,Paid Search,Monthly,7,900.0,10800.0,3.0,0.0,13,2700.0,2023-08-12,2024-03-19,1,10800.0
RIQ-06354,Pro,Edtech,Delhi,Direct,Monthly,15,2130.0,25560.0,5.0,50.0,11,8500.0,2023-01-15,,0,0.0
RIQ-06355,Pro,Edtech,Hyderabad,Direct,Monthly,2,1820.0,21840.0,0.0,56.0,15,9800.0,2022-03-25,,0,0.0
RIQ-06356,Basic,Fintech,Hyderabad,Organic Search,Monthly,8,530.0,6360.0,1.0,75.0,9,3700.0,2023-03-29,,0,0.0
RIQ-06357,Pro,Healthcare,Hyderabad,Paid Search,Annual,23,2210.0,26520.0,0.0,69.0,12,7600.0,2022-08-21,2024-06-27,1,26520.0
RIQ-06358,Basic,Fintech,Chennai,Social Media,Monthly,14,710.0,8520.0,5.0,61.0,14,3000.0,2023-06-26,2024-08-29,1,8520.0
RIQ-06359,Basic,Fintech,Delhi,Organic Search,Monthly,16,550.0,6600.0,1.0,60.0,11,4200.0,2022-01-26,2023-05-10,1,6600.0
RIQ-06360,Basic,E-commerce,Delhi,Social Media,Annual,2,830.0,9960.0,4.0,62.0,5,4100.0,2022-03-08,2022-05-02,1,9960.0
RIQ-06361,Enterprise,Fintech,Delhi,Organic Search,Annual,14,6580.0,78960.0,1.0,83.0,19,35700.0,2022-02-21,,0,0.0
RIQ-06362,Pro,Fintech,Bengaluru,Paid Search,Annual,18,1860.0,22320.0,3.0,65.0,18,9700.0,2022-09-11,,0,0.0
RIQ-06363,Pro,Healthcare,Delhi,Direct,Monthly,8,1510.0,18120.0,1.0,77.0,9,9300.0,2023-05-09,,0,0.0
RIQ-06364,Pro,E-commerce,Mumbai,Direct,Annual,28,1960.0,23520.0,2.0,26.0,16,13400.0,2022-02-24,,0,0.0
RIQ-06365,Basic,E-commerce,Bengaluru,Social Media,Monthly,4,560.0,6720.0,1.0,36.0,10,3400.0,2022-09-27,2023-01-17,1,6720.0
RIQ-06366,Enterprise,Healthcare,Mumbai,Organic Search,Monthly,32,5730.0,68760.0,0.0,70.0,23,30800.0,2023-04-19,,0,0.0
RIQ-06367,Basic,Edtech,Hyderabad,Social Media,Annual,17,530.0,6360.0,2.0,45.0,3,3000.0,2022-07-08,,0,0.0
RIQ-06368,Basic,Fintech,Bengaluru,Social Media,Monthly,11,770.0,9240.0,1.0,23.0,4,4400.0,2023-11-28,2024-11-03,1,9240.0
RIQ-06369,Basic,E-commerce,Mumbai,Paid Search,Annual,8,810.0,9720.0,2.0,67.0,10,3400.0,2023-08-02,2024-04-06,1,9720.0
RIQ-06370,Basic,Healthcare,Pune,Paid Search,Monthly,18,770.0,9240.0,2.0,78.0,5,2300.0,2023-01-25,2024-07-19,1,9240.0
RIQ-06371,Basic,Healthcare,Mumbai,Referral,Monthly,12,520.0,6240.0,4.0,46.0,1,3500.0,2023-09-11,2024-08-24,1,6240.0
RIQ-06372,Pro,Edtech,Bengaluru,Email Campaign,Monthly,17,2270.0,27240.0,0.0,23.0,16,12300.0,2022-09-02,,0,0.0
RIQ-06373,Basic,Fintech,Bengaluru,Organic Search,Monthly,4,840.0,10080.0,1.0,36.0,10,4700.0,2023-01-07,,0,0.0
RIQ-06374,Basic,E-commerce,Pune,Social Media,Monthly,7,800.0,9600.0,3.0,47.0,9,2700.0,2023-07-16,2024-02-02,1,9600.0
RIQ-06375,Basic,E-commerce,Mumbai,Paid Search,Annual,7,600.0,7200.0,3.0,57.0,5,3900.0,2023-01-20,2023-08-12,1,7200.0
RIQ-06376,Basic,Edtech,Delhi,Social Media,Monthly,6,910.0,10920.0,2.0,23.0,7,3200.0,2022-11-04,2023-04-19,1,10920.0
RIQ-06377,Basic,Fintech,Hyderabad,Paid Search,Monthly,5,650.0,7800.0,1.0,12.0,10,2400.0,2022-12-30,2023-06-09,1,7800.0
RIQ-06378,Pro,E-commerce,Chennai,Organic Search,Annual,5,2430.0,29160.0,2.0,28.0,15,10500.0,2023-01-13,2023-06-11,1,29160.0
RIQ-06379,Enterprise,Edtech,Hyderabad,Referral,Annual,6,6910.0,82920.0,1.0,76.0,16,27200.0,2023-01-13,,0,0.0
RIQ-06380,Enterprise,Edtech,Pune,Social Media,Annual,7,5060.0,60720.0,1.0,91.0,24,25900.0,2023-07-05,,0,0.0
RIQ-06381,Basic,Edtech,Hyderabad,Email Campaign,Annual,2,970.0,11640.0,2.0,35.0,3,2300.0,2022-07-06,2022-09-03,1,11640.0
RIQ-06382,Basic,Healthcare,Delhi,Paid Search,Monthly,3,510.0,6120.0,3.0,69.0,5,4500.0,2022-05-12,2022-08-24,1,6120.0
RIQ-06383,Basic,E-commerce,Hyderabad,Social Media,Monthly,5,910.0,10920.0,2.0,61.0,5,3700.0,2022-03-08,2022-07-24,1,10920.0
RIQ-06384,Basic,Edtech,Bengaluru,Paid Search,Monthly,2,870.0,10440.0,1.0,54.0,2,4700.0,2022-01-28,2022-04-02,1,10440.0
RIQ-06385,Pro,Healthcare,Pune,Referral,Monthly,3,1500.0,18000.0,0.0,79.0,9,8500.0,2023-10-27,,0,0.0
RIQ-06386,Pro,Healthcare,Pune,Organic Search,Annual,39,2310.0,27720.0,2.0,78.0,19,6400.0,2022-03-10,,0,0.0
RIQ-06387,Basic,Fintech,Mumbai,Social Media,Monthly,1,1000.0,12000.0,2.0,31.0,4,3200.0,2023-05-27,2023-07-03,1,12000.0
RIQ-06388,Pro,Healthcare,Chennai,Organic Search,Monthly,13,2430.0,29160.0,3.0,54.0,13,10700.0,2023-11-16,,0,0.0
RIQ-06389,Basic,Fintech,Delhi,Email Campaign,Monthly,19,740.0,8880.0,2.0,55.0,6,4400.0,2023-05-23,,0,0.0
RIQ-06390,Pro,Fintech,Bengaluru,Social Media,Annual,22,1960.0,23520.0,1.0,69.0,16,13900.0,2023-01-30,,0,0.0
RIQ-06391,Pro,Healthcare,Pune,Organic Search,Monthly,25,2060.0,24720.0,1.0,38.0,10,13000.0,2023-03-14,,0,0.0
RIQ-06392,Basic,Healthcare,Pune,Organic Search,Monthly,7,700.0,8400.0,4.0,49.0,10,2100.0,2023-03-21,,0,0.0
RIQ-06393,Pro,Fintech,Pune,Direct,Annual,34,1820.0,21840.0,0.0,69.0,16,12300.0,2023-09-01,,0,0.0
RIQ-06394,Pro,E-commerce,Chennai,Organic Search,Monthly,32,1610.0,19320.0,1.0,60.0,20,7300.0,2023-08-31,,0,0.0
RIQ-06395,Basic,Healthcare,Hyderabad,Organic Search,Monthly,3,910.0,10920.0,1.0,58.0,7,3100.0,2022-05-04,2022-07-24,1,10920.0
RIQ-06396,Basic,Edtech,Bengaluru,Referral,Monthly,6,920.0,11040.0,1.0,65.0,3,4400.0,2023-11-10,2024-05-07,1,11040.0
RIQ-06397,Pro,Edtech,Pune,Email Campaign,Monthly,23,2110.0,25320.0,3.0,77.0,11,10500.0,2022-12-27,,0,0.0
RIQ-06398,Basic,Fintech,Delhi,Paid Search,Monthly,10,730.0,8760.0,3.0,44.0,6,4600.0,2022-09-30,,0,0.0
RIQ-06399,Basic,Edtech,Delhi,Social Media,Monthly,16,740.0,8880.0,5.0,18.0,7,2400.0,2023-01-07,2024-05-03,1,8880.0
RIQ-06400,Basic,E-commerce,Bengaluru,Organic Search,Monthly,8,860.0,10320.0,2.0,49.0,7,3300.0,2022-09-26,2023-05-25,1,10320.0
RIQ-06401,pro,Fintech,Mumbai,Organic Search,Annual,19,2110.0,25320.0,1.0,41.0,12,11500.0,2023-01-18,,0,0.0
RIQ-06402,Basic,E-commerce,Hyderabad,Social Media,Monthly,1,840.0,10080.0,3.0,100.0,6,3700.0,2022-12-08,2023-01-12,1,10080.0
RIQ-06403,Basic,E-commerce,Hyderabad,Email Campaign,Monthly,15,690.0,8280.0,0.0,50.0,5,3800.0,2023-08-16,,0,0.0
RIQ-06404,Basic,Healthcare,Hyderabad,Referral,Monthly,31,570.0,6840.0,2.0,22.0,4,4500.0,2022-02-06,,0,0.0
RIQ-06405,Basic,Healthcare,Mumbai,Organic Search,Monthly,7,690.0,8280.0,2.0,51.0,7,3900.0,2022-09-18,2023-04-14,1,8280.0
RIQ-06406,Basic,Fintech,Chennai,Paid Search,Monthly,8,740.0,8880.0,2.0,42.0,2,3700.0,2023-08-15,2024-03-29,1,8880.0
RIQ-06407,Enterprise,Fintech,Hyderabad,Referral,Annual,5,6050.0,72600.0,0.0,97.0,24,23100.0,2022-09-02,,0,0.0
RIQ-06408,Pro,E-commerce,Hyderabad,Social Media,Monthly,18,2260.0,27120.0,0.0,52.0,16,6400.0,2023-05-05,,0,0.0
RIQ-06409,Basic,E-commerce,Mumbai,Social Media,Annual,7,760.0,9120.0,2.0,71.0,3,4200.0,2023-06-12,2024-01-18,1,9120.0
RIQ-06410,Pro,Fintech,Mumbai,Referral,Monthly,5,1730.0,20760.0,2.0,45.0,13,12200.0,2022-12-06,,0,0.0
RIQ-06411,Pro,Edtech,Bengaluru,Social Media,Monthly,21,2100.0,25200.0,1.0,57.0,9,14600.0,2022-10-11,,0,0.0
RIQ-06412,Enterprise,Edtech,Mumbai,Paid Search,Annual,60,7520.0,90240.0,0.0,54.0,23,43600.0,2022-04-27,,0,0.0
RIQ-06413,pro,Fintech,Delhi,Referral,Monthly,11,2160.0,25920.0,3.0,63.0,15,9300.0,2022-07-21,,0,0.0
RIQ-06414,Pro,E-commerce,Hyderabad,Direct,Monthly,5,2070.0,24840.0,1.0,69.0,19,11200.0,2022-06-19,2022-11-26,1,24840.0
RIQ-06415,Enterprise,Edtech,Pune,Social Media,Monthly,53,8220.0,98640.0,0.0,62.0,17,20300.0,2023-06-07,,0,0.0
RIQ-06416,Basic,E-commerce,Bengaluru,Organic Search,Annual,17,620.0,7440.0,3.0,22.0,2,2800.0,2023-10-29,,0,0.0
RIQ-06417,Basic,E-commerce,Chennai,Email Campaign,Monthly,3,690.0,8280.0,2.0,26.0,6,2200.0,2023-10-22,2024-01-25,1,8280.0
RIQ-06418,Pro,E-commerce,Hyderabad,Referral,Monthly,14,2160.0,25920.0,1.0,73.0,18,11100.0,2023-05-10,,0,0.0
RIQ-06419,Pro,E-commerce,Hyderabad,Email Campaign,Annual,5,1700.0,20400.0,1.0,52.0,17,7900.0,2022-05-09,,0,0.0
RIQ-06420,Basic,E-commerce,Pune,Email Campaign,Monthly,11,600.0,7200.0,0.0,33.0,10,3500.0,2022-09-11,,0,0.0
RIQ-06421,Basic,E-commerce,Pune,Organic Search,Monthly,20,660.0,7920.0,3.0,58.0,12,4600.0,2022-12-27,2024-08-04,1,7920.0
RIQ-06422,Pro,E-commerce,Bengaluru,Organic Search,Monthly,59,1660.0,19920.0,0.0,50.0,17,6300.0,2023-09-26,,0,0.0
RIQ-06423,Pro,Fintech,Pune,Organic Search,Annual,50,1880.0,22560.0,0.0,46.0,16,9200.0,2023-01-18,,0,0.0
RIQ-06424,Pro,Edtech,Pune,Email Campaign,Annual,22,2380.0,28560.0,3.0,100.0,13,11200.0,2022-09-20,,0,0.0
RIQ-06425,Enterprise,Edtech,Delhi,Organic Search,Annual,21,6890.0,82680.0,0.0,91.0,24,41500.0,2023-04-17,,0,0.0
RIQ-06426,Basic,Fintech,Bengaluru,Email Campaign,Monthly,18,660.0,7920.0,1.0,39.0,2,4300.0,2023-02-14,2024-08-10,1,7920.0
RIQ-06427,Basic,E-commerce,Delhi,Referral,Monthly,34,820.0,9840.0,1.0,23.0,3,4400.0,2022-10-07,2025-07-16,1,9840.0
RIQ-06428,Enterprise,Fintech,Delhi,Paid Search,Monthly,25,5080.0,60960.0,1.0,51.0,18,43700.0,2022-05-30,,0,0.0
RIQ-06429,Basic,Fintech,Delhi,Direct,Annual,8,630.0,7560.0,4.0,33.0,4,3000.0,2022-07-17,,0,0.0
RIQ-06430,Enterprise,Edtech,Delhi,Paid Search,Annual,17,9600.0,115200.0,0.0,80.0,24,22800.0,2022-01-02,,0,0.0
RIQ-06431,Pro,Fintech,Delhi,Referral,Annual,16,2040.0,24480.0,0.0,86.0,20,11500.0,2023-10-18,,0,0.0
RIQ-06432,Basic,E-commerce,Hyderabad,Email Campaign,Annual,5,820.0,9840.0,2.0,31.0,6,4900.0,2022-08-08,,0,0.0
RIQ-06433,Basic,Healthcare,Bengaluru,Organic Search,Annual,26,790.0,9480.0,0.0,84.0,8,3300.0,2023-01-14,,0,0.0
RIQ-06434,Pro,Fintech,Mumbai,Referral,Annual,17,1810.0,21720.0,0.0,68.0,11,6700.0,2023-05-30,,0,0.0
RIQ-06435,Pro,E-commerce,Delhi,Social Media,Monthly,1,2220.0,26640.0,1.0,30.0,10,10100.0,2022-02-08,2022-03-22,1,26640.0
RIQ-06436,Basic,E-commerce,Bengaluru,Social Media,Monthly,2,820.0,9840.0,2.0,42.0,11,4500.0,2023-02-26,2023-04-21,1,9840.0
RIQ-06437,Enterprise,Edtech,Mumbai,Social Media,Annual,36,5940.0,71280.0,2.0,72.0,17,59600.0,2022-12-09,,0,0.0
RIQ-06438,Enterprise,Edtech,Bengaluru,Email Campaign,Annual,2,5020.0,60240.0,2.0,53.0,17,33700.0,2022-07-02,,0,0.0
RIQ-06439,Enterprise,E-commerce,Delhi,Paid Search,Annual,60,6250.0,75000.0,1.0,53.0,20,25800.0,2023-02-03,,0,0.0
RIQ-06440,Basic,E-commerce,Pune,Organic Search,Monthly,5,620.0,7440.0,0.0,63.0,1,2000.0,2022-10-19,,0,0.0
RIQ-06441,Basic,E-commerce,Pune,Direct,Monthly,25,720.0,8640.0,3.0,43.0,10,2700.0,2023-11-14,2025-11-27,1,8640.0
RIQ-06442,Pro,Fintech,Pune,Paid Search,Monthly,3,2420.0,29040.0,1.0,47.0,16,13500.0,2023-10-02,,0,0.0
RIQ-06443,Pro,E-commerce,Mumbai,Social Media,Annual,53,2180.0,26160.0,3.0,86.0,7,6500.0,2023-11-09,,0,0.0
RIQ-06444,Basic,E-commerce,Hyderabad,Email Campaign,Annual,15,960.0,11520.0,1.0,36.0,9,4600.0,2023-06-23,,0,0.0
RIQ-06445,Basic,Fintech,Mumbai,Direct,Monthly,6,1000.0,12000.0,1.0,35.0,6,3200.0,2023-01-02,2023-06-19,1,12000.0
RIQ-06446,Basic,E-commerce,Bengaluru,Paid Search,Monthly,2,820.0,9840.0,1.0,32.0,10,2500.0,2022-03-29,2022-06-05,1,9840.0
RIQ-06447,Basic,Healthcare,Hyderabad,Organic Search,Monthly,14,820.0,9840.0,2.0,40.0,1,3000.0,2023-05-15,,0,0.0
RIQ-06448,Basic,Fintech,Chennai,Organic Search,Monthly,4,950.0,11400.0,2.0,33.0,6,2800.0,2022-12-12,2023-04-09,1,11400.0
RIQ-06449,Pro,Fintech,Pune,Organic Search,Monthly,48,2450.0,29400.0,2.0,93.0,13,7700.0,2022-12-10,,0,0.0
RIQ-06450,Basic,Healthcare,Chennai,Email Campaign,Monthly,19,720.0,8640.0,2.0,15.0,10,4200.0,2023-01-04,,0,0.0
RIQ-06451,Basic,E-commerce,Hyderabad,Paid Search,Annual,4,990.0,11880.0,2.0,51.0,6,4400.0,2023-09-04,,0,0.0
RIQ-06452,Enterprise,Edtech,Pune,Social Media,Annual,9,8480.0,101760.0,1.0,80.0,19,44500.0,2022-11-24,,0,0.0
RIQ-06453,Enterprise,E-commerce,Pune,Social Media,Monthly,60,8330.0,99960.0,1.0,96.0,21,48200.0,2023-04-30,,0,0.0
RIQ-06454,Basic,Healthcare,Delhi,Paid Search,Annual,10,590.0,7080.0,3.0,11.0,4,2500.0,2022-11-08,2023-09-07,1,7080.0
RIQ-06455,Enterprise,Fintech,Hyderabad,Organic Search,Annual,27,5580.0,66960.0,0.0,66.0,23,43300.0,2022-04-16,,0,0.0
RIQ-06456,Pro,Fintech,Hyderabad,Paid Search,Monthly,5,2110.0,25320.0,1.0,54.0,18,7000.0,2023-05-31,,0,0.0
RIQ-06457,Enterprise,Fintech,Delhi,Social Media,Monthly,9,5420.0,65040.0,1.0,47.0,25,35900.0,2023-06-10,,0,0.0
RIQ-06458,Basic,E-commerce,Mumbai,Email Campaign,Monthly,16,790.0,9480.0,3.0,66.0,10,2400.0,2022-07-14,2023-11-09,1,9480.0
RIQ-06459,Enterprise,Fintech,Mumbai,Social Media,Annual,30,5770.0,69240.0,4.0,74.0,25,21200.0,2022-05-04,,0,0.0
RIQ-06460,Pro,Edtech,Chennai,Paid Search,Monthly,3,1950.0,23400.0,2.0,54.0,16,14100.0,2022-02-13,2022-05-03,1,23400.0
RIQ-06461,Enterprise,Edtech,Mumbai,Social Media,Annual,19,8510.0,102120.0,2.0,59.0,28,58400.0,2023-03-23,,0,0.0
RIQ-06462,Pro,Edtech,Hyderabad,Organic Search,Monthly,9,1890.0,22680.0,1.0,84.0,16,10900.0,2023-01-08,,0,0.0
RIQ-06463,Pro,Fintech,Mumbai,Referral,Annual,29,1650.0,19800.0,2.0,81.0,16,11400.0,2022-07-11,,0,0.0
RIQ-06464,Pro,Healthcare,Hyderabad,Social Media,Monthly,8,1880.0,22560.0,0.0,75.0,20,14600.0,2023-11-16,2024-07-08,1,22560.0
RIQ-06465,Basic,Fintech,Delhi,Organic Search,Monthly,4,660.0,7920.0,2.0,75.0,1,3900.0,2022-10-07,2023-02-11,1,7920.0
RIQ-06466,Basic,Fintech,Delhi,Organic Search,Monthly,19,660.0,7920.0,2.0,47.0,7,4200.0,2022-06-03,,0,0.0
RIQ-06467,Basic,E-commerce,Delhi,Email Campaign,Monthly,4,550.0,6600.0,0.0,23.0,8,3600.0,2022-07-15,2022-10-29,1,6600.0
RIQ-06468,Pro,Healthcare,Hyderabad,Paid Search,Monthly,10,1860.0,22320.0,0.0,68.0,17,14000.0,2023-07-01,,0,0.0
RIQ-06469,Basic,Fintech,Chennai,Organic Search,Monthly,15,590.0,7080.0,0.0,41.0,1,4800.0,2022-09-14,,0,0.0
RIQ-06470,Basic,E-commerce,Chennai,Social Media,Monthly,3,570.0,6840.0,1.0,75.0,7,2500.0,2022-09-15,2022-12-11,1,6840.0
RIQ-06471,Basic,Edtech,Delhi,Paid Search,Monthly,4,810.0,9720.0,3.0,51.0,2,5000.0,2022-06-11,2022-09-24,1,9720.0
RIQ-06472,Enterprise,Edtech,Delhi,Email Campaign,Annual,4,9840.0,118080.0,1.0,64.0,27,37600.0,2022-09-17,,0,0.0
RIQ-06473,Pro,Healthcare,Pune,Paid Search,Annual,17,1540.0,18480.0,2.0,69.0,12,6300.0,2023-04-04,,0,0.0
RIQ-06474,Pro,Healthcare,Mumbai,Email Campaign,Monthly,49,2120.0,25440.0,3.0,49.0,15,11700.0,2022-07-22,,0,0.0
RIQ-06475,Pro,E-commerce,Bengaluru,Email Campaign,Monthly,55,2090.0,25080.0,2.0,45.0,14,12400.0,2023-07-03,,0,0.0
RIQ-06476,Basic,Edtech,Chennai,Organic Search,Annual,3,850.0,10200.0,2.0,62.0,1,2900.0,2023-04-27,,0,0.0
RIQ-06477,Basic,Fintech,Mumbai,Referral,Monthly,9,950.0,11400.0,3.0,68.0,6,3500.0,2023-05-27,,0,0.0
RIQ-06478,Basic,Fintech,Delhi,Referral,Monthly,13,820.0,9840.0,4.0,37.0,8,4400.0,2022-07-02,,0,0.0
RIQ-06479,Pro,Fintech,Mumbai,Email Campaign,Annual,23,1740.0,20880.0,1.0,62.0,12,13900.0,2022-08-12,,0,0.0
RIQ-06480,Basic,E-commerce,Mumbai,Email Campaign,Monthly,6,540.0,6480.0,2.0,25.0,14,4400.0,2023-11-21,,0,0.0
RIQ-06481,Basic,Fintech,Mumbai,Social Media,Monthly,8,750.0,9000.0,0.0,64.0,2,4400.0,2022-05-29,2023-01-18,1,9000.0
RIQ-06482,Basic,Healthcare,Pune,Email Campaign,Annual,4,640.0,7680.0,0.0,46.0,4,3000.0,2023-03-19,,0,0.0
RIQ-06483,Basic,E-commerce,Delhi,Referral,Monthly,11,900.0,10800.0,0.0,45.0,9,3800.0,2023-06-29,,0,0.0
RIQ-06484,Enterprise,E-commerce,Bengaluru,Paid Search,Annual,60,9990.0,119880.0,0.0,60.0,29,48400.0,2023-03-21,,0,0.0
RIQ-06485,Basic,E-commerce,Chennai,Paid Search,Monthly,40,620.0,7440.0,1.0,45.0,5,3000.0,2023-07-19,,0,0.0
RIQ-06486,Basic,Edtech,Delhi,Referral,Annual,5,550.0,6600.0,2.0,27.0,7,2500.0,2023-07-19,,0,0.0
RIQ-06487,Pro,E-commerce,Chennai,Organic Search,Annual,8,2410.0,28920.0,0.0,51.0,13,11600.0,2023-10-26,2024-06-13,1,28920.0
RIQ-06488,Pro,E-commerce,Mumbai,Paid Search,Monthly,17,1960.0,23520.0,2.0,55.0,8,6200.0,2023-10-29,,0,0.0
RIQ-06489,Basic,Fintech,Pune,Social Media,Monthly,15,870.0,10440.0,5.0,39.0,8,2500.0,2022-02-10,2023-04-29,1,10440.0
RIQ-06490,Enterprise,Healthcare,Delhi,Social Media,Annual,19,9570.0,114840.0,1.0,84.0,21,44100.0,2023-10-29,,0,0.0
RIQ-06491,Enterprise,Edtech,Bengaluru,Paid Search,Annual,6,7890.0,94680.0,3.0,88.0,15,47300.0,2022-03-14,,0,0.0
RIQ-06492,Basic,Edtech,Hyderabad,Direct,Monthly,9,800.0,9600.0,3.0,32.0,1,2200.0,2023-11-22,,0,0.0
RIQ-06493,Pro,E-commerce,Delhi,Organic Search,Annual,12,2210.0,26520.0,0.0,57.0,12,13300.0,2022-02-28,,0,0.0
RIQ-06494,Pro,Edtech,Pune,Social Media,Monthly,2,2500.0,30000.0,1.0,74.0,14,9400.0,2022-01-04,,0,0.0
RIQ-06495,Pro,Healthcare,Bengaluru,Paid Search,Annual,28,2050.0,24600.0,1.0,70.0,12,11900.0,2022-11-01,,0,0.0
RIQ-06496,Pro,Edtech,Chennai,Paid Search,Annual,8,2290.0,27480.0,0.0,51.0,17,9100.0,2023-02-14,,0,0.0
RIQ-06497,Basic,Fintech,Bengaluru,Organic Search,Monthly,2,710.0,8520.0,2.0,45.0,2,2400.0,2023-03-01,,0,0.0
RIQ-06498,Basic,Edtech,Mumbai,Referral,Monthly,8,500.0,6000.0,2.0,45.0,5,3700.0,2022-11-30,2023-08-11,1,6000.0
RIQ-06499,Basic,E-commerce,Delhi,Email Campaign,Monthly,8,630.0,7560.0,3.0,76.0,11,3100.0,2022-10-14,2023-06-19,1,7560.0
RIQ-06500,Basic,E-commerce,Bengaluru,Social Media,Monthly,8,680.0,8160.0,2.0,48.0,12,3000.0,2022-12-07,,0,0.0
RIQ-06501,Basic,Edtech,Mumbai,Email Campaign,Monthly,5,590.0,7080.0,2.0,42.0,3,4200.0,2022-02-05,,0,0.0
RIQ-06502,Pro,Healthcare,Pune,Referral,Monthly,9,1600.0,19200.0,0.0,46.0,10,12200.0,2023-02-28,,0,0.0
RIQ-06503,Pro,Edtech,Delhi,Organic Search,Monthly,60,2250.0,27000.0,1.0,33.0,17,9700.0,2022-04-12,,0,0.0
RIQ-06504,Pro,Edtech,Mumbai,Social Media,Annual,13,1610.0,19320.0,3.0,62.0,21,13300.0,2022-08-24,,0,0.0
RIQ-06505,Basic,E-commerce,Delhi,Email Campaign,Monthly,10,700.0,8400.0,1.0,43.0,13,3800.0,2022-12-31,2023-11-04,1,8400.0
RIQ-06506,Pro,E-commerce,Pune,Direct,Monthly,3,1530.0,18360.0,3.0,39.0,12,10500.0,2022-03-08,,0,0.0
RIQ-06507,Pro,Fintech,Delhi,Paid Search,Monthly,60,1640.0,19680.0,2.0,70.0,17,9800.0,2022-08-31,,0,0.0
RIQ-06508,Enterprise,E-commerce,Bengaluru,Direct,Annual,49,9220.0,110640.0,1.0,100.0,17,59700.0,2023-04-23,,0,0.0
RIQ-06509,Pro,E-commerce,Bengaluru,Social Media,Annual,15,1700.0,20400.0,1.0,52.0,15,11700.0,2023-11-26,,0,0.0
RIQ-06510,Enterprise,Edtech,Delhi,Referral,Annual,4,5700.0,68400.0,0.0,80.0,17,54900.0,2022-03-24,,0,0.0
RIQ-06511,Basic,E-commerce,Mumbai,Organic Search,Annual,1,910.0,10920.0,0.0,51.0,6,3700.0,2023-11-01,2023-12-09,1,10920.0
RIQ-06512,Basic,E-commerce,Mumbai,Social Media,Monthly,51,650.0,7800.0,3.0,77.0,1,4200.0,2023-03-30,,0,0.0
RIQ-06513,Pro,Edtech,Bengaluru,Paid Search,Annual,4,1640.0,19680.0,0.0,81.0,8,7500.0,2022-05-03,,0,0.0
RIQ-06514,Pro,E-commerce,Hyderabad,Referral,Monthly,7,2450.0,29400.0,0.0,73.0,14,13700.0,2023-03-10,,0,0.0
RIQ-06515,Basic,Fintech,Pune,Organic Search,Monthly,1,610.0,7320.0,0.0,51.0,5,2900.0,2022-03-31,,0,0.0
RIQ-06516,Pro,E-commerce,Mumbai,Referral,Annual,16,2490.0,29880.0,0.0,100.0,19,10800.0,2022-04-18,2023-08-24,1,29880.0
RIQ-06517,Basic,E-commerce,Mumbai,Referral,Monthly,3,990.0,11880.0,4.0,65.0,4,3300.0,2022-02-25,2022-06-06,1,11880.0
RIQ-06518,Pro,Fintech,Delhi,Organic Search,Annual,2,2080.0,24960.0,0.0,83.0,17,6200.0,2022-09-23,,0,0.0
RIQ-06519,Basic,Fintech,Hyderabad,Email Campaign,Annual,3,960.0,11520.0,0.0,29.0,1,4400.0,2022-04-08,2022-07-08,1,11520.0
RIQ-06520,Pro,Fintech,Mumbai,Social Media,Annual,12,2050.0,24600.0,0.0,48.0,10,12100.0,2023-01-17,,0,0.0
RIQ-06521,Basic,Healthcare,Hyderabad,Email Campaign,Monthly,6,560.0,6720.0,0.0,67.0,7,2900.0,2023-05-28,2023-11-13,1,6720.0
RIQ-06522,Enterprise,Edtech,Pune,Social Media,Annual,18,5440.0,65280.0,0.0,87.0,24,36900.0,2022-02-16,,0,0.0
RIQ-06523,Pro,E-commerce,Chennai,Referral,Monthly,34,1920.0,23040.0,0.0,57.0,16,10000.0,2023-07-18,,0,0.0
RIQ-06524,Basic,E-commerce,Mumbai,Organic Search,Monthly,19,590.0,7080.0,3.0,16.0,4,3700.0,2022-03-07,2023-09-22,1,7080.0
RIQ-06525,Pro,Edtech,Pune,Direct,Monthly,34,2350.0,28200.0,1.0,73.0,9,6200.0,2022-08-03,2025-05-25,1,28200.0
RIQ-06526,Pro,Edtech,Pune,Referral,Annual,17,1810.0,21720.0,1.0,64.0,12,12500.0,2023-05-23,,0,0.0
RIQ-06527,Basic,Fintech,Pune,Organic Search,Monthly,16,560.0,6720.0,2.0,42.0,1,3200.0,2022-02-14,,0,0.0
RIQ-06528,Pro,Healthcare,Bengaluru,Social Media,Annual,27,1520.0,18240.0,1.0,100.0,16,6100.0,2023-02-09,,0,0.0
RIQ-06529,Basic,E-commerce,Chennai,Email Campaign,Annual,1,600.0,7200.0,2.0,37.0,6,3100.0,2022-08-29,2022-09-23,1,7200.0
RIQ-06530,Basic,E-commerce,Pune,Social Media,Annual,6,650.0,7800.0,2.0,18.0,7,3400.0,2022-02-18,2022-08-25,1,7800.0
RIQ-06531,Basic,Fintech,Mumbai,Email Campaign,Monthly,5,840.0,10080.0,1.0,24.0,4,2700.0,2023-11-27,,0,0.0
RIQ-06532,Pro,Edtech,Delhi,Paid Search,Annual,1,2360.0,28320.0,0.0,,11,6800.0,2023-04-21,,0,0.0
RIQ-06533,Pro,E-commerce,Delhi,Organic Search,Annual,15,2280.0,27360.0,3.0,62.0,14,11400.0,2023-06-20,,0,0.0
RIQ-06534,Basic,Healthcare,Mumbai,Referral,Annual,3,970.0,11640.0,2.0,42.0,1,3500.0,2023-07-22,,0,0.0
RIQ-06535,Basic,Edtech,Bengaluru,Social Media,Annual,16,730.0,8760.0,2.0,37.0,9,3400.0,2023-03-10,,0,0.0
RIQ-06536,Pro,E-commerce,Hyderabad,Email Campaign,Annual,24,1560.0,18720.0,2.0,49.0,10,11900.0,2023-05-28,,0,0.0
RIQ-06537,Basic,Healthcare,Hyderabad,Referral,Monthly,5,610.0,7320.0,2.0,20.0,14,3600.0,2023-07-04,2023-11-18,1,7320.0
RIQ-06538,Enterprise,Healthcare,Chennai,Referral,Annual,29,8220.0,98640.0,0.0,69.0,20,29000.0,2022-06-14,,0,0.0
RIQ-06539,Pro,Healthcare,Hyderabad,Social Media,Monthly,5,1770.0,21240.0,2.0,75.0,12,9100.0,2022-04-30,2022-09-30,1,21240.0
RIQ-06540,Basic,E-commerce,Mumbai,Referral,Monthly,3,960.0,11520.0,2.0,33.0,5,4200.0,2022-03-28,2022-07-01,1,11520.0
RIQ-06541,Basic,Edtech,Mumbai,Email Campaign,Monthly,2,640.0,7680.0,5.0,98.0,3,4700.0,2023-07-06,2023-09-06,1,7680.0
RIQ-06542,Pro,Fintech,Pune,Referral,Monthly,43,2080.0,24960.0,3.0,79.0,11,12600.0,2023-02-17,,0,0.0
RIQ-06543,Basic,E-commerce,Pune,Paid Search,Monthly,11,810.0,9720.0,1.0,37.0,15,4600.0,2022-04-20,2023-03-12,1,9720.0
RIQ-06544,Pro,Fintech,Mumbai,Social Media,Annual,6,2120.0,25440.0,1.0,61.0,10,14900.0,2023-08-06,,0,0.0
RIQ-06545,Pro,Edtech,Chennai,Paid Search,Annual,2,1740.0,20880.0,3.0,28.0,8,6300.0,2023-02-05,,0,0.0
RIQ-06546,Basic,Edtech,Pune,Organic Search,Monthly,11,910.0,10920.0,2.0,21.0,8,4300.0,2023-09-08,2024-07-25,1,10920.0
RIQ-06547,Pro,Fintech,Delhi,Email Campaign,Annual,29,2170.0,26040.0,0.0,43.0,18,14500.0,2022-11-20,,0,0.0
RIQ-06548,Pro,Edtech,Mumbai,Referral,Annual,52,1810.0,21720.0,1.0,69.0,9,6100.0,2023-03-07,,0,0.0
RIQ-06549,Enterprise,Fintech,Pune,Paid Search,Annual,9,8690.0,104280.0,0.0,87.0,26,38300.0,2023-10-13,,0,0.0
RIQ-06550,Pro,Edtech,Mumbai,Organic Search,Monthly,41,2160.0,25920.0,0.0,86.0,8,14100.0,2022-07-10,,0,0.0
RIQ-06551,Pro,Healthcare,Bengaluru,Paid Search,Annual,9,2150.0,25800.0,1.0,53.0,5,12100.0,2022-12-11,,0,0.0
RIQ-06552,Pro,Edtech,Hyderabad,Social Media,Annual,3,2440.0,29280.0,2.0,30.0,9,14500.0,2022-02-06,,0,0.0
RIQ-06553,Basic,Edtech,Pune,Referral,Monthly,16,800.0,9600.0,1.0,51.0,1,3400.0,2023-02-28,,0,0.0
RIQ-06554,Pro,Edtech,Mumbai,Referral,Monthly,6,2020.0,24240.0,0.0,52.0,10,7500.0,2023-08-25,,0,0.0
RIQ-06555,Basic,Edtech,Mumbai,Direct,Monthly,20,860.0,10320.0,3.0,32.0,5,4300.0,2022-04-19,,0,0.0
RIQ-06556,Pro,E-commerce,Pune,Organic Search,Monthly,20,2280.0,27360.0,1.0,50.0,14,8500.0,2023-11-27,2025-07-25,1,27360.0
RIQ-06557,Basic,Healthcare,Delhi,Referral,Monthly,2,810.0,9720.0,2.0,20.0,6,4900.0,2023-05-22,2023-07-30,1,9720.0
RIQ-06558,Basic,E-commerce,Bengaluru,Paid Search,Monthly,1,650.0,7800.0,1.0,,9,3300.0,2022-04-19,2022-05-26,1,7800.0
RIQ-06559,Enterprise,Edtech,Delhi,Paid Search,Annual,16,5080.0,60960.0,0.0,76.0,28,58100.0,2022-10-14,,0,0.0
RIQ-06560,Basic,Healthcare,Bengaluru,Organic Search,Monthly,1,990.0,11880.0,2.0,35.0,9,3200.0,2023-07-20,2023-08-17,1,11880.0
RIQ-06561,Pro,Healthcare,Mumbai,Organic Search,Annual,40,2450.0,29400.0,0.0,74.0,11,7100.0,2022-06-02,,0,0.0
RIQ-06562,Basic,Healthcare,Delhi,Paid Search,Monthly,6,910.0,10920.0,2.0,67.0,5,4100.0,2023-05-25,2023-11-07,1,10920.0
RIQ-06563,Pro,Fintech,Mumbai,Email Campaign,Monthly,15,1580.0,18960.0,2.0,89.0,4,10500.0,2022-01-17,,0,0.0
RIQ-06564,Pro,Fintech,Pune,Referral,Monthly,6,1510.0,18120.0,0.0,84.0,14,10200.0,2022-09-06,,0,0.0
RIQ-06565,Basic,Edtech,Hyderabad,Referral,Annual,2,640.0,7680.0,4.0,50.0,10,4400.0,2022-10-28,2022-12-19,1,7680.0
RIQ-06566,Enterprise,Edtech,Delhi,Paid Search,Monthly,60,6540.0,78480.0,0.0,34.0,20,42700.0,2023-01-21,,0,0.0
RIQ-06567,Enterprise,E-commerce,Bengaluru,Social Media,Annual,14,8070.0,96840.0,3.0,77.0,19,52500.0,2023-05-10,,0,0.0
RIQ-06568,Basic,Fintech,Delhi,Email Campaign,Monthly,3,840.0,10080.0,2.0,34.0,9,4300.0,2022-08-07,2022-11-10,1,10080.0
RIQ-06569,Basic,Fintech,Bengaluru,Social Media,Annual,1,760.0,9120.0,1.0,64.0,1,3400.0,2022-04-14,2022-05-24,1,9120.0
RIQ-06570,Basic,Healthcare,Mumbai,Referral,Monthly,3,750.0,9000.0,2.0,50.0,6,2400.0,2023-08-28,2023-11-29,1,9000.0
RIQ-06571,Basic,Healthcare,Chennai,Paid Search,Monthly,4,640.0,7680.0,2.0,23.0,5,4600.0,2022-01-23,2022-05-17,1,7680.0
RIQ-06572,Pro,Healthcare,Hyderabad,Direct,Annual,1,2180.0,26160.0,0.0,42.0,8,9800.0,2022-03-02,,0,0.0
RIQ-06573,Basic,Fintech,Pune,Referral,Monthly,4,620.0,7440.0,3.0,34.0,4,2300.0,2022-09-11,,0,0.0
RIQ-06574,Basic,Edtech,Bengaluru,Social Media,Monthly,1,690.0,8280.0,3.0,69.0,6,3500.0,2023-01-16,2023-02-03,1,8280.0
RIQ-06575,Basic,E-commerce,Chennai,Paid Search,Monthly,8,800.0,9600.0,1.0,31.0,1,2100.0,2023-05-02,2023-12-14,1,9600.0
RIQ-06576,Pro,Edtech,Delhi,Referral,Monthly,12,1960.0,23520.0,3.0,62.0,3,7400.0,2022-07-22,,0,0.0
RIQ-06577,Basic,Edtech,Mumbai,Referral,Monthly,10,900.0,10800.0,4.0,43.0,2,2900.0,2023-04-26,,0,0.0
RIQ-06578,Basic,E-commerce,Chennai,Social Media,Monthly,34,890.0,10680.0,3.0,51.0,2,2600.0,2022-12-05,,0,0.0
RIQ-06579,Basic,Edtech,Mumbai,Referral,Monthly,12,820.0,9840.0,1.0,72.0,4,2400.0,2022-06-08,2023-05-25,1,9840.0
RIQ-06580,Enterprise,Healthcare,Bengaluru,Email Campaign,Monthly,1,8180.0,98160.0,0.0,68.0,22,21100.0,2022-04-27,,0,0.0
RIQ-06581,Basic,E-commerce,Mumbai,Social Media,Monthly,10,570.0,6840.0,1.0,37.0,4,3500.0,2023-01-24,2023-11-05,1,6840.0
RIQ-06582,Enterprise,Fintech,Mumbai,Referral,Annual,38,7910.0,94920.0,0.0,64.0,15,25100.0,2022-02-24,,0,0.0
RIQ-06583,Basic,Edtech,Hyderabad,Social Media,Monthly,2,540.0,6480.0,2.0,20.0,2,2800.0,2023-11-23,2024-01-16,1,6480.0
RIQ-06584,Pro,Edtech,Pune,Direct,Monthly,8,2430.0,29160.0,0.0,30.0,14,8200.0,2023-11-01,,0,0.0
RIQ-06585,Basic,Edtech,Hyderabad,Organic Search,Annual,3,910.0,10920.0,1.0,54.0,9,4000.0,2023-07-28,2023-10-19,1,10920.0
RIQ-06586,Basic,Healthcare,Delhi,Email Campaign,Monthly,7,560.0,6720.0,3.0,47.0,5,4900.0,2023-02-24,2023-09-10,1,6720.0
RIQ-06587,Pro,Edtech,Chennai,Direct,Annual,19,2070.0,24840.0,1.0,64.0,16,12600.0,2023-09-18,,0,0.0
RIQ-06588,Basic,Edtech,Mumbai,Email Campaign,Monthly,5,850.0,10200.0,4.0,42.0,8,4600.0,2023-07-01,2023-11-21,1,10200.0
RIQ-06589,Pro,Healthcare,Pune,Paid Search,Annual,2,2260.0,27120.0,0.0,55.0,5,7400.0,2022-11-21,,0,0.0
RIQ-06590,Enterprise,Edtech,Bengaluru,Referral,Annual,23,8600.0,103200.0,0.0,96.0,26,30800.0,2023-10-02,,0,0.0
RIQ-06591,Basic,E-commerce,Hyderabad,Paid Search,Monthly,10,810.0,9720.0,3.0,56.0,4,4900.0,2023-11-04,2024-08-24,1,9720.0
RIQ-06592,Basic,Edtech,Bengaluru,Organic Search,Monthly,18,600.0,7200.0,2.0,31.0,6,3100.0,2023-07-23,,0,0.0
RIQ-06593,Enterprise,Fintech,Chennai,Organic Search,Annual,23,5280.0,63360.0,0.0,89.0,18,45100.0,2022-07-31,,0,0.0
RIQ-06594,Basic,E-commerce,Mumbai,Organic Search,Annual,3,940.0,11280.0,2.0,54.0,2,3500.0,2022-06-25,,0,0.0
RIQ-06595,Pro,Fintech,Delhi,Referral,Monthly,23,2300.0,27600.0,0.0,28.0,16,10500.0,2022-11-20,,0,0.0
RIQ-06596,Basic,Edtech,Mumbai,Referral,Monthly,8,540.0,6480.0,1.0,45.0,8,4500.0,2023-10-08,,0,0.0
RIQ-06597,Basic,Healthcare,Bengaluru,Social Media,Monthly,12,890.0,10680.0,1.0,39.0,5,2400.0,2022-10-29,2023-11-07,1,10680.0
RIQ-06598,Pro,Edtech,Delhi,Paid Search,Monthly,1,1970.0,23640.0,1.0,61.0,16,13000.0,2023-05-16,2023-06-15,1,23640.0
RIQ-06599,Pro,Edtech,Hyderabad,Referral,Annual,11,1890.0,22680.0,1.0,66.0,15,9800.0,2023-08-25,2024-07-12,1,22680.0
RIQ-06600,Basic,E-commerce,Bengaluru,Organic Search,Monthly,22,520.0,6240.0,4.0,49.0,8,3200.0,2022-01-09,,0,0.0
RIQ-06601,Pro,E-commerce,Chennai,Paid Search,Annual,9,1630.0,19560.0,0.0,63.0,18,7100.0,2022-11-01,,0,0.0
RIQ-06602,Enterprise,Healthcare,Pune,Paid Search,Annual,3,7290.0,87480.0,1.0,69.0,20,43700.0,2023-01-09,,0,0.0
RIQ-06603,Basic,Edtech,Delhi,Referral,Annual,11,890.0,10680.0,1.0,4.0,1,3100.0,2023-07-30,,0,0.0
RIQ-06604,Enterprise,Edtech,Hyderabad,Email Campaign,Annual,28,9020.0,108240.0,0.0,86.0,16,20900.0,2022-01-22,,0,0.0
RIQ-06605,Basic,Healthcare,Pune,Organic Search,Monthly,22,920.0,11040.0,2.0,51.0,6,3400.0,2022-01-25,,0,0.0
RIQ-06606,Pro,Healthcare,Mumbai,Email Campaign,Monthly,6,2480.0,29760.0,2.0,65.0,10,6800.0,2022-07-22,2023-01-22,1,29760.0
RIQ-06607,Pro,Healthcare,Hyderabad,Paid Search,Monthly,34,2070.0,24840.0,0.0,90.0,9,13300.0,2023-09-22,,0,0.0
RIQ-06608,Pro,Fintech,Bengaluru,Organic Search,Monthly,33,2130.0,25560.0,0.0,28.0,12,10000.0,2022-09-16,,0,0.0
RIQ-06609,Basic,Healthcare,Chennai,Social Media,Monthly,6,980.0,11760.0,0.0,36.0,7,4800.0,2023-01-05,2023-07-10,1,11760.0
RIQ-06610,Basic,E-commerce,Mumbai,Direct,Annual,11,650.0,7800.0,2.0,67.0,8,3200.0,2022-05-08,2023-04-09,1,7800.0
RIQ-06611,Basic,Fintech,Chennai,Social Media,Monthly,9,530.0,6360.0,3.0,78.0,7,4000.0,2022-08-25,2023-05-30,1,6360.0
RIQ-06612,Basic,Healthcare,Mumbai,Organic Search,Monthly,4,620.0,7440.0,3.0,41.0,1,3500.0,2023-10-12,2024-02-13,1,7440.0
RIQ-06613,Enterprise,Edtech,Pune,Paid Search,Monthly,27,9690.0,116280.0,1.0,92.0,23,47400.0,2023-04-16,,0,0.0
RIQ-06614,Pro,E-commerce,Bengaluru,Social Media,Annual,18,1740.0,20880.0,2.0,68.0,12,10500.0,2022-04-03,,0,0.0
RIQ-06615,Basic,E-commerce,Pune,Paid Search,Annual,4,780.0,9360.0,0.0,69.0,10,3000.0,2022-09-26,,0,0.0
RIQ-06616,Pro,Edtech,Delhi,Social Media,Monthly,3,2250.0,27000.0,2.0,57.0,15,9200.0,2022-12-29,,0,0.0
RIQ-06617,Basic,Edtech,Mumbai,Email Campaign,Monthly,2,750.0,9000.0,5.0,29.0,5,3300.0,2022-04-29,2022-06-18,1,9000.0
RIQ-06618,Basic,E-commerce,Hyderabad,Referral,Monthly,3,850.0,10200.0,3.0,34.0,5,4200.0,2022-10-22,2023-01-26,1,10200.0
RIQ-06619,Basic,Healthcare,Hyderabad,Social Media,Annual,5,860.0,10320.0,1.0,48.0,3,2700.0,2023-06-26,,0,0.0
RIQ-06620,Pro,Healthcare,Chennai,Direct,Annual,15,1780.0,21360.0,0.0,87.0,11,11400.0,2022-01-25,,0,0.0
RIQ-06621,Basic,Fintech,Bengaluru,Organic Search,Monthly,18,930.0,11160.0,1.0,43.0,11,3200.0,2022-05-13,2023-11-04,1,11160.0
RIQ-06622,Basic,E-commerce,Bengaluru,Social Media,Monthly,16,630.0,7560.0,1.0,43.0,1,4300.0,2022-02-01,,0,0.0
RIQ-06623,Pro,E-commerce,Mumbai,Referral,Monthly,21,2230.0,26760.0,1.0,50.0,12,9300.0,2023-02-03,,0,0.0
RIQ-06624,Basic,Edtech,Mumbai,Organic Search,Monthly,22,780.0,9360.0,3.0,56.0,9,3500.0,2022-08-25,,0,0.0
RIQ-06625,Basic,Edtech,Bengaluru,Email Campaign,Monthly,2,670.0,8040.0,1.0,76.0,8,4600.0,2022-05-20,2022-07-26,1,8040.0
RIQ-06626,Pro,Edtech,Delhi,Email Campaign,Monthly,14,1660.0,19920.0,2.0,46.0,6,8600.0,2023-05-04,,0,0.0
RIQ-06627,Basic,E-commerce,Mumbai,Direct,Monthly,8,790.0,9480.0,1.0,54.0,3,4800.0,2022-06-23,2023-02-28,1,9480.0
RIQ-06628,Pro,Edtech,Mumbai,Social Media,Annual,4,1630.0,19560.0,3.0,91.0,14,13200.0,2023-03-07,,0,0.0
RIQ-06629,Pro,Edtech,Pune,Social Media,Monthly,37,2120.0,25440.0,3.0,52.0,16,8000.0,2022-11-22,,0,0.0
RIQ-06630,Basic,Fintech,Mumbai,Direct,Annual,6,910.0,10920.0,0.0,71.0,5,2600.0,2023-04-13,,0,0.0
RIQ-06631,Basic,Healthcare,Chennai,Organic Search,Monthly,1,760.0,9120.0,3.0,46.0,3,3300.0,2022-08-10,2022-09-13,1,9120.0
RIQ-06632,Pro,E-commerce,Bengaluru,Referral,Monthly,2,2320.0,27840.0,1.0,67.0,11,7200.0,2022-12-19,2023-02-05,1,27840.0
RIQ-06633,Basic,Edtech,Bengaluru,Organic Search,Annual,23,720.0,8640.0,1.0,41.0,5,2200.0,2022-06-19,,0,0.0
RIQ-06634,Pro,Edtech,Delhi,Direct,Annual,4,1750.0,21000.0,0.0,50.0,10,13900.0,2023-06-19,,0,0.0
RIQ-06635,Pro,E-commerce,Delhi,Email Campaign,Annual,16,1880.0,22560.0,1.0,77.0,12,10500.0,2022-12-18,,0,0.0
RIQ-06636,Basic,E-commerce,Pune,Referral,Annual,8,680.0,8160.0,4.0,27.0,9,2300.0,2022-09-12,,0,0.0
RIQ-06637,Basic,E-commerce,Delhi,Paid Search,Annual,3,780.0,9360.0,1.0,54.0,1,2200.0,2023-07-27,2023-10-16,1,9360.0
RIQ-06638,Basic,Fintech,Delhi,Email Campaign,Monthly,5,900.0,10800.0,2.0,22.0,3,2200.0,2023-01-06,,0,0.0
RIQ-06639,Basic,E-commerce,Bengaluru,Social Media,Monthly,1,730.0,8760.0,4.0,16.0,8,4900.0,2022-08-22,2022-09-09,1,8760.0
RIQ-06640,Pro,Edtech,Delhi,Social Media,Monthly,15,2390.0,28680.0,0.0,100.0,9,12700.0,2022-10-09,,0,0.0
RIQ-06641,Basic,Healthcare,Bengaluru,Social Media,Monthly,3,520.0,6240.0,6.0,45.0,4,4100.0,2022-06-13,2022-09-17,1,6240.0
RIQ-06642,Pro,Fintech,Mumbai,Social Media,Monthly,2,2110.0,25320.0,2.0,43.0,14,10900.0,2022-01-28,2022-03-30,1,25320.0
RIQ-06643,Pro,Edtech,Delhi,Organic Search,Annual,11,2110.0,25320.0,1.0,44.0,13,6200.0,2023-04-29,,0,0.0
RIQ-06644,Enterprise,Edtech,Pune,Social Media,Annual,53,7390.0,88680.0,0.0,65.0,17,43400.0,2022-06-10,,0,0.0
RIQ-06645,Basic,Healthcare,Hyderabad,Email Campaign,Monthly,5,880.0,10560.0,1.0,47.0,6,3000.0,2022-10-13,,0,0.0
RIQ-06646,Basic,Healthcare,Pune,Paid Search,Monthly,12,850.0,10200.0,2.0,34.0,9,4300.0,2023-08-07,2024-07-30,1,10200.0
RIQ-06647,Pro,Healthcare,Mumbai,Email Campaign,Monthly,10,2310.0,27720.0,0.0,62.0,11,14000.0,2023-09-28,,0,0.0
RIQ-06648,Basic,Fintech,Bengaluru,Paid Search,Monthly,16,730.0,8760.0,2.0,69.0,11,3400.0,2022-12-26,2024-04-07,1,8760.0
RIQ-06649,Pro,Edtech,Delhi,Paid Search,Annual,36,1700.0,20400.0,1.0,50.0,16,14400.0,2022-07-21,,0,0.0
RIQ-06650,Pro,Fintech,Mumbai,Referral,Annual,4,1560.0,18720.0,0.0,71.0,13,14000.0,2023-03-21,,0,0.0
RIQ-06651,Pro,Edtech,Delhi,Email Campaign,Annual,2,1570.0,18840.0,2.0,46.0,11,14600.0,2022-12-11,,0,0.0
RIQ-06652,Basic,E-commerce,Bengaluru,Social Media,Monthly,5,560.0,6720.0,0.0,13.0,5,2100.0,2022-08-15,2023-01-26,1,6720.0
RIQ-06653,Pro,Edtech,Bengaluru,Referral,Annual,3,1920.0,23040.0,0.0,72.0,11,12300.0,2023-10-28,,0,0.0
RIQ-06654,Basic,Fintech,Mumbai,Organic Search,Monthly,4,670.0,8040.0,5.0,37.0,8,4800.0,2023-07-09,2023-11-01,1,8040.0
RIQ-06655,Pro,Healthcare,Bengaluru,Social Media,Annual,14,2250.0,27000.0,2.0,56.0,13,8700.0,2022-11-07,,0,0.0
RIQ-06656,Basic,Edtech,Delhi,Referral,Annual,4,720.0,8640.0,3.0,38.0,8,3200.0,2022-09-12,,0,0.0
RIQ-06657,Basic,Fintech,Delhi,Organic Search,Monthly,6,560.0,6720.0,4.0,42.0,6,3500.0,2022-07-02,,0,0.0
RIQ-06658,Basic,E-commerce,Bengaluru,Email Campaign,Monthly,11,950.0,11400.0,3.0,52.0,7,4100.0,2022-10-22,2023-09-26,1,11400.0
RIQ-06659,Enterprise,Healthcare,Chennai,Referral,Monthly,1,9590.0,115080.0,0.0,83.0,26,56500.0,2023-10-29,2023-11-30,1,115080.0
RIQ-06660,Basic,E-commerce,Pune,Email Campaign,Annual,15,840.0,10080.0,0.0,40.0,5,4700.0,2022-09-23,,0,0.0
RIQ-06661,Basic,E-commerce,Delhi,Email Campaign,Monthly,11,690.0,8280.0,2.0,37.0,4,4800.0,2023-11-10,2024-09-26,1,8280.0
RIQ-06662,Basic,Edtech,Hyderabad,Social Media,Monthly,3,790.0,9480.0,2.0,32.0,5,3300.0,2022-10-21,2023-01-07,1,9480.0
RIQ-06663,Basic,Edtech,Mumbai,Direct,Monthly,7,880.0,10560.0,1.0,8.0,3,2800.0,2023-01-22,2023-08-19,1,10560.0
RIQ-06664,Basic,Edtech,Pune,Paid Search,Annual,6,840.0,10080.0,6.0,51.0,3,4100.0,2023-11-20,2024-05-31,1,10080.0
RIQ-06665,Basic,E-commerce,Pune,Social Media,Monthly,5,930.0,11160.0,5.0,86.0,10,2900.0,2023-01-04,2023-06-05,1,11160.0
RIQ-06666,Enterprise,E-commerce,Bengaluru,Paid Search,Annual,23,8760.0,105120.0,2.0,72.0,17,37500.0,2022-02-25,,0,0.0
RIQ-06667,Basic,Fintech,Mumbai,Social Media,Monthly,11,820.0,9840.0,4.0,55.0,2,4800.0,2023-03-16,2024-02-03,1,9840.0
RIQ-06668,Basic,Edtech,Pune,Referral,Monthly,7,830.0,9960.0,4.0,51.0,1,3800.0,2023-04-06,2023-11-04,1,9960.0
RIQ-06669,Basic,Fintech,Delhi,Organic Search,Monthly,18,530.0,6360.0,0.0,44.0,9,3700.0,2022-06-13,2023-11-28,1,6360.0
RIQ-06670,Basic,E-commerce,Chennai,Email Campaign,Annual,6,870.0,10440.0,4.0,55.0,1,4000.0,2022-12-31,2023-07-05,1,10440.0
RIQ-06671,Basic,Fintech,Hyderabad,Organic Search,Monthly,14,950.0,11400.0,1.0,41.0,5,5000.0,2022-09-10,,0,0.0
RIQ-06672,Basic,Fintech,Delhi,Organic Search,Annual,35,720.0,8640.0,3.0,36.0,1,2100.0,2022-10-27,,0,0.0
RIQ-06673,Basic,Edtech,Chennai,Organic Search,Annual,4,670.0,8040.0,4.0,34.0,1,4500.0,2023-06-06,,0,0.0
RIQ-06674,Basic,Edtech,Pune,Social Media,Monthly,1,590.0,7080.0,3.0,34.0,1,4100.0,2023-03-19,2023-05-01,1,7080.0
RIQ-06675,Basic,E-commerce,Bengaluru,Organic Search,Monthly,3,920.0,11040.0,4.0,43.0,9,4000.0,2022-08-14,,0,0.0
RIQ-06676,Pro,E-commerce,Bengaluru,Paid Search,Monthly,6,2450.0,29400.0,2.0,62.0,13,7300.0,2022-12-17,2023-06-24,1,29400.0
RIQ-06677,Basic,Fintech,Delhi,Paid Search,Monthly,17,740.0,8880.0,2.0,74.0,6,5000.0,2022-07-09,,0,0.0
RIQ-06678,Pro,Healthcare,Mumbai,Paid Search,Annual,4,1530.0,18360.0,1.0,59.0,16,10600.0,2022-12-16,,0,0.0
RIQ-06679,Pro,E-commerce,Pune,Social Media,Monthly,13,2290.0,27480.0,1.0,62.0,10,7300.0,2022-04-28,,0,0.0
RIQ-06680,Enterprise,E-commerce,Delhi,Paid Search,Annual,20,6700.0,80400.0,1.0,47.0,27,41600.0,2023-02-02,,0,0.0
RIQ-06681,Pro,Healthcare,Chennai,Direct,Annual,16,2220.0,26640.0,1.0,61.0,10,9000.0,2022-01-01,,0,0.0
RIQ-06682,Basic,Fintech,Mumbai,Social Media,Monthly,7,770.0,9240.0,2.0,35.0,2,3800.0,2023-02-22,2023-09-25,1,9240.0
RIQ-06683,Pro,Fintech,Hyderabad,Social Media,Annual,43,1700.0,20400.0,1.0,31.0,11,14200.0,2022-10-03,,0,0.0
RIQ-06684,Pro,E-commerce,Mumbai,Organic Search,Monthly,60,2140.0,25680.0,0.0,68.0,15,7100.0,2022-12-13,,0,0.0
RIQ-06685,Pro,Fintech,Delhi,Direct,Monthly,7,1930.0,23160.0,0.0,70.0,10,14000.0,2023-07-03,,0,0.0
RIQ-06686,Basic,Edtech,Pune,Email Campaign,Monthly,5,930.0,11160.0,4.0,48.0,6,4900.0,2023-03-28,2023-09-05,1,11160.0
RIQ-06687,Basic,Healthcare,Mumbai,Organic Search,Monthly,21,710.0,8520.0,0.0,57.0,4,2800.0,2022-01-26,2023-10-18,1,8520.0
RIQ-06688,Basic,Healthcare,Pune,Paid Search,Annual,11,890.0,10680.0,0.0,14.0,6,4600.0,2022-09-11,,0,0.0
RIQ-06689,Enterprise,Fintech,Bengaluru,Referral,Annual,43,6390.0,76680.0,0.0,100.0,22,39500.0,2023-08-29,,0,0.0
RIQ-06690,Basic,Fintech,Mumbai,Organic Search,Annual,3,650.0,7800.0,0.0,57.0,1,2600.0,2022-10-18,,0,0.0
RIQ-06691,Pro,Healthcare,Bengaluru,Email Campaign,Monthly,45,2230.0,26760.0,0.0,82.0,10,12300.0,2023-01-26,2026-09-29,1,26760.0
RIQ-06692,Pro,E-commerce,Delhi,Direct,Annual,4,2370.0,28440.0,2.0,57.0,17,12400.0,2023-01-02,,0,0.0
RIQ-06693,Basic,Edtech,Mumbai,Email Campaign,Monthly,3,920.0,11040.0,2.0,0.0,7,4900.0,2022-11-29,2023-02-20,1,11040.0
RIQ-06694,enterprise,Fintech,Delhi,Organic Search,Annual,22,5610.0,67320.0,2.0,80.0,23,40000.0,2022-06-02,,0,0.0
RIQ-06695,Pro,Fintech,Mumbai,Organic Search,Annual,15,1570.0,18840.0,0.0,99.0,20,9300.0,2022-06-24,,0,0.0
RIQ-06696,Basic,E-commerce,Bengaluru,Social Media,Monthly,3,530.0,6360.0,0.0,49.0,1,4200.0,2022-04-22,2022-07-29,1,6360.0
RIQ-06697,Pro,Edtech,Hyderabad,Email Campaign,Annual,6,1920.0,23040.0,0.0,68.0,14,7500.0,2022-09-22,,0,0.0
RIQ-06698,Enterprise,Edtech,Bengaluru,Social Media,Annual,9,5680.0,68160.0,3.0,80.0,31,41000.0,2022-08-13,2023-05-13,1,68160.0
RIQ-06699,Pro,Fintech,Bengaluru,Email Campaign,Annual,15,2340.0,28080.0,2.0,56.0,10,13100.0,2022-06-13,2023-08-25,1,28080.0
RIQ-06700,Pro,E-commerce,Bengaluru,Paid Search,Monthly,4,2200.0,26400.0,0.0,60.0,14,14700.0,2022-05-06,,0,0.0
RIQ-06701,Basic,Fintech,Pune,Email Campaign,Monthly,13,500.0,6000.0,5.0,27.0,4,3500.0,2022-10-07,2023-11-16,1,6000.0
RIQ-06702,Basic,E-commerce,Mumbai,Paid Search,Monthly,10,730.0,8760.0,3.0,65.0,10,3100.0,2023-05-10,2024-02-21,1,8760.0
RIQ-06703,Basic,E-commerce,Bengaluru,Organic Search,Annual,1,870.0,10440.0,0.0,23.0,7,3900.0,2023-04-21,,0,0.0
RIQ-06704,Pro,E-commerce,Pune,Social Media,Monthly,4,1810.0,21720.0,1.0,92.0,14,11200.0,2023-07-16,2023-11-16,1,21720.0
RIQ-06705,Enterprise,Fintech,Delhi,Social Media,Monthly,6,7010.0,84120.0,2.0,60.0,16,39700.0,2022-11-14,,0,0.0
RIQ-06706,Pro,Fintech,Chennai,Social Media,Annual,9,2290.0,27480.0,2.0,48.0,16,12800.0,2023-11-15,,0,0.0
RIQ-06707,Basic,Healthcare,Bengaluru,Referral,Monthly,11,690.0,8280.0,2.0,57.0,6,4200.0,2023-05-01,,0,0.0
RIQ-06708,Basic,E-commerce,Delhi,Direct,Monthly,5,740.0,8880.0,2.0,50.0,13,3700.0,2023-02-08,2023-06-24,1,8880.0
RIQ-06709,Pro,Healthcare,Mumbai,Paid Search,Monthly,58,2240.0,26880.0,0.0,61.0,6,7300.0,2022-12-17,,0,0.0
RIQ-06710,Pro,Fintech,Delhi,Paid Search,Annual,56,1830.0,21960.0,4.0,78.0,16,6600.0,2022-11-25,,0,0.0
RIQ-06711,Basic,E-commerce,Bengaluru,Social Media,Monthly,17,640.0,7680.0,2.0,8.0,7,3600.0,2023-10-01,2025-02-24,1,7680.0
RIQ-06712,Pro,Edtech,Chennai,Referral,Monthly,10,2000.0,24000.0,1.0,93.0,17,8700.0,2022-05-28,,0,0.0
RIQ-06713,Basic,Edtech,Hyderabad,Social Media,Annual,3,580.0,6960.0,2.0,50.0,10,4100.0,2023-03-18,2023-06-03,1,6960.0
RIQ-06714,Basic,Healthcare,Mumbai,Organic Search,Annual,3,710.0,8520.0,1.0,38.0,11,2500.0,2023-09-14,,0,0.0
RIQ-06715,Basic,Fintech,Delhi,Email Campaign,Monthly,16,840.0,10080.0,1.0,64.0,15,3300.0,2023-10-23,2025-02-15,1,10080.0
RIQ-06716,Pro,E-commerce,Delhi,Paid Search,Annual,8,1880.0,22560.0,1.0,92.0,15,9700.0,2023-05-06,,0,0.0
RIQ-06717,Basic,Edtech,Pune,Social Media,Annual,2,600.0,7200.0,2.0,60.0,1,2500.0,2022-02-08,2022-04-01,1,7200.0
RIQ-06718,Pro,Edtech,Hyderabad,Social Media,Annual,36,1550.0,18600.0,0.0,75.0,18,7700.0,2022-04-02,,0,0.0
RIQ-06719,Basic,E-commerce,Pune,Direct,Monthly,5,950.0,11400.0,2.0,62.0,8,4500.0,2022-09-05,,0,0.0
RIQ-06720,Pro,Healthcare,Mumbai,Social Media,Monthly,10,1610.0,19320.0,2.0,50.0,17,9600.0,2023-06-05,2024-03-24,1,19320.0
RIQ-06721,Pro,Edtech,Chennai,Paid Search,Annual,3,2030.0,24360.0,3.0,57.0,15,8900.0,2022-12-18,,0,0.0
RIQ-06722,Basic,Fintech,Chennai,Paid Search,Annual,7,640.0,7680.0,2.0,41.0,15,3700.0,2022-06-07,,0,0.0
RIQ-06723,Basic,Fintech,Bengaluru,Referral,Annual,1,600.0,7200.0,1.0,25.0,1,3400.0,2023-09-16,,0,0.0
RIQ-06724,basic,E-commerce,Delhi,Referral,Monthly,22,980.0,11760.0,2.0,78.0,10,3000.0,2022-08-05,,0,0.0
RIQ-06725,Pro,Healthcare,Chennai,Social Media,Monthly,1,2380.0,28560.0,3.0,62.0,18,12400.0,2022-07-24,2022-08-28,1,28560.0
RIQ-06726,Pro,Edtech,Bengaluru,Social Media,Monthly,5,1740.0,20880.0,1.0,54.0,19,14600.0,2022-12-24,,0,0.0
RIQ-06727,Enterprise,E-commerce,Bengaluru,Organic Search,Annual,50,7160.0,85920.0,2.0,76.0,26,53600.0,2022-09-11,,0,0.0
RIQ-06728,Pro,Fintech,Delhi,Paid Search,Annual,10,2210.0,26520.0,1.0,48.0,12,12700.0,2023-08-12,2024-06-03,1,26520.0
RIQ-06729,Pro,Edtech,Hyderabad,Direct,Monthly,8,1750.0,21000.0,3.0,66.0,13,14300.0,2023-04-21,,0,0.0
RIQ-06730,Pro,Edtech,Mumbai,Paid Search,Annual,3,2180.0,26160.0,2.0,35.0,12,11400.0,2022-02-17,,0,0.0
RIQ-06731,Pro,Edtech,Pune,Email Campaign,Monthly,3,2490.0,29880.0,0.0,60.0,13,13700.0,2023-03-19,,0,0.0
RIQ-06732,Basic,Edtech,Mumbai,Social Media,Monthly,28,650.0,7800.0,3.0,43.0,6,3300.0,2023-04-27,,0,0.0
RIQ-06733,Enterprise,Fintech,Mumbai,Social Media,Annual,10,6970.0,83640.0,0.0,73.0,17,37300.0,2023-12-02,,0,0.0
RIQ-06734,Pro,Fintech,Pune,Paid Search,Annual,4,2360.0,28320.0,0.0,57.0,13,11300.0,2022-04-30,,0,0.0
RIQ-06735,Basic,Edtech,Mumbai,Organic Search,Monthly,4,740.0,8880.0,1.0,54.0,4,5000.0,2023-09-13,2024-01-24,1,8880.0
RIQ-06736,Basic,Fintech,Hyderabad,Organic Search,Monthly,24,560.0,6720.0,5.0,47.0,1,4400.0,2023-05-22,,0,0.0
RIQ-06737,Basic,Fintech,Hyderabad,Organic Search,Monthly,1,890.0,10680.0,1.0,48.0,5,4600.0,2023-09-28,2023-10-23,1,10680.0
RIQ-06738,Basic,Healthcare,Mumbai,Social Media,Monthly,25,920.0,11040.0,0.0,99.0,11,3600.0,2022-07-12,,0,0.0
RIQ-06739,Basic,E-commerce,Hyderabad,Social Media,Annual,6,960.0,11520.0,6.0,55.0,2,4600.0,2022-05-08,2022-11-13,1,11520.0
RIQ-06740,Pro,E-commerce,Bengaluru,Referral,Monthly,9,1540.0,18480.0,0.0,43.0,14,12600.0,2022-10-08,,0,0.0
RIQ-06741,Basic,Fintech,Chennai,Email Campaign,Annual,8,910.0,10920.0,3.0,35.0,1,3300.0,2022-10-05,,0,0.0
RIQ-06742,Basic,Healthcare,Pune,Paid Search,Annual,8,690.0,8280.0,1.0,64.0,5,2700.0,2023-03-12,2023-11-05,1,8280.0
RIQ-06743,Pro,Edtech,Delhi,Organic Search,Monthly,13,2480.0,29760.0,1.0,79.0,17,7400.0,2022-12-28,,0,0.0
RIQ-06744,Pro,Healthcare,Mumbai,Direct,Annual,60,1630.0,19560.0,2.0,66.0,12,12100.0,2022-05-12,,0,0.0
RIQ-06745,Basic,Edtech,Hyderabad,Email Campaign,Annual,8,640.0,7680.0,2.0,65.0,12,2200.0,2022-08-29,,0,0.0
RIQ-06746,Pro,Healthcare,Chennai,Organic Search,Annual,10,2350.0,28200.0,2.0,31.0,12,6600.0,2023-06-24,,0,0.0
RIQ-06747,Basic,Fintech,Pune,Referral,Monthly,2,580.0,6960.0,1.0,21.0,10,2800.0,2022-05-25,2022-08-06,1,6960.0
RIQ-06748,Basic,Healthcare,Delhi,Direct,Monthly,4,670.0,8040.0,2.0,46.0,11,2800.0,2023-05-15,,0,0.0
RIQ-06749,Basic,Fintech,Delhi,Referral,Annual,7,800.0,9600.0,5.0,57.0,3,2600.0,2022-09-10,2023-04-23,1,9600.0
RIQ-06750,Basic,Fintech,Hyderabad,Email Campaign,Annual,1,970.0,11640.0,1.0,14.0,4,4400.0,2023-08-02,2023-09-05,1,11640.0
RIQ-06751,Basic,Healthcare,Bengaluru,Email Campaign,Monthly,9,500.0,6000.0,0.0,22.0,4,2100.0,2022-07-27,2023-04-10,1,6000.0
RIQ-06752,Enterprise,E-commerce,Mumbai,Direct,Annual,22,5480.0,65760.0,2.0,84.0,24,48100.0,2023-07-25,,0,0.0
RIQ-06753,Pro,Edtech,Delhi,Organic Search,Annual,7,1740.0,20880.0,1.0,75.0,15,10400.0,2022-05-13,,0,0.0
RIQ-06754,Basic,E-commerce,Chennai,Social Media,Annual,16,610.0,7320.0,2.0,47.0,11,3100.0,2023-03-23,,0,0.0
RIQ-06755,Enterprise,E-commerce,Hyderabad,Organic Search,Annual,60,7190.0,86280.0,3.0,87.0,28,33500.0,2023-03-31,,0,0.0
RIQ-06756,Basic,Healthcare,Delhi,Email Campaign,Monthly,2,650.0,7800.0,3.0,36.0,12,3400.0,2022-04-20,2022-06-13,1,7800.0
RIQ-06757,Enterprise,Healthcare,Mumbai,Email Campaign,Annual,20,7030.0,84360.0,0.0,66.0,24,43200.0,2022-04-19,,0,0.0
RIQ-06758,Enterprise,Fintech,Mumbai,Social Media,Annual,12,8990.0,107880.0,0.0,62.0,23,30700.0,2023-08-14,,0,0.0
RIQ-06759,Basic,Edtech,Bengaluru,Referral,Monthly,3,730.0,8760.0,1.0,68.0,8,2400.0,2022-02-22,2022-06-03,1,8760.0
RIQ-06760,Pro,E-commerce,Delhi,Social Media,Annual,4,2140.0,25680.0,2.0,27.0,14,13500.0,2022-08-01,,0,0.0
RIQ-06761,Basic,E-commerce,Delhi,Social Media,Annual,9,620.0,7440.0,3.0,61.0,1,3300.0,2022-02-21,,0,0.0
RIQ-06762,pro,Healthcare,Hyderabad,Direct,Monthly,37,2040.0,24480.0,0.0,23.0,12,9000.0,2023-09-20,,0,0.0
RIQ-06763,Basic,E-commerce,Bengaluru,Paid Search,Monthly,22,640.0,7680.0,5.0,61.0,1,2600.0,2023-04-03,2025-01-22,1,7680.0
RIQ-06764,Basic,E-commerce,Mumbai,Email Campaign,Monthly,9,530.0,6360.0,1.0,41.0,1,3800.0,2022-05-15,,0,0.0
RIQ-06765,Pro,E-commerce,Hyderabad,Social Media,Annual,53,1950.0,23400.0,2.0,98.0,20,7000.0,2022-04-25,,0,0.0
RIQ-06766,Pro,Healthcare,Delhi,Social Media,Annual,4,1850.0,22200.0,0.0,74.0,12,13100.0,2022-09-06,,0,0.0
RIQ-06767,Enterprise,Fintech,Mumbai,Organic Search,Monthly,8,8340.0,100080.0,0.0,83.0,24,23400.0,2022-03-31,,0,0.0
RIQ-06768,Basic,E-commerce,Delhi,Direct,Annual,4,870.0,10440.0,4.0,34.0,8,4800.0,2023-03-08,,0,0.0
RIQ-06769,Enterprise,Healthcare,Delhi,Direct,Monthly,12,9170.0,110040.0,2.0,78.0,21,33000.0,2023-02-05,,0,0.0
RIQ-06770,Basic,Healthcare,Pune,Social Media,Annual,7,540.0,6480.0,3.0,46.0,8,2800.0,2022-01-04,2022-08-09,1,6480.0
RIQ-06771,Pro,Edtech,Mumbai,Email Campaign,Annual,30,2380.0,28560.0,0.0,34.0,10,8300.0,2023-02-06,,0,0.0
RIQ-06772,Pro,E-commerce,Delhi,Referral,Monthly,60,2250.0,27000.0,2.0,75.0,9,9800.0,2023-07-31,,0,0.0
RIQ-06773,Enterprise,E-commerce,Pune,Organic Search,Annual,12,5740.0,68880.0,1.0,75.0,24,26000.0,2022-01-08,,0,0.0
RIQ-06774,Pro,Healthcare,Bengaluru,Email Campaign,Monthly,17,2420.0,29040.0,1.0,76.0,9,10500.0,2023-03-29,,0,0.0
RIQ-06775,Basic,E-commerce,Bengaluru,Social Media,Annual,2,730.0,8760.0,2.0,37.0,3,3900.0,2022-02-18,2022-05-01,1,8760.0
RIQ-06776,Basic,Edtech,Delhi,Direct,Monthly,19,960.0,11520.0,2.0,28.0,12,3400.0,2022-11-24,2024-06-22,1,11520.0
RIQ-06777,Basic,E-commerce,Hyderabad,Organic Search,Monthly,21,590.0,7080.0,1.0,41.0,11,2700.0,2023-01-17,,0,0.0
RIQ-06778,Basic,Fintech,Bengaluru,Social Media,Monthly,5,950.0,11400.0,1.0,53.0,5,2600.0,2023-11-13,2024-04-09,1,11400.0
RIQ-06779,Pro,Fintech,Hyderabad,Paid Search,Monthly,6,2230.0,26760.0,1.0,53.0,10,10300.0,2023-03-11,,0,0.0
RIQ-06780,Pro,Fintech,Mumbai,Paid Search,Annual,12,1830.0,21960.0,0.0,68.0,17,7100.0,2023-02-17,2024-02-08,1,21960.0
RIQ-06781,Pro,Edtech,Bengaluru,Referral,Annual,45,2160.0,25920.0,0.0,51.0,15,8200.0,2023-04-19,,0,0.0
RIQ-06782,Pro,Edtech,Hyderabad,Direct,Annual,1,1920.0,23040.0,1.0,49.0,9,12400.0,2022-08-10,,0,0.0
RIQ-06783,Basic,Healthcare,Hyderabad,Social Media,Annual,10,680.0,8160.0,1.0,39.0,1,4600.0,2023-11-18,2024-09-11,1,8160.0
RIQ-06784,Basic,Fintech,Pune,Paid Search,Annual,14,880.0,10560.0,1.0,31.0,5,2900.0,2022-12-09,,0,0.0
RIQ-06785,Pro,Edtech,Mumbai,Referral,Monthly,2,1620.0,19440.0,1.0,42.0,13,8800.0,2022-11-17,,0,0.0
RIQ-06786,Pro,Edtech,Mumbai,Organic Search,Annual,3,1570.0,18840.0,1.0,63.0,14,13100.0,2023-06-12,,0,0.0
RIQ-06787,Pro,Healthcare,Hyderabad,Paid Search,Annual,23,2000.0,24000.0,1.0,69.0,15,9200.0,2023-08-06,,0,0.0
RIQ-06788,Basic,Fintech,Mumbai,Email Campaign,Monthly,3,680.0,8160.0,2.0,54.0,5,3000.0,2023-08-17,2023-11-13,1,8160.0
RIQ-06789,Basic,Healthcare,Hyderabad,Social Media,Monthly,3,960.0,11520.0,2.0,51.0,12,2700.0,2022-08-23,2022-11-28,1,11520.0
RIQ-06790,Basic,Fintech,Bengaluru,Social Media,Monthly,8,780.0,9360.0,1.0,18.0,8,4200.0,2023-02-09,,0,0.0
RIQ-06791,Basic,E-commerce,Chennai,Email Campaign,Monthly,1,540.0,6480.0,1.0,36.0,4,2600.0,2023-08-01,2023-08-21,1,6480.0
RIQ-06792,Basic,Healthcare,Pune,Social Media,Monthly,2,870.0,10440.0,3.0,55.0,3,3100.0,2022-12-13,,0,0.0
RIQ-06793,Enterprise,E-commerce,Chennai,Direct,Annual,45,9190.0,110280.0,1.0,88.0,25,39400.0,2022-07-22,,0,0.0
RIQ-06794,Pro,E-commerce,Hyderabad,Organic Search,Monthly,6,1910.0,22920.0,1.0,74.0,20,7300.0,2022-10-07,,0,0.0
RIQ-06795,Pro,Healthcare,Pune,Paid Search,Monthly,44,1710.0,20520.0,1.0,77.0,11,10200.0,2022-07-09,,0,0.0
RIQ-06796,Pro,Healthcare,Hyderabad,Organic Search,Monthly,10,1720.0,20640.0,0.0,29.0,21,11300.0,2023-05-14,,0,0.0
RIQ-06797,Basic,Healthcare,Delhi,Social Media,Monthly,14,510.0,6120.0,3.0,37.0,8,3900.0,2022-07-25,2023-09-14,1,6120.0
RIQ-06798,Pro,E-commerce,Bengaluru,Organic Search,Annual,3,2170.0,26040.0,2.0,52.0,20,11500.0,2023-09-13,,0,0.0
RIQ-06799,Pro,E-commerce,Pune,Direct,Monthly,9,1590.0,19080.0,0.0,56.0,10,14400.0,2023-11-21,,0,0.0
RIQ-06800,Pro,Edtech,Chennai,Social Media,Annual,3,2400.0,28800.0,0.0,79.0,19,10100.0,2023-07-25,,0,0.0
RIQ-06801,Enterprise,E-commerce,Mumbai,Referral,Annual,32,8230.0,98760.0,1.0,72.0,21,22200.0,2023-08-29,,0,0.0
RIQ-06802,Pro,Healthcare,Mumbai,Referral,Annual,5,2040.0,24480.0,2.0,45.0,8,11900.0,2023-07-06,,0,0.0
RIQ-06803,Basic,Fintech,Mumbai,Referral,Annual,8,870.0,10440.0,1.0,32.0,9,3400.0,2023-02-17,,0,0.0
RIQ-06804,Pro,E-commerce,Delhi,Organic Search,Annual,36,2480.0,29760.0,1.0,52.0,12,8700.0,2023-06-02,,0,0.0
RIQ-06805,Enterprise,Edtech,Mumbai,Organic Search,Annual,8,6960.0,83520.0,0.0,65.0,17,37300.0,2023-09-15,,0,0.0
RIQ-06806,Pro,Edtech,Chennai,Referral,Annual,3,2180.0,26160.0,1.0,72.0,9,11100.0,2022-01-05,,0,0.0
RIQ-06807,Pro,Fintech,Bengaluru,Direct,Monthly,13,2020.0,24240.0,2.0,90.0,8,12100.0,2023-06-02,,0,0.0
RIQ-06808,Pro,E-commerce,Delhi,Referral,Annual,7,2230.0,26760.0,1.0,59.0,19,11200.0,2023-06-27,,0,0.0
RIQ-06809,Enterprise,Edtech,Mumbai,Organic Search,Annual,20,8170.0,98040.0,0.0,91.0,21,35100.0,2022-06-19,,0,0.0
RIQ-06810,Basic,E-commerce,Pune,Paid Search,Monthly,1,780.0,9360.0,4.0,61.0,3,4400.0,2022-05-30,2022-06-20,1,9360.0
RIQ-06811,Pro,Healthcare,Bengaluru,Social Media,Annual,2,2230.0,26760.0,1.0,92.0,14,14500.0,2022-06-12,2022-08-11,1,26760.0
RIQ-06812,Basic,E-commerce,Mumbai,Paid Search,Monthly,21,940.0,11280.0,3.0,33.0,8,4500.0,2023-07-08,,0,0.0
RIQ-06813,Basic,Edtech,Delhi,Email Campaign,Monthly,10,980.0,11760.0,5.0,49.0,1,3400.0,2023-11-30,2024-09-18,1,11760.0
RIQ-06814,Basic,Edtech,Bengaluru,Social Media,Monthly,1,620.0,7440.0,1.0,19.0,13,4600.0,2023-10-16,2023-11-08,1,7440.0
RIQ-06815,Pro,E-commerce,Hyderabad,Organic Search,Annual,32,1600.0,19200.0,1.0,58.0,14,14600.0,2022-12-28,,0,0.0
RIQ-06816,Basic,Fintech,Delhi,Social Media,Monthly,1,870.0,10440.0,5.0,54.0,1,2100.0,2022-03-31,2022-05-02,1,10440.0
RIQ-06817,Pro,Fintech,Delhi,Social Media,Annual,31,1670.0,20040.0,2.0,22.0,16,12600.0,2023-07-17,,0,0.0
RIQ-06818,Pro,Edtech,Bengaluru,Direct,Annual,5,2020.0,24240.0,1.0,40.0,10,11500.0,2023-04-28,,0,0.0
RIQ-06819,Basic,Healthcare,Delhi,Email Campaign,Annual,3,980.0,11760.0,3.0,56.0,9,5000.0,2023-09-11,2023-12-23,1,11760.0
RIQ-06820,Basic,Healthcare,Delhi,Organic Search,Monthly,3,840.0,10080.0,2.0,40.0,1,4700.0,2023-10-28,2024-02-01,1,10080.0
RIQ-06821,Pro,Edtech,Mumbai,Social Media,Monthly,44,1930.0,23160.0,0.0,58.0,7,6800.0,2022-11-28,,0,0.0
RIQ-06822,Pro,E-commerce,Hyderabad,Email Campaign,Annual,38,1770.0,21240.0,1.0,84.0,17,8100.0,2023-07-29,,0,0.0
RIQ-06823,Pro,Edtech,Bengaluru,Paid Search,Annual,1,2370.0,28440.0,1.0,58.0,12,6200.0,2023-07-12,,0,0.0
RIQ-06824,Basic,Healthcare,Bengaluru,Paid Search,Monthly,11,870.0,10440.0,2.0,42.0,1,3300.0,2022-10-02,2023-08-28,1,10440.0
RIQ-06825,Pro,Healthcare,Pune,Paid Search,Monthly,21,2330.0,27960.0,2.0,23.0,16,10400.0,2022-07-28,,0,0.0
RIQ-06826,Basic,E-commerce,Delhi,Referral,Annual,9,620.0,7440.0,1.0,54.0,5,3700.0,2023-09-17,,0,0.0
RIQ-06827,Pro,Edtech,Chennai,Referral,Monthly,12,2380.0,28560.0,1.0,81.0,9,6300.0,2022-06-13,,0,0.0
RIQ-06828,Pro,Healthcare,Chennai,Email Campaign,Monthly,12,1590.0,19080.0,2.0,91.0,17,6100.0,2023-01-11,,0,0.0
RIQ-06829,Enterprise,Fintech,Pune,Social Media,Annual,2,7900.0,94800.0,0.0,48.0,18,27800.0,2023-01-08,,0,0.0
RIQ-06830,Enterprise,Healthcare,Delhi,Referral,Annual,20,9070.0,108840.0,0.0,70.0,23,47200.0,2023-02-09,,0,0.0
RIQ-06831,Pro,Fintech,Pune,Paid Search,Monthly,1,1790.0,21480.0,0.0,51.0,17,7600.0,2022-01-05,,0,0.0
RIQ-06832,Basic,Healthcare,Delhi,Referral,Monthly,5,520.0,6240.0,1.0,18.0,6,3600.0,2022-09-08,2023-01-24,1,6240.0
RIQ-06833,Pro,E-commerce,Pune,Organic Search,Annual,31,1530.0,18360.0,1.0,54.0,11,9100.0,2022-04-26,,0,0.0
RIQ-06834,Basic,E-commerce,Bengaluru,Social Media,Monthly,2,920.0,11040.0,4.0,42.0,2,4000.0,2022-09-08,2022-10-26,1,11040.0
RIQ-06835,Enterprise,Fintech,Mumbai,Referral,Annual,60,6990.0,83880.0,0.0,92.0,24,48000.0,2023-08-13,,0,0.0
RIQ-06836,Enterprise,E-commerce,Mumbai,Organic Search,Annual,2,8450.0,101400.0,0.0,80.0,21,49900.0,2023-11-03,,0,0.0
RIQ-06837,Pro,Edtech,Mumbai,Direct,Annual,15,2450.0,29400.0,3.0,68.0,13,14600.0,2023-01-21,2024-04-27,1,29400.0
RIQ-06838,Enterprise,E-commerce,Pune,Organic Search,Annual,7,8790.0,105480.0,1.0,90.0,20,30300.0,2022-10-29,,0,0.0
RIQ-06839,Pro,E-commerce,Delhi,Email Campaign,Annual,7,1720.0,20640.0,2.0,61.0,14,10300.0,2023-06-07,,0,0.0
RIQ-06840,Basic,Edtech,Mumbai,Referral,Annual,6,540.0,6480.0,0.0,57.0,8,4200.0,2022-10-19,,0,0.0
RIQ-06841,Pro,Fintech,Bengaluru,Referral,Monthly,16,1610.0,19320.0,3.0,53.0,13,12400.0,2023-10-04,,0,0.0
RIQ-06842,Enterprise,Fintech,Mumbai,Social Media,Annual,7,5050.0,60600.0,0.0,100.0,28,56200.0,2023-05-10,,0,0.0
RIQ-06843,Basic,Fintech,Chennai,Social Media,Monthly,4,920.0,11040.0,1.0,46.0,7,3900.0,2022-02-24,2022-06-10,1,11040.0
RIQ-06844,Basic,Edtech,Mumbai,Email Campaign,Monthly,26,760.0,9120.0,2.0,54.0,5,4200.0,2023-07-13,2025-09-14,1,9120.0
RIQ-06845,Pro,E-commerce,Bengaluru,Paid Search,Monthly,23,2140.0,25680.0,2.0,60.0,18,7500.0,2022-07-03,,0,0.0
RIQ-06846,Enterprise,E-commerce,Pune,Direct,Annual,9,8410.0,100920.0,1.0,75.0,21,48400.0,2022-01-26,,0,0.0
RIQ-06847,Basic,Edtech,Mumbai,Social Media,Monthly,8,590.0,7080.0,2.0,11.0,7,2700.0,2022-03-19,2022-11-16,1,7080.0
RIQ-06848,Pro,E-commerce,Pune,Paid Search,Monthly,7,1690.0,20280.0,1.0,60.0,17,7300.0,2023-04-07,2023-10-31,1,20280.0
RIQ-06849,Pro,Healthcare,Pune,Organic Search,Annual,23,2380.0,28560.0,0.0,61.0,11,6900.0,2022-04-01,,0,0.0
RIQ-06850,Pro,Healthcare,Mumbai,Social Media,Monthly,12,1850.0,22200.0,3.0,65.0,23,14600.0,2022-10-25,,0,0.0
RIQ-06851,Pro,Fintech,Chennai,Organic Search,Annual,10,1670.0,20040.0,0.0,83.0,11,6900.0,2023-01-31,2023-11-27,1,20040.0
RIQ-06852,Enterprise,Healthcare,Chennai,Paid Search,Annual,20,7000.0,84000.0,0.0,57.0,20,59500.0,2023-06-02,,0,0.0
RIQ-06853,Basic,Healthcare,Mumbai,Direct,Monthly,1,730.0,8760.0,4.0,46.0,5,4200.0,2023-07-04,2023-08-01,1,8760.0
RIQ-06854,Pro,Fintech,Chennai,Social Media,Annual,22,1820.0,21840.0,1.0,64.0,14,9600.0,2022-12-08,,0,0.0
RIQ-06855,Basic,Edtech,Bengaluru,Referral,Monthly,13,580.0,6960.0,1.0,29.0,1,4300.0,2023-03-30,2024-04-15,1,6960.0
RIQ-06856,Basic,Edtech,Mumbai,Social Media,Monthly,8,790.0,9480.0,3.0,49.0,7,3400.0,2022-03-27,,0,0.0
RIQ-06857,Pro,Healthcare,Bengaluru,Organic Search,Annual,8,1710.0,20520.0,1.0,72.0,17,12100.0,2022-01-24,,0,0.0
RIQ-06858,Basic,Healthcare,Mumbai,Referral,Annual,2,600.0,7200.0,3.0,26.0,8,3600.0,2023-09-15,,0,0.0
RIQ-06859,Basic,E-commerce,Delhi,Paid Search,Monthly,7,670.0,8040.0,1.0,54.0,2,4400.0,2023-04-04,2023-10-26,1,8040.0
RIQ-06860,Enterprise,Edtech,Mumbai,Direct,Annual,2,6600.0,79200.0,1.0,69.0,30,37900.0,2023-07-15,,0,0.0
RIQ-06861,Basic,Fintech,Mumbai,Organic Search,Annual,1,620.0,7440.0,0.0,66.0,10,3500.0,2023-05-24,,0,0.0
RIQ-06862,basic,Fintech,Mumbai,Social Media,Annual,2,520.0,6240.0,0.0,40.0,9,4000.0,2022-01-08,2022-03-11,1,6240.0
RIQ-06863,Basic,Healthcare,Mumbai,Paid Search,Monthly,1,720.0,8640.0,3.0,61.0,2,2900.0,2022-10-07,2022-11-12,1,8640.0
RIQ-06864,Basic,Healthcare,Delhi,Paid Search,Monthly,9,620.0,7440.0,0.0,33.0,14,4700.0,2022-12-02,2023-09-05,1,7440.0
RIQ-06865,Enterprise,Healthcare,Chennai,Direct,Annual,49,7210.0,86520.0,0.0,62.0,27,29700.0,2023-04-11,,0,0.0
RIQ-06866,Basic,E-commerce,Chennai,Referral,Annual,1,860.0,10320.0,0.0,69.0,7,2600.0,2023-07-16,,0,0.0
RIQ-06867,Basic,Fintech,Chennai,Social Media,Monthly,2,770.0,9240.0,1.0,24.0,7,2000.0,2022-08-30,2022-10-18,1,9240.0
RIQ-06868,Basic,Healthcare,Delhi,Organic Search,Annual,5,530.0,6360.0,3.0,83.0,5,2800.0,2022-07-17,,0,0.0
RIQ-06869,Pro,Fintech,Mumbai,Email Campaign,Annual,4,1880.0,22560.0,0.0,44.0,7,11600.0,2022-02-01,,0,0.0
RIQ-06870,Pro,Healthcare,Chennai,Email Campaign,Monthly,6,1530.0,18360.0,0.0,89.0,17,8800.0,2022-11-07,,0,0.0
RIQ-06871,Basic,Edtech,Mumbai,Social Media,Monthly,6,730.0,8760.0,2.0,75.0,1,4900.0,2022-10-07,2023-04-17,1,8760.0
RIQ-06872,Basic,E-commerce,Mumbai,Organic Search,Monthly,5,730.0,8760.0,4.0,63.0,1,2800.0,2023-11-16,2024-04-11,1,8760.0
RIQ-06873,Pro,Edtech,Bengaluru,Organic Search,Annual,21,1940.0,23280.0,0.0,40.0,15,11000.0,2023-03-23,,0,0.0
RIQ-06874,Basic,Healthcare,Bengaluru,Paid Search,Monthly,24,810.0,9720.0,1.0,60.0,1,2500.0,2022-04-02,,0,0.0
RIQ-06875,Pro,Edtech,Bengaluru,Email Campaign,Annual,7,2330.0,27960.0,1.0,53.0,11,11400.0,2023-04-04,,0,0.0
RIQ-06876,Basic,Fintech,Mumbai,Referral,Annual,6,650.0,7800.0,4.0,39.0,8,4800.0,2022-03-24,,0,0.0
RIQ-06877,Enterprise,Edtech,Delhi,Referral,Monthly,35,5600.0,67200.0,2.0,86.0,31,58000.0,2022-03-05,2025-02-01,1,67200.0
RIQ-06878,Pro,E-commerce,Pune,Direct,Annual,4,1770.0,21240.0,2.0,82.0,16,10500.0,2022-12-10,,0,0.0
RIQ-06879,Pro,Fintech,Bengaluru,Organic Search,Monthly,3,1960.0,23520.0,1.0,63.0,10,11300.0,2023-03-03,,0,0.0
RIQ-06880,Pro,Edtech,Bengaluru,Direct,Annual,38,1770.0,21240.0,1.0,56.0,11,6900.0,2023-02-13,,0,0.0
RIQ-06881,Pro,E-commerce,Mumbai,Referral,Monthly,8,1650.0,19800.0,1.0,73.0,17,8800.0,2022-04-07,,0,0.0
RIQ-06882,Pro,Healthcare,Chennai,Paid Search,Monthly,2,2400.0,28800.0,1.0,71.0,9,7200.0,2023-04-23,2023-07-01,1,28800.0
RIQ-06883,Pro,Fintech,Bengaluru,Direct,Monthly,3,1700.0,20400.0,1.0,62.0,9,14900.0,2022-01-05,,0,0.0
RIQ-06884,Basic,Fintech,Delhi,Organic Search,Monthly,13,650.0,7800.0,2.0,43.0,2,4600.0,2023-06-01,,0,0.0
RIQ-06885,Pro,E-commerce,Mumbai,Organic Search,Annual,3,1820.0,21840.0,1.0,57.0,14,6500.0,2022-07-14,,0,0.0
RIQ-06886,Enterprise,Healthcare,Hyderabad,Organic Search,Annual,8,8180.0,98160.0,0.0,100.0,14,41000.0,2023-10-22,,0,0.0
RIQ-06887,Pro,E-commerce,Pune,Organic Search,Monthly,8,2050.0,24600.0,1.0,36.0,7,10500.0,2022-08-30,,0,0.0
RIQ-06888,Basic,E-commerce,Bengaluru,Direct,Annual,1,730.0,8760.0,0.0,62.0,9,3900.0,2022-06-25,,0,0.0
RIQ-06889,basic,Edtech,Bengaluru,Direct,Monthly,4,810.0,9720.0,0.0,12.0,3,3400.0,2022-12-14,2023-04-20,1,9720.0
RIQ-06890,Pro,Fintech,Delhi,Email Campaign,Monthly,22,2200.0,26400.0,2.0,18.0,16,13300.0,2022-09-19,,0,0.0
RIQ-06891,Pro,Healthcare,Mumbai,Email Campaign,Annual,5,2000.0,24000.0,2.0,41.0,11,12400.0,2023-11-13,,0,0.0
RIQ-06892,Enterprise,Fintech,Mumbai,Referral,Annual,60,6540.0,78480.0,2.0,86.0,33,25400.0,2023-01-29,,0,0.0
RIQ-06893,Basic,Edtech,Pune,Organic Search,Monthly,2,730.0,8760.0,3.0,67.0,5,2700.0,2023-08-23,2023-10-24,1,8760.0
RIQ-06894,Pro,Edtech,Hyderabad,Referral,Monthly,6,2180.0,26160.0,0.0,48.0,11,11400.0,2022-05-15,,0,0.0
RIQ-06895,Basic,E-commerce,Delhi,Organic Search,Monthly,1,780.0,9360.0,1.0,20.0,7,3200.0,2023-11-09,2023-12-08,1,9360.0
RIQ-06896,Pro,E-commerce,Hyderabad,Social Media,Annual,2,1750.0,21000.0,0.0,62.0,13,13700.0,2022-08-20,,0,0.0
RIQ-06897,Pro,Healthcare,Pune,Referral,Annual,8,2440.0,29280.0,1.0,92.0,10,13700.0,2023-10-08,,0,0.0
RIQ-06898,Basic,E-commerce,Delhi,Social Media,Annual,3,600.0,7200.0,3.0,74.0,9,4300.0,2022-10-04,,0,0.0
RIQ-06899,Basic,E-commerce,Bengaluru,Direct,Annual,3,570.0,6840.0,2.0,43.0,8,3200.0,2023-01-19,,0,0.0
RIQ-06900,Pro,Edtech,Pune,Social Media,Monthly,6,2480.0,29760.0,0.0,66.0,14,9700.0,2022-07-01,,0,0.0
RIQ-06901,Basic,E-commerce,Delhi,Email Campaign,Annual,26,900.0,10800.0,1.0,8.0,1,3700.0,2023-06-25,,0,0.0
RIQ-06902,Pro,Fintech,Hyderabad,Referral,Annual,13,1860.0,22320.0,1.0,82.0,14,8400.0,2022-02-02,,0,0.0
RIQ-06903,Pro,E-commerce,Bengaluru,Paid Search,Annual,3,2220.0,26640.0,1.0,43.0,19,7800.0,2023-10-31,,0,0.0
RIQ-06904,Pro,Fintech,Bengaluru,Email Campaign,Annual,8,2430.0,29160.0,2.0,65.0,17,10200.0,2022-03-28,,0,0.0
RIQ-06905,Basic,Edtech,Chennai,Organic Search,Annual,18,790.0,9480.0,2.0,23.0,4,3000.0,2022-10-28,2024-04-23,1,9480.0
RIQ-06906,Basic,Edtech,Pune,Social Media,Monthly,2,910.0,10920.0,1.0,45.0,4,3600.0,2023-10-09,2023-12-10,1,10920.0
RIQ-06907,Basic,Edtech,Pune,Email Campaign,Monthly,1,880.0,10560.0,1.0,71.0,7,3500.0,2023-01-23,2023-02-14,1,10560.0
RIQ-06908,Enterprise,E-commerce,Mumbai,Email Campaign,Monthly,60,8120.0,97440.0,1.0,100.0,17,50100.0,2022-05-06,,0,0.0
RIQ-06909,Pro,E-commerce,Pune,Paid Search,Monthly,37,2140.0,25680.0,3.0,83.0,10,9500.0,2022-06-27,2025-07-24,1,25680.0
RIQ-06910,Basic,Fintech,Pune,Paid Search,Monthly,4,800.0,9600.0,2.0,33.0,4,2500.0,2023-05-29,2023-09-25,1,9600.0
RIQ-06911,Basic,Healthcare,Hyderabad,Organic Search,Monthly,5,610.0,7320.0,3.0,10.0,1,3600.0,2023-09-29,2024-03-01,1,7320.0
RIQ-06912,Pro,Healthcare,Pune,Email Campaign,Monthly,5,2070.0,24840.0,2.0,52.0,13,13700.0,2022-05-02,,0,0.0
RIQ-06913,Basic,Fintech,Chennai,Direct,Monthly,16,660.0,7920.0,1.0,38.0,6,2800.0,2022-05-03,,0,0.0
RIQ-06914,Basic,E-commerce,Bengaluru,Paid Search,Monthly,8,900.0,10800.0,3.0,73.0,6,4600.0,2022-08-14,,0,0.0
RIQ-06915,Basic,Fintech,Pune,Paid Search,Monthly,4,960.0,11520.0,6.0,35.0,8,2100.0,2022-08-29,,0,0.0
RIQ-06916,Basic,E-commerce,Pune,Social Media,Monthly,1,780.0,9360.0,0.0,34.0,4,4200.0,2022-09-24,2022-10-19,1,9360.0
RIQ-06917,Pro,Edtech,Delhi,Organic Search,Annual,1,2000.0,24000.0,1.0,88.0,13,14800.0,2022-05-24,,0,0.0
RIQ-06918,Basic,E-commerce,Mumbai,Social Media,Annual,9,620.0,7440.0,3.0,16.0,7,3600.0,2023-05-05,,0,0.0
RIQ-06919,Basic,Edtech,Mumbai,Organic Search,Monthly,1,970.0,11640.0,2.0,56.0,10,4200.0,2022-11-12,2022-12-03,1,11640.0
RIQ-06920,Pro,Healthcare,Bengaluru,Organic Search,Monthly,17,2420.0,29040.0,0.0,60.0,8,9800.0,2023-10-10,,0,0.0
RIQ-06921,Pro,E-commerce,Chennai,Paid Search,Monthly,14,2090.0,25080.0,1.0,65.0,13,9400.0,2022-04-27,,0,0.0
RIQ-06922,Pro,Healthcare,Bengaluru,Referral,Monthly,2,2130.0,25560.0,2.0,44.0,7,14200.0,2022-09-06,,0,0.0
RIQ-06923,Enterprise,Fintech,Bengaluru,Direct,Annual,22,9400.0,112800.0,0.0,78.0,29,40800.0,2022-05-31,,0,0.0
RIQ-06924,Enterprise,E-commerce,Delhi,Referral,Annual,11,7450.0,89400.0,2.0,100.0,20,37000.0,2023-10-06,,0,0.0
RIQ-06925,Pro,Healthcare,Mumbai,Direct,Annual,6,2350.0,28200.0,,61.0,10,9100.0,2022-09-30,,0,0.0
RIQ-06926,Pro,Fintech,Chennai,Paid Search,Monthly,11,1610.0,19320.0,0.0,55.0,14,7200.0,2022-06-18,,0,0.0
RIQ-06927,Pro,E-commerce,Bengaluru,Referral,Annual,15,1580.0,18960.0,1.0,57.0,9,8300.0,2022-02-15,,0,0.0
RIQ-06928,Enterprise,Edtech,Mumbai,Organic Search,Annual,19,9550.0,114600.0,1.0,48.0,24,44800.0,2023-05-08,,0,0.0
RIQ-06929,Enterprise,E-commerce,Mumbai,Social Media,Annual,4,7080.0,84960.0,0.0,83.0,15,24500.0,2023-06-08,,0,0.0
RIQ-06930,Basic,Edtech,Mumbai,Direct,Monthly,7,590.0,7080.0,4.0,24.0,1,4700.0,2023-07-22,2024-02-14,1,7080.0
RIQ-06931,Pro,Edtech,Hyderabad,Email Campaign,Annual,25,2050.0,24600.0,1.0,61.0,12,13700.0,2022-05-25,,0,0.0
RIQ-06932,Pro,E-commerce,Bengaluru,Direct,Annual,4,2260.0,27120.0,0.0,33.0,8,11700.0,2023-09-25,,0,0.0
RIQ-06933,Basic,Edtech,Hyderabad,Paid Search,Annual,7,750.0,9000.0,6.0,19.0,9,2500.0,2022-09-25,,0,0.0
RIQ-06934,Basic,Fintech,Pune,Social Media,Monthly,5,640.0,7680.0,0.0,39.0,6,2800.0,2022-10-12,2023-03-22,1,7680.0
RIQ-06935,Basic,Fintech,Pune,Organic Search,Monthly,20,740.0,8880.0,1.0,51.0,9,2700.0,2023-05-16,2024-12-26,1,8880.0
RIQ-06936,Basic,Healthcare,Mumbai,Email Campaign,Annual,4,530.0,6360.0,2.0,56.0,6,3100.0,2022-12-29,2023-05-01,1,6360.0
RIQ-06937,Pro,E-commerce,Chennai,Email Campaign,Annual,53,1820.0,21840.0,1.0,61.0,20,11400.0,2023-09-06,,0,0.0
RIQ-06938,Enterprise,Healthcare,Bengaluru,Organic Search,Annual,9,6620.0,79440.0,3.0,59.0,21,50100.0,2023-04-27,,0,0.0
RIQ-06939,Basic,E-commerce,Hyderabad,Social Media,Monthly,5,740.0,8880.0,2.0,32.0,6,2500.0,2023-09-16,2024-02-14,1,8880.0
RIQ-06940,Pro,E-commerce,Mumbai,Organic Search,Annual,9,2000.0,24000.0,2.0,34.0,6,13400.0,2023-08-12,,0,0.0
RIQ-06941,Basic,Edtech,Bengaluru,Email Campaign,Monthly,3,920.0,11040.0,1.0,13.0,7,3300.0,2022-08-02,2022-10-28,1,11040.0
RIQ-06942,Pro,Fintech,Hyderabad,Email Campaign,Monthly,4,2120.0,25440.0,0.0,68.0,13,8000.0,2022-02-11,,0,0.0
RIQ-06943,Pro,Edtech,Bengaluru,Paid Search,Monthly,6,2170.0,26040.0,1.0,60.0,18,12900.0,2022-04-16,,0,0.0
RIQ-06944,Basic,Fintech,Hyderabad,Organic Search,Annual,2,610.0,7320.0,5.0,31.0,6,4900.0,2022-02-27,,0,0.0
RIQ-06945,Basic,E-commerce,Mumbai,Paid Search,Monthly,4,870.0,10440.0,3.0,57.0,7,3100.0,2022-05-17,2022-09-15,1,10440.0
RIQ-06946,Basic,Fintech,Chennai,Organic Search,Monthly,7,820.0,9840.0,1.0,28.0,3,4200.0,2023-01-28,2023-08-24,1,9840.0
RIQ-06947,Pro,Edtech,Mumbai,Organic Search,Annual,30,1860.0,22320.0,1.0,76.0,22,14300.0,2023-11-24,,0,0.0
RIQ-06948,Basic,Edtech,Mumbai,Social Media,Monthly,26,740.0,8880.0,3.0,23.0,11,2500.0,2022-03-25,2024-05-23,1,8880.0
RIQ-06949,Basic,Fintech,Pune,Social Media,Annual,6,560.0,6720.0,3.0,76.0,3,2400.0,2022-06-19,2022-12-22,1,6720.0
RIQ-06950,Pro,E-commerce,Pune,Referral,Monthly,20,2410.0,28920.0,2.0,73.0,16,13100.0,2023-06-24,,0,0.0
RIQ-06951,Basic,Edtech,Mumbai,Direct,Monthly,3,670.0,8040.0,2.0,63.0,6,3500.0,2022-10-28,2023-01-12,1,8040.0
RIQ-06952,Basic,E-commerce,Mumbai,Paid Search,Monthly,9,620.0,7440.0,2.0,41.0,10,3100.0,2023-02-20,,0,0.0
RIQ-06953,Pro,Edtech,Bengaluru,Organic Search,Annual,1,2140.0,25680.0,2.0,90.0,16,12900.0,2023-04-27,,0,0.0
RIQ-06954,Pro,Fintech,Mumbai,Referral,Annual,12,1830.0,21960.0,1.0,42.0,15,9800.0,2023-04-03,,0,0.0
RIQ-06955,Pro,Healthcare,Chennai,Social Media,Annual,2,1860.0,22320.0,1.0,62.0,9,10400.0,2022-11-27,2023-01-25,1,22320.0
RIQ-06956,Enterprise,Edtech,Delhi,Organic Search,Annual,29,7800.0,93600.0,2.0,61.0,24,33200.0,2022-12-28,,0,0.0
RIQ-06957,Basic,Fintech,Chennai,Organic Search,Monthly,13,580.0,6960.0,2.0,49.0,10,4800.0,2022-12-05,,0,0.0
RIQ-06958,Pro,Edtech,Delhi,Social Media,Monthly,7,1920.0,23040.0,2.0,53.0,18,6700.0,2023-08-30,2024-04-08,1,23040.0
RIQ-06959,Basic,Fintech,Mumbai,Referral,Monthly,6,660.0,7920.0,1.0,27.0,8,2500.0,2022-06-23,2023-01-01,1,7920.0
RIQ-06960,Basic,E-commerce,Mumbai,Organic Search,Annual,11,950.0,11400.0,2.0,38.0,1,2800.0,2023-09-29,,0,0.0
RIQ-06961,Basic,E-commerce,Delhi,Social Media,Annual,9,710.0,8520.0,3.0,86.0,1,2600.0,2022-06-15,,0,0.0
RIQ-06962,Pro,Healthcare,Bengaluru,Organic Search,Annual,50,2180.0,26160.0,2.0,61.0,16,11100.0,2023-08-22,,0,0.0
RIQ-06963,Basic,Edtech,Bengaluru,Email Campaign,Monthly,3,530.0,6360.0,7.0,58.0,1,3600.0,2022-08-18,2022-11-22,1,6360.0
RIQ-06964,Basic,E-commerce,Delhi,Organic Search,Monthly,21,530.0,6360.0,3.0,54.0,3,4300.0,2022-09-26,,0,0.0
RIQ-06965,Pro,E-commerce,Hyderabad,Social Media,Monthly,4,2440.0,29280.0,3.0,94.0,8,12700.0,2022-10-17,2023-02-03,1,29280.0
RIQ-06966,Pro,Fintech,Hyderabad,Email Campaign,Annual,11,1820.0,21840.0,1.0,67.0,18,12400.0,2023-07-11,,0,0.0
RIQ-06967,Basic,E-commerce,Mumbai,Social Media,Monthly,4,970.0,11640.0,1.0,81.0,8,4100.0,2023-05-09,2023-09-03,1,11640.0
RIQ-06968,Pro,E-commerce,Pune,Social Media,Monthly,5,1920.0,23040.0,1.0,91.0,19,9900.0,2022-11-16,,0,0.0
RIQ-06969,Pro,Healthcare,Hyderabad,Social Media,Annual,31,1770.0,21240.0,0.0,64.0,14,6200.0,2023-06-08,,0,0.0
RIQ-06970,Pro,Healthcare,Hyderabad,Email Campaign,Monthly,7,1700.0,20400.0,0.0,60.0,7,10700.0,2023-02-22,,0,0.0
RIQ-06971,Basic,Fintech,Delhi,Direct,Monthly,13,750.0,9000.0,3.0,29.0,7,3600.0,2023-04-05,2024-04-18,1,9000.0
RIQ-06972,Enterprise,Healthcare,Chennai,Organic Search,Annual,54,9980.0,119760.0,2.0,67.0,23,21600.0,2022-07-13,,0,0.0
RIQ-06973,Pro,Healthcare,Delhi,Social Media,Monthly,23,1600.0,19200.0,2.0,80.0,10,6800.0,2023-09-20,,0,0.0
RIQ-06974,Basic,Fintech,Mumbai,Paid Search,Annual,12,690.0,8280.0,2.0,92.0,6,5000.0,2022-09-09,2023-08-26,1,8280.0
RIQ-06975,Basic,E-commerce,Mumbai,Organic Search,Annual,21,530.0,6360.0,1.0,57.0,5,2900.0,2023-01-18,,0,0.0
RIQ-06976,Basic,E-commerce,Delhi,Organic Search,Annual,12,620.0,7440.0,1.0,60.0,5,4400.0,2023-10-31,,0,0.0
RIQ-06977,Enterprise,Edtech,Hyderabad,Referral,Annual,28,8380.0,100560.0,0.0,83.0,24,28900.0,2023-10-08,,0,0.0
RIQ-06978,Basic,Healthcare,Delhi,Social Media,Monthly,5,950.0,11400.0,2.0,41.0,7,4200.0,2023-07-08,2023-11-21,1,11400.0
RIQ-06979,Basic,Edtech,Pune,Organic Search,Monthly,12,790.0,9480.0,0.0,65.0,5,3500.0,2023-03-02,,0,0.0
RIQ-06980,Pro,Fintech,Bengaluru,Social Media,Annual,2,2000.0,24000.0,0.0,96.0,18,10100.0,2023-04-14,,0,0.0
RIQ-06981,Pro,E-commerce,Delhi,Organic Search,Monthly,14,1840.0,22080.0,0.0,99.0,7,9200.0,2023-04-13,,0,0.0
RIQ-06982,Pro,E-commerce,Chennai,Social Media,Annual,1,2120.0,25440.0,0.0,63.0,13,14700.0,2022-03-01,2022-03-22,1,25440.0
RIQ-06983,Pro,Edtech,Delhi,Social Media,Annual,15,1830.0,21960.0,2.0,48.0,15,12900.0,2022-09-14,,0,0.0
RIQ-06984,Basic,Fintech,Bengaluru,Organic Search,Monthly,1,550.0,6600.0,2.0,41.0,6,3100.0,2022-02-21,2022-03-12,1,6600.0
RIQ-06985,Pro,E-commerce,Bengaluru,Paid Search,Annual,13,1700.0,20400.0,1.0,96.0,10,12600.0,2022-02-20,,0,0.0
RIQ-06986,Basic,Healthcare,Mumbai,Direct,Monthly,12,840.0,10080.0,2.0,55.0,1,4800.0,2022-07-13,2023-07-13,1,10080.0
RIQ-06987,Enterprise,E-commerce,Pune,Referral,Annual,17,8730.0,104760.0,1.0,85.0,23,32600.0,2022-03-13,,0,0.0
RIQ-06988,Basic,Healthcare,Pune,Social Media,Monthly,4,870.0,10440.0,2.0,32.0,10,2100.0,2022-01-30,2022-05-29,1,10440.0
RIQ-06989,Basic,E-commerce,Delhi,Social Media,Annual,15,570.0,6840.0,1.0,33.0,11,2000.0,2023-03-09,,0,0.0
RIQ-06990,Pro,E-commerce,Delhi,Email Campaign,Annual,10,1820.0,21840.0,0.0,73.0,7,8700.0,2022-05-07,,0,0.0
RIQ-06991,Pro,Fintech,Pune,Direct,Monthly,3,1980.0,23760.0,1.0,63.0,6,14100.0,2022-06-10,2022-08-27,1,23760.0
RIQ-06992,Enterprise,E-commerce,Chennai,Referral,Monthly,60,6430.0,77160.0,2.0,75.0,22,25400.0,2022-09-08,,0,0.0
RIQ-06993,Basic,E-commerce,Hyderabad,Social Media,Monthly,4,850.0,10200.0,1.0,45.0,13,3400.0,2023-08-16,,0,0.0
RIQ-06994,Pro,Edtech,Bengaluru,Email Campaign,Monthly,9,1550.0,18600.0,1.0,68.0,13,10300.0,2023-08-04,,0,0.0
RIQ-06995,Enterprise,Healthcare,Hyderabad,Social Media,Monthly,33,5840.0,70080.0,0.0,100.0,18,51000.0,2022-02-04,,0,0.0
RIQ-06996,Basic,Healthcare,Delhi,Social Media,Annual,3,680.0,8160.0,4.0,26.0,10,3400.0,2023-09-27,2023-12-17,1,8160.0
RIQ-06997,Pro,Fintech,Bengaluru,Organic Search,Annual,15,2050.0,24600.0,1.0,98.0,13,14900.0,2023-07-04,,0,0.0
RIQ-06998,Basic,Fintech,Hyderabad,Email Campaign,Monthly,4,950.0,11400.0,2.0,46.0,6,4000.0,2023-08-29,,0,0.0
RIQ-06999,Basic,E-commerce,Delhi,Referral,Monthly,1,980.0,11760.0,0.0,52.0,2,4900.0,2023-09-10,2023-10-06,1,11760.0
RIQ-07000,Basic,Edtech,Hyderabad,Paid Search,Monthly,8,810.0,9720.0,3.0,1.0,5,4100.0,2022-03-10,2022-11-13,1,9720.0
RIQ-07001,Basic,Edtech,Mumbai,Direct,Annual,1,910.0,10920.0,0.0,32.0,6,5000.0,2023-11-04,,0,0.0
RIQ-07002,Basic,Healthcare,Hyderabad,Organic Search,Annual,16,880.0,10560.0,5.0,82.0,8,4500.0,2022-05-28,2023-09-12,1,10560.0
RIQ-07003,Basic,Fintech,Mumbai,Referral,Annual,16,980.0,11760.0,0.0,46.0,9,2900.0,2022-06-23,,0,0.0
RIQ-07004,Pro,Edtech,Bengaluru,Paid Search,Monthly,1,2350.0,28200.0,1.0,72.0,14,10800.0,2023-06-23,,0,0.0
RIQ-07005,Basic,Fintech,Delhi,Organic Search,Monthly,12,750.0,9000.0,3.0,77.0,1,2200.0,2022-01-10,2023-01-15,1,9000.0
RIQ-07006,Enterprise,Fintech,Bengaluru,Referral,Annual,4,7990.0,95880.0,1.0,76.0,13,47400.0,2022-12-21,,0,0.0
RIQ-07007,Pro,Fintech,Chennai,Social Media,Monthly,28,1870.0,22440.0,2.0,60.0,5,11500.0,2022-02-14,,0,0.0
RIQ-07008,Basic,E-commerce,Pune,Social Media,Monthly,1,710.0,8520.0,2.0,44.0,1,3900.0,2022-05-27,2022-07-05,1,8520.0
RIQ-07009,Basic,Edtech,Bengaluru,Referral,Monthly,9,560.0,6720.0,3.0,59.0,4,4100.0,2023-05-31,,0,0.0
RIQ-07010,Basic,Edtech,Chennai,Referral,Monthly,6,830.0,9960.0,3.0,44.0,8,3500.0,2023-04-18,,0,0.0
RIQ-07011,Enterprise,Fintech,Hyderabad,Direct,Annual,28,7480.0,89760.0,2.0,61.0,23,46900.0,2022-10-04,,0,0.0
RIQ-07012,Pro,Edtech,Bengaluru,Direct,Monthly,4,1600.0,19200.0,2.0,38.0,16,8700.0,2022-04-11,,0,0.0
RIQ-07013,Pro,Fintech,Bengaluru,Email Campaign,Monthly,28,2090.0,25080.0,1.0,39.0,14,12700.0,2022-05-11,,0,0.0
RIQ-07014,Basic,E-commerce,Bengaluru,Email Campaign,Monthly,1,630.0,7560.0,3.0,64.0,12,4500.0,2023-05-08,2023-06-02,1,7560.0
RIQ-07015,Pro,Edtech,Delhi,Email Campaign,Annual,6,1680.0,20160.0,0.0,44.0,11,12000.0,2023-05-30,,0,0.0
RIQ-07016,Pro,E-commerce,Delhi,Paid Search,Monthly,48,1620.0,19440.0,1.0,40.0,8,10400.0,2023-07-30,,0,0.0
RIQ-07017,Pro,E-commerce,Hyderabad,Paid Search,Annual,17,1840.0,22080.0,4.0,51.0,13,12100.0,2022-04-03,,0,0.0
RIQ-07018,Basic,E-commerce,Hyderabad,Direct,Monthly,4,940.0,11280.0,2.0,46.0,1,3500.0,2023-06-18,2023-10-30,1,11280.0
RIQ-07019,Basic,E-commerce,Bengaluru,Direct,Monthly,3,550.0,6600.0,1.0,37.0,2,4500.0,2022-11-29,2023-02-23,1,6600.0
RIQ-07020,Basic,E-commerce,Delhi,Organic Search,Monthly,21,710.0,8520.0,0.0,43.0,5,5000.0,2023-07-28,,0,0.0
RIQ-07021,Basic,Healthcare,Hyderabad,Social Media,Monthly,10,780.0,9360.0,2.0,12.0,6,4200.0,2023-03-07,2024-01-15,1,9360.0
RIQ-07022,Basic,Edtech,Hyderabad,Social Media,Monthly,1,510.0,6120.0,3.0,62.0,5,3100.0,2023-08-06,2023-09-18,1,6120.0
RIQ-07023,Basic,Edtech,Pune,Paid Search,Monthly,7,930.0,11160.0,0.0,29.0,4,2600.0,2022-03-15,2022-10-03,1,11160.0
RIQ-07024,Basic,Healthcare,Mumbai,Email Campaign,Monthly,1,590.0,7080.0,5.0,62.0,7,3100.0,2022-09-25,2022-11-08,1,7080.0
RIQ-07025,Basic,Healthcare,Delhi,Organic Search,Monthly,1,700.0,8400.0,2.0,23.0,6,3800.0,2023-02-18,2023-03-07,1,8400.0
RIQ-07026,Basic,E-commerce,Mumbai,Social Media,Annual,3,850.0,10200.0,3.0,73.0,7,4500.0,2023-08-05,2023-11-02,1,10200.0
RIQ-07027,Enterprise,E-commerce,Mumbai,Email Campaign,Annual,19,8800.0,105600.0,0.0,94.0,18,41000.0,2023-02-02,,0,0.0
RIQ-07028,Pro,E-commerce,Chennai,Referral,Annual,8,2070.0,24840.0,0.0,54.0,3,14900.0,2023-06-04,,0,0.0
RIQ-07029,Basic,Healthcare,Mumbai,Email Campaign,Monthly,25,540.0,6480.0,3.0,47.0,10,4800.0,2023-03-12,,0,0.0
RIQ-07030,Pro,Edtech,Mumbai,Paid Search,Annual,31,2130.0,25560.0,4.0,62.0,9,9500.0,2022-09-24,,0,0.0
RIQ-07031,Basic,E-commerce,Bengaluru,Direct,Monthly,2,990.0,11880.0,1.0,49.0,8,3000.0,2022-07-04,2022-09-11,1,11880.0
RIQ-07032,Enterprise,Edtech,Bengaluru,Organic Search,Annual,3,6250.0,75000.0,3.0,94.0,16,31300.0,2022-08-29,2022-11-12,1,75000.0
RIQ-07033,Enterprise,Fintech,Mumbai,Direct,Annual,60,7930.0,95160.0,2.0,84.0,22,58900.0,2022-01-11,,0,0.0
RIQ-07034,Pro,Fintech,Hyderabad,Email Campaign,Annual,10,2250.0,27000.0,1.0,66.0,16,10500.0,2022-04-03,,0,0.0
RIQ-07035,Pro,Fintech,Pune,Paid Search,Annual,40,1970.0,23640.0,2.0,37.0,15,13500.0,2023-11-30,,0,0.0
RIQ-07036,Basic,Fintech,Hyderabad,Paid Search,Monthly,7,670.0,8040.0,4.0,52.0,4,3300.0,2023-02-02,2023-08-16,1,8040.0
RIQ-07037,Basic,Fintech,Mumbai,Paid Search,Monthly,2,710.0,8520.0,1.0,33.0,8,3400.0,2022-12-23,2023-02-19,1,8520.0
RIQ-07038,Basic,Edtech,Mumbai,Social Media,Monthly,3,730.0,8760.0,4.0,29.0,5,4200.0,2023-02-05,2023-05-10,1,8760.0
RIQ-07039,Pro,Fintech,Bengaluru,Direct,Annual,10,1810.0,21720.0,2.0,56.0,7,8700.0,2022-03-08,,0,0.0
RIQ-07040,Basic,E-commerce,Pune,Email Campaign,Monthly,3,990.0,11880.0,2.0,45.0,10,4600.0,2022-02-06,2022-04-28,1,11880.0
RIQ-07041,Enterprise,E-commerce,Mumbai,Organic Search,Annual,2,6090.0,73080.0,0.0,77.0,27,48400.0,2022-05-11,,0,0.0
RIQ-07042,Basic,Healthcare,Mumbai,Direct,Monthly,9,650.0,7800.0,1.0,58.0,7,4200.0,2023-01-26,2023-10-14,1,7800.0
RIQ-07043,Pro,Fintech,Bengaluru,Social Media,Annual,12,1730.0,20760.0,1.0,58.0,20,6700.0,2022-12-16,,0,0.0
RIQ-07044,Basic,Fintech,Chennai,Referral,Monthly,3,840.0,10080.0,4.0,34.0,12,2000.0,2022-06-04,,0,0.0
RIQ-07045,Basic,E-commerce,Pune,Organic Search,Monthly,10,500.0,6000.0,2.0,86.0,1,4600.0,2023-03-16,,0,0.0
RIQ-07046,Basic,Edtech,Bengaluru,Email Campaign,Monthly,2,660.0,7920.0,2.0,21.0,4,5000.0,2023-11-14,,0,0.0
RIQ-07047,Enterprise,Edtech,Delhi,Paid Search,Annual,60,7810.0,93720.0,0.0,52.0,23,55000.0,2022-07-24,,0,0.0
RIQ-07048,Basic,E-commerce,Pune,Organic Search,Monthly,3,850.0,10200.0,2.0,35.0,1,4800.0,2022-04-07,2022-07-11,1,10200.0
RIQ-07049,Enterprise,E-commerce,Bengaluru,Organic Search,Monthly,34,7420.0,89040.0,2.0,71.0,16,45500.0,2023-09-10,,0,0.0
RIQ-07050,Pro,Edtech,Bengaluru,Paid Search,Annual,3,1920.0,23040.0,1.0,64.0,14,11900.0,2023-02-07,,0,0.0
RIQ-07051,Pro,Fintech,Bengaluru,Paid Search,Annual,27,1800.0,21600.0,0.0,85.0,17,11900.0,2022-06-29,,0,0.0
RIQ-07052,Basic,Fintech,Chennai,Social Media,Annual,2,970.0,11640.0,2.0,51.0,1,3700.0,2022-12-01,,0,0.0
RIQ-07053,Enterprise,E-commerce,Chennai,Referral,Monthly,35,6000.0,72000.0,2.0,83.0,23,26900.0,2023-12-02,,0,0.0
RIQ-07054,Basic,Healthcare,Mumbai,Organic Search,Monthly,1,830.0,9960.0,1.0,43.0,9,4500.0,2022-10-12,2022-10-27,1,9960.0
RIQ-07055,Basic,Edtech,Pune,Social Media,Monthly,38,820.0,9840.0,3.0,36.0,7,4000.0,2022-07-22,,0,0.0
RIQ-07056,Pro,Fintech,Bengaluru,Organic Search,Monthly,8,2210.0,26520.0,1.0,39.0,16,12200.0,2022-12-18,,0,0.0
RIQ-07057,Basic,Healthcare,Bengaluru,Organic Search,Monthly,14,660.0,7920.0,2.0,37.0,3,2300.0,2023-04-08,2024-06-12,1,7920.0
RIQ-07058,Basic,Fintech,Mumbai,Direct,Monthly,7,900.0,10800.0,2.0,4.0,1,2200.0,2022-09-13,,0,0.0
RIQ-07059,Pro,Edtech,Delhi,Social Media,Annual,5,1560.0,18720.0,0.0,60.0,7,13000.0,2022-03-10,2022-07-27,1,18720.0
RIQ-07060,Enterprise,E-commerce,Chennai,Paid Search,Monthly,1,6420.0,77040.0,3.0,81.0,20,22900.0,2023-09-30,,0,0.0
RIQ-07061,Basic,Edtech,Hyderabad,Referral,Monthly,5,680.0,8160.0,0.0,73.0,10,4900.0,2023-09-06,,0,0.0
RIQ-07062,Basic,E-commerce,Chennai,Referral,Annual,10,580.0,6960.0,3.0,55.0,12,4700.0,2022-01-05,,0,0.0
RIQ-07063,Basic,E-commerce,Chennai,Social Media,Monthly,2,790.0,9480.0,1.0,23.0,2,3200.0,2023-03-29,2023-05-28,1,9480.0
RIQ-07064,Enterprise,Fintech,Mumbai,Direct,Annual,39,8630.0,103560.0,0.0,64.0,19,53600.0,2023-02-23,,0,0.0
RIQ-07065,Basic,Edtech,Delhi,Organic Search,Monthly,7,570.0,6840.0,1.0,45.0,5,4900.0,2022-06-20,,0,0.0
RIQ-07066,Basic,Healthcare,Delhi,Email Campaign,Monthly,19,690.0,8280.0,2.0,77.0,1,4000.0,2023-08-05,,0,0.0
RIQ-07067,Basic,Fintech,Mumbai,Referral,Annual,31,780.0,9360.0,2.0,35.0,1,4700.0,2022-01-25,,0,0.0
RIQ-07068,Pro,E-commerce,Hyderabad,Email Campaign,Monthly,13,2060.0,24720.0,2.0,55.0,17,8700.0,2022-09-27,,0,0.0
RIQ-07069,Basic,Edtech,Delhi,Paid Search,Monthly,7,870.0,10440.0,2.0,50.0,5,4600.0,2022-09-20,2023-04-26,1,10440.0
RIQ-07070,Pro,Healthcare,Delhi,Email Campaign,Monthly,11,2490.0,29880.0,0.0,83.0,14,13900.0,2023-02-09,,0,0.0
RIQ-07071,Basic,Healthcare,Mumbai,Organic Search,Monthly,22,770.0,9240.0,2.0,59.0,6,3900.0,2023-03-24,2025-01-07,1,9240.0
RIQ-07072,Enterprise,Healthcare,Bengaluru,Email Campaign,Annual,2,9410.0,112920.0,1.0,75.0,25,23600.0,2022-02-04,,0,0.0
RIQ-07073,Pro,E-commerce,Mumbai,Direct,Monthly,8,1870.0,22440.0,0.0,72.0,15,12700.0,2022-12-21,,0,0.0
RIQ-07074,Enterprise,E-commerce,Chennai,Organic Search,Annual,3,5710.0,68520.0,1.0,84.0,20,49600.0,2022-08-02,,0,0.0
RIQ-07075,Pro,Healthcare,Pune,Organic Search,Monthly,14,2260.0,27120.0,1.0,55.0,14,9500.0,2023-08-29,,0,0.0
RIQ-07076,Pro,E-commerce,Pune,Organic Search,Monthly,23,1620.0,19440.0,0.0,94.0,11,11700.0,2022-10-19,,0,0.0
RIQ-07077,Enterprise,Edtech,Mumbai,Social Media,Annual,60,6910.0,82920.0,3.0,79.0,18,36400.0,2023-07-30,,0,0.0
RIQ-07078,Basic,Healthcare,Delhi,Social Media,Monthly,2,850.0,10200.0,1.0,32.0,7,2100.0,2023-05-20,2023-07-21,1,10200.0
RIQ-07079,Pro,Edtech,Hyderabad,Email Campaign,Monthly,2,2170.0,26040.0,1.0,65.0,11,14100.0,2022-01-30,,0,0.0
RIQ-07080,Basic,E-commerce,Bengaluru,Social Media,Monthly,1,850.0,10200.0,5.0,19.0,5,3600.0,2023-07-18,2023-09-01,1,10200.0
RIQ-07081,Enterprise,E-commerce,Mumbai,Social Media,Monthly,1,8790.0,105480.0,1.0,71.0,23,39100.0,2023-08-15,,0,0.0
RIQ-07082,Enterprise,E-commerce,Pune,Paid Search,Annual,4,9890.0,118680.0,1.0,74.0,20,45900.0,2023-03-30,,0,0.0
RIQ-07083,Basic,Healthcare,Mumbai,Referral,Monthly,7,610.0,7320.0,1.0,40.0,5,2700.0,2022-09-14,2023-04-13,1,7320.0
RIQ-07084,Basic,Edtech,Mumbai,Organic Search,Monthly,1,740.0,8880.0,2.0,22.0,5,2300.0,2023-04-17,2023-05-22,1,8880.0
RIQ-07085,Basic,Healthcare,Mumbai,Social Media,Monthly,9,700.0,8400.0,4.0,57.0,4,4400.0,2022-11-30,2023-08-27,1,8400.0
RIQ-07086,Basic,E-commerce,Mumbai,Social Media,Monthly,30,790.0,9480.0,3.0,55.0,6,3400.0,2023-05-16,,0,0.0
RIQ-07087,Pro,Healthcare,Bengaluru,Social Media,Monthly,1,1950.0,23400.0,0.0,84.0,20,9500.0,2023-09-08,,0,0.0
RIQ-07088,basic,Edtech,Mumbai,Social Media,Monthly,3,500.0,6000.0,2.0,36.0,2,5000.0,2022-12-16,2023-03-09,1,6000.0
RIQ-07089,Basic,E-commerce,Delhi,Social Media,Monthly,34,750.0,9000.0,3.0,37.0,9,4000.0,2022-09-04,2025-06-27,1,9000.0
RIQ-07090,Pro,Edtech,Pune,Social Media,Monthly,3,2000.0,24000.0,2.0,47.0,12,7400.0,2023-07-01,2023-09-17,1,24000.0
RIQ-07091,Enterprise,E-commerce,Chennai,Email Campaign,Monthly,46,5470.0,65640.0,2.0,41.0,25,55300.0,2023-08-27,,0,0.0
RIQ-07092,Basic,Fintech,Bengaluru,Social Media,Annual,10,560.0,6720.0,2.0,26.0,10,4300.0,2022-10-06,2023-08-02,1,6720.0
RIQ-07093,Enterprise,Fintech,Hyderabad,Paid Search,Annual,52,7820.0,93840.0,1.0,65.0,20,23600.0,2023-06-13,,0,0.0
RIQ-07094,Pro,Edtech,Mumbai,Paid Search,Annual,1,1790.0,21480.0,0.0,65.0,14,11500.0,2022-05-06,,0,0.0
RIQ-07095,Pro,E-commerce,Chennai,Referral,Annual,3,2230.0,26760.0,3.0,81.0,12,14200.0,2022-02-11,,0,0.0
RIQ-07096,enterprise,Edtech,Pune,Paid Search,Annual,51,9830.0,117960.0,0.0,62.0,31,57500.0,2022-02-05,,0,0.0
RIQ-07097,Enterprise,Edtech,Bengaluru,Email Campaign,Annual,31,6290.0,75480.0,2.0,63.0,18,45200.0,2023-03-28,,0,0.0
RIQ-07098,Pro,Fintech,Mumbai,Social Media,Annual,3,2230.0,26760.0,0.0,55.0,12,9600.0,2022-10-17,,0,0.0
RIQ-07099,Pro,E-commerce,Pune,Referral,Monthly,5,2320.0,27840.0,0.0,76.0,8,8500.0,2023-10-14,2024-02-27,1,27840.0
RIQ-07100,Basic,E-commerce,Hyderabad,Organic Search,Annual,41,790.0,9480.0,1.0,42.0,3,4800.0,2022-11-22,,0,0.0
RIQ-07101,Basic,Edtech,Delhi,Social Media,Monthly,4,610.0,7320.0,4.0,82.0,3,4900.0,2022-04-22,2022-08-11,1,7320.0
RIQ-07102,Pro,Fintech,Delhi,Referral,Annual,4,2160.0,25920.0,0.0,51.0,19,13100.0,2023-10-15,,0,0.0
RIQ-07103,Basic,Fintech,Pune,Email Campaign,Monthly,16,810.0,9720.0,2.0,47.0,4,4900.0,2022-04-17,2023-07-28,1,9720.0
RIQ-07104,Basic,Edtech,Pune,Referral,Monthly,2,880.0,10560.0,2.0,50.0,12,2900.0,2023-09-08,,0,0.0
RIQ-07105,Basic,Fintech,Mumbai,Email Campaign,Annual,19,580.0,6960.0,0.0,45.0,8,2800.0,2023-08-15,,0,0.0
RIQ-07106,Basic,Healthcare,Hyderabad,Organic Search,Annual,11,720.0,8640.0,4.0,29.0,11,4200.0,2023-10-02,,0,0.0
RIQ-07107,Basic,E-commerce,Bengaluru,Social Media,Monthly,4,610.0,7320.0,4.0,62.0,7,3700.0,2022-05-23,2022-09-12,1,7320.0
RIQ-07108,Basic,Healthcare,Bengaluru,Social Media,Monthly,4,990.0,11880.0,3.0,28.0,3,3300.0,2023-02-03,2023-06-15,1,11880.0
RIQ-07109,Pro,Healthcare,Bengaluru,Social Media,Annual,14,1660.0,19920.0,3.0,78.0,12,8900.0,2023-06-21,,0,0.0
RIQ-07110,Enterprise,Fintech,Hyderabad,Organic Search,Annual,11,5350.0,64200.0,1.0,68.0,26,20700.0,2022-07-26,,0,0.0
RIQ-07111,Basic,Fintech,Hyderabad,Paid Search,Monthly,14,610.0,7320.0,1.0,57.0,10,4500.0,2023-09-19,,0,0.0
RIQ-07112,Basic,Fintech,Delhi,Referral,Monthly,7,730.0,8760.0,1.0,73.0,11,4000.0,2022-10-25,,0,0.0
RIQ-07113,Pro,Edtech,Bengaluru,Direct,Annual,27,1600.0,19200.0,0.0,100.0,12,7400.0,2022-07-21,,0,0.0
RIQ-07114,Basic,Fintech,Bengaluru,Organic Search,Monthly,22,830.0,9960.0,3.0,85.0,1,3900.0,2023-10-11,,0,0.0
RIQ-07115,Basic,Fintech,Delhi,Organic Search,Annual,1,500.0,6000.0,3.0,45.0,4,4300.0,2023-01-30,,0,0.0
RIQ-07116,Basic,Healthcare,Mumbai,Email Campaign,Monthly,16,500.0,6000.0,0.0,36.0,5,3000.0,2022-05-06,,0,0.0
RIQ-07117,Basic,Edtech,Chennai,Organic Search,Annual,11,660.0,7920.0,3.0,57.0,6,2700.0,2022-08-16,,0,0.0
RIQ-07118,Basic,Edtech,Pune,Paid Search,Monthly,6,730.0,8760.0,2.0,59.0,12,3000.0,2023-03-01,2023-08-14,1,8760.0
RIQ-07119,Pro,Edtech,Bengaluru,Direct,Annual,9,1950.0,23400.0,2.0,59.0,7,14900.0,2022-03-15,,0,0.0
RIQ-07120,Basic,Healthcare,Mumbai,Organic Search,Monthly,3,910.0,10920.0,6.0,35.0,10,3800.0,2023-07-27,2023-10-27,1,10920.0
RIQ-07121,Basic,Healthcare,Hyderabad,Paid Search,Annual,3,530.0,6360.0,3.0,46.0,4,4900.0,2022-06-09,2022-09-08,1,6360.0
RIQ-07122,Basic,Edtech,Hyderabad,Direct,Annual,17,720.0,8640.0,3.0,42.0,5,3100.0,2022-02-04,,0,0.0
RIQ-07123,Basic,Edtech,Delhi,Referral,Annual,4,620.0,7440.0,3.0,36.0,1,3300.0,2022-01-14,2022-05-05,1,7440.0
RIQ-07124,Basic,Healthcare,Delhi,Organic Search,Monthly,19,740.0,8880.0,2.0,39.0,8,4600.0,2023-09-01,,0,0.0
RIQ-07125,Enterprise,Healthcare,Bengaluru,Direct,Annual,17,7360.0,88320.0,0.0,57.0,17,55200.0,2022-06-29,,0,0.0
RIQ-07126,Basic,Fintech,Mumbai,Social Media,Monthly,1,530.0,6360.0,3.0,29.0,6,3700.0,2023-02-19,2023-03-15,1,6360.0
RIQ-07127,Pro,E-commerce,Delhi,Paid Search,Monthly,7,2200.0,26400.0,0.0,53.0,18,8800.0,2022-04-08,2022-11-11,1,26400.0
RIQ-07128,Pro,Fintech,Delhi,Social Media,Annual,26,2260.0,27120.0,0.0,54.0,13,8700.0,2022-12-30,,0,0.0
RIQ-07129,Basic,Fintech,Bengaluru,Social Media,Monthly,21,840.0,10080.0,4.0,42.0,3,2400.0,2023-06-15,2025-03-08,1,10080.0
RIQ-07130,Basic,E-commerce,Delhi,Direct,Monthly,9,710.0,8520.0,3.0,27.0,14,3700.0,2023-09-11,,0,0.0
RIQ-07131,Basic,Edtech,Mumbai,Organic Search,Monthly,6,760.0,9120.0,4.0,67.0,1,4300.0,2022-04-17,,0,0.0
RIQ-07132,Enterprise,Healthcare,Hyderabad,Social Media,Monthly,35,8680.0,104160.0,0.0,81.0,23,41700.0,2023-05-03,,0,0.0
RIQ-07133,Enterprise,Healthcare,Pune,Direct,Annual,60,6720.0,80640.0,2.0,54.0,23,36800.0,2022-11-24,,0,0.0
RIQ-07134,Pro,Edtech,Bengaluru,Direct,Monthly,9,2490.0,29880.0,2.0,67.0,11,11900.0,2023-10-27,,0,0.0
RIQ-07135,Enterprise,Edtech,Chennai,Organic Search,Annual,12,9230.0,110760.0,1.0,93.0,20,28100.0,2023-06-29,,0,0.0
RIQ-07136,Basic,Edtech,Hyderabad,Organic Search,Monthly,7,870.0,10440.0,0.0,22.0,4,3700.0,2022-03-11,2022-10-19,1,10440.0
RIQ-07137,Pro,E-commerce,Hyderabad,Social Media,Annual,27,1560.0,18720.0,0.0,95.0,18,14600.0,2023-05-12,,0,0.0
RIQ-07138,Basic,Fintech,Bengaluru,Social Media,Monthly,4,960.0,11520.0,1.0,83.0,1,4200.0,2022-11-03,2023-03-11,1,11520.0
RIQ-07139,Basic,Fintech,Bengaluru,Paid Search,Annual,16,620.0,7440.0,1.0,47.0,1,4300.0,2022-07-31,,0,0.0
RIQ-07140,Basic,Healthcare,Bengaluru,Organic Search,Annual,3,810.0,9720.0,1.0,49.0,13,2400.0,2023-01-04,,0,0.0
RIQ-07141,Basic,Healthcare,Mumbai,Organic Search,Monthly,33,670.0,8040.0,0.0,78.0,5,4600.0,2022-11-21,,0,0.0
RIQ-07142,Pro,E-commerce,Bengaluru,Direct,Monthly,49,2350.0,28200.0,2.0,90.0,11,7700.0,2023-10-16,,0,0.0
RIQ-07143,Pro,Fintech,Delhi,Referral,Monthly,2,2320.0,27840.0,0.0,74.0,16,14700.0,2022-07-27,,0,0.0
RIQ-07144,Basic,Fintech,Pune,Social Media,Monthly,5,870.0,10440.0,1.0,41.0,1,2300.0,2022-05-29,2022-10-25,1,10440.0
RIQ-07145,Basic,Fintech,Hyderabad,Referral,Annual,4,830.0,9960.0,2.0,48.0,5,4800.0,2022-06-14,2022-10-19,1,9960.0
RIQ-07146,Pro,Edtech,Bengaluru,Paid Search,Annual,12,2080.0,24960.0,1.0,53.0,16,8300.0,2023-04-19,,0,0.0
RIQ-07147,Enterprise,Fintech,Bengaluru,Email Campaign,Monthly,6,9030.0,108360.0,1.0,94.0,24,47400.0,2022-08-09,,0,0.0
RIQ-07148,Basic,E-commerce,Pune,Organic Search,Monthly,9,670.0,8040.0,1.0,31.0,7,3400.0,2022-10-13,,0,0.0
RIQ-07149,Pro,Healthcare,Delhi,Referral,Monthly,25,2190.0,26280.0,1.0,48.0,17,11100.0,2023-02-28,,0,0.0
RIQ-07150,Pro,E-commerce,Mumbai,Paid Search,Monthly,4,2420.0,29040.0,1.0,,19,12500.0,2023-09-18,,0,0.0
RIQ-07151,Enterprise,Fintech,Delhi,Email Campaign,Annual,31,5450.0,65400.0,2.0,83.0,21,25600.0,2022-06-29,,0,0.0
RIQ-07152,Enterprise,E-commerce,Delhi,Paid Search,Monthly,3,8770.0,105240.0,1.0,52.0,16,54200.0,2022-01-01,,0,0.0
RIQ-07153,Basic,Healthcare,Chennai,Paid Search,Monthly,10,590.0,7080.0,4.0,48.0,3,3700.0,2022-09-04,2023-07-07,1,7080.0
RIQ-07154,Enterprise,Healthcare,Delhi,Email Campaign,Monthly,50,7510.0,90120.0,0.0,74.0,18,53700.0,2022-10-09,,0,0.0
RIQ-07155,Basic,E-commerce,Hyderabad,Paid Search,Annual,2,810.0,9720.0,1.0,34.0,1,4700.0,2022-11-22,2023-01-23,1,9720.0
RIQ-07156,Pro,Fintech,Pune,Paid Search,Monthly,11,1580.0,18960.0,1.0,47.0,15,8100.0,2022-01-04,,0,0.0
RIQ-07157,Pro,Fintech,Delhi,Referral,Monthly,3,1530.0,18360.0,1.0,68.0,15,9900.0,2022-06-12,,0,0.0
RIQ-07158,Pro,Edtech,Chennai,Social Media,Monthly,10,2170.0,26040.0,0.0,80.0,10,14900.0,2023-09-20,,0,0.0
RIQ-07159,Basic,E-commerce,Hyderabad,Referral,Monthly,11,880.0,10560.0,2.0,52.0,9,3300.0,2023-01-25,2023-12-17,1,10560.0
RIQ-07160,Pro,Healthcare,Pune,Social Media,Monthly,33,2080.0,24960.0,2.0,83.0,11,6800.0,2023-03-24,,0,0.0
RIQ-07161,Pro,Fintech,Delhi,Social Media,Annual,60,2240.0,26880.0,2.0,84.0,16,9800.0,2023-01-11,,0,0.0
RIQ-07162,Pro,E-commerce,Hyderabad,Organic Search,Annual,27,1910.0,22920.0,4.0,56.0,4,14600.0,2023-07-04,2025-09-16,1,22920.0
RIQ-07163,Enterprise,Edtech,Hyderabad,Direct,Annual,60,7190.0,86280.0,0.0,100.0,21,54900.0,2022-02-21,,0,0.0
RIQ-07164,Basic,E-commerce,Delhi,Paid Search,Monthly,1,770.0,9240.0,4.0,29.0,5,3700.0,2022-08-04,2022-08-19,1,9240.0
RIQ-07165,Basic,Edtech,Delhi,Direct,Monthly,4,590.0,7080.0,0.0,7.0,4,4000.0,2023-09-05,2024-01-13,1,7080.0
RIQ-07166,Enterprise,Edtech,Delhi,Email Campaign,Annual,17,9370.0,112440.0,0.0,89.0,23,28100.0,2022-08-07,,0,0.0
RIQ-07167,Basic,Edtech,Chennai,Organic Search,Annual,9,510.0,6120.0,6.0,35.0,6,2900.0,2023-07-22,,0,0.0
RIQ-07168,Basic,Edtech,Delhi,Paid Search,Monthly,5,870.0,10440.0,3.0,56.0,6,4300.0,2022-06-05,2022-11-03,1,10440.0
RIQ-07169,Basic,Fintech,Hyderabad,Email Campaign,Annual,9,940.0,11280.0,0.0,52.0,4,3800.0,2022-11-16,,0,0.0
RIQ-07170,Basic,Edtech,Pune,Social Media,Annual,1,890.0,10680.0,2.0,60.0,5,3500.0,2023-11-15,,0,0.0
RIQ-07171,Basic,E-commerce,Delhi,Organic Search,Monthly,2,720.0,8640.0,2.0,25.0,3,4600.0,2022-09-03,2022-10-26,1,8640.0
RIQ-07172,Basic,Edtech,Bengaluru,Referral,Annual,10,840.0,10080.0,2.0,88.0,5,2300.0,2022-08-23,2023-07-04,1,10080.0
RIQ-07173,Basic,E-commerce,Bengaluru,Social Media,Monthly,1,690.0,8280.0,2.0,61.0,4,3100.0,2022-08-29,2022-10-07,1,8280.0
RIQ-07174,Pro,Healthcare,Delhi,Referral,Annual,2,1640.0,19680.0,0.0,57.0,24,8900.0,2022-10-08,,0,0.0
RIQ-07175,Basic,Edtech,Hyderabad,Paid Search,Monthly,4,870.0,10440.0,0.0,50.0,2,3000.0,2023-07-01,2023-11-03,1,10440.0
RIQ-07176,Basic,E-commerce,Hyderabad,Organic Search,Annual,5,970.0,11640.0,1.0,51.0,6,2500.0,2022-06-05,,0,0.0
RIQ-07177,Pro,Fintech,Pune,Organic Search,Monthly,40,2340.0,28080.0,0.0,79.0,16,8800.0,2023-10-12,,0,0.0
RIQ-07178,Enterprise,Fintech,Mumbai,Social Media,Annual,12,5180.0,62160.0,2.0,50.0,25,51600.0,2023-03-01,,0,0.0
RIQ-07179,Basic,Healthcare,Mumbai,Social Media,Monthly,1,590.0,7080.0,2.0,55.0,4,2000.0,2023-02-03,2023-03-18,1,7080.0
RIQ-07180,Enterprise,Healthcare,Mumbai,Direct,Annual,23,5520.0,66240.0,3.0,77.0,25,40400.0,2022-09-26,,0,0.0
RIQ-07181,Basic,Healthcare,Pune,Organic Search,Monthly,1,820.0,9840.0,0.0,66.0,7,4500.0,2022-04-19,2022-06-02,1,9840.0
RIQ-07182,Basic,Edtech,Delhi,Paid Search,Annual,4,950.0,11400.0,0.0,50.0,11,2200.0,2022-10-12,,0,0.0
RIQ-07183,Basic,Edtech,Hyderabad,Referral,Monthly,14,740.0,8880.0,1.0,25.0,7,3000.0,2023-07-12,2024-08-29,1,8880.0
RIQ-07184,Basic,E-commerce,Pune,Social Media,Annual,9,920.0,11040.0,1.0,16.0,10,4700.0,2022-06-01,,0,0.0
RIQ-07185,Pro,Fintech,Mumbai,Organic Search,Monthly,2,1680.0,20160.0,3.0,55.0,13,7900.0,2023-12-01,2024-01-23,1,20160.0
RIQ-07186,Pro,E-commerce,Pune,Referral,Monthly,22,1690.0,20280.0,3.0,72.0,13,13500.0,2022-09-30,2024-07-29,1,20280.0
RIQ-07187,Basic,E-commerce,Hyderabad,Paid Search,Monthly,1,900.0,10800.0,1.0,28.0,2,2000.0,2023-10-20,2023-12-03,1,10800.0
RIQ-07188,Pro,E-commerce,Mumbai,Referral,Annual,2,2010.0,24120.0,1.0,36.0,9,12000.0,2022-01-25,,0,0.0
RIQ-07189,Pro,Healthcare,Pune,Direct,Annual,1,1850.0,22200.0,1.0,49.0,7,9900.0,2022-02-01,,0,0.0
RIQ-07190,Pro,E-commerce,Mumbai,Social Media,Annual,8,2040.0,24480.0,0.0,53.0,16,11900.0,2022-08-28,,0,0.0
RIQ-07191,Enterprise,Fintech,Delhi,Referral,Annual,11,7500.0,90000.0,0.0,95.0,21,32700.0,2022-03-24,,0,0.0
RIQ-07192,Pro,Fintech,Pune,Organic Search,Annual,9,1750.0,21000.0,0.0,54.0,10,14300.0,2022-03-09,,0,0.0
RIQ-07193,Pro,Edtech,Bengaluru,Organic Search,Annual,21,2190.0,26280.0,0.0,45.0,13,11200.0,2022-10-27,,0,0.0
RIQ-07194,Basic,E-commerce,Chennai,Social Media,Annual,1,910.0,10920.0,1.0,37.0,4,4900.0,2022-07-04,2022-08-04,1,10920.0
RIQ-07195,Basic,Fintech,Hyderabad,Direct,Monthly,28,890.0,10680.0,3.0,50.0,3,3500.0,2022-07-05,2024-10-08,1,10680.0
RIQ-07196,Basic,Fintech,Delhi,Email Campaign,Annual,19,570.0,6840.0,2.0,31.0,10,4600.0,2023-03-28,,0,0.0
RIQ-07197,Basic,E-commerce,Hyderabad,Social Media,Monthly,39,910.0,10920.0,5.0,22.0,4,3300.0,2023-03-04,2026-05-21,1,10920.0
RIQ-07198,Pro,Fintech,Delhi,Direct,Annual,19,1830.0,21960.0,0.0,67.0,4,8100.0,2022-02-28,,0,0.0
RIQ-07199,Basic,E-commerce,Chennai,Paid Search,Monthly,4,640.0,7680.0,1.0,69.0,10,2700.0,2023-09-07,2023-12-23,1,7680.0
RIQ-07200,Basic,Healthcare,Hyderabad,Email Campaign,Monthly,16,620.0,7440.0,4.0,22.0,1,2100.0,2022-06-22,2023-10-11,1,7440.0
RIQ-07201,Basic,Fintech,Pune,Social Media,Annual,2,800.0,9600.0,7.0,30.0,5,4900.0,2022-06-05,2022-08-14,1,9600.0
RIQ-07202,Pro,Edtech,Pune,Social Media,Annual,10,1780.0,21360.0,0.0,78.0,14,14400.0,2022-02-18,,0,0.0
RIQ-07203,Enterprise,E-commerce,Hyderabad,Social Media,Annual,7,8390.0,100680.0,,89.0,18,30300.0,2022-08-26,,0,0.0
RIQ-07204,Enterprise,E-commerce,Hyderabad,Direct,Annual,28,7980.0,95760.0,1.0,34.0,22,42500.0,2023-08-30,,0,0.0
RIQ-07205,Basic,Edtech,Pune,Referral,Annual,6,680.0,8160.0,3.0,38.0,8,2600.0,2023-06-22,2023-12-04,1,8160.0
RIQ-07206,Basic,Edtech,Mumbai,Paid Search,Monthly,6,820.0,9840.0,0.0,53.0,5,3700.0,2022-04-09,2022-09-30,1,9840.0
RIQ-07207,Basic,E-commerce,Mumbai,Paid Search,Monthly,10,790.0,9480.0,2.0,45.0,5,3000.0,2022-02-17,2022-12-15,1,9480.0
RIQ-07208,Basic,Healthcare,Pune,Organic Search,Monthly,1,880.0,10560.0,1.0,68.0,4,4000.0,2022-10-06,2022-11-19,1,10560.0
RIQ-07209,Pro,Fintech,Pune,Organic Search,Annual,4,1830.0,21960.0,1.0,69.0,14,7100.0,2022-01-29,,0,0.0
RIQ-07210,Basic,Fintech,Mumbai,Paid Search,Monthly,12,600.0,7200.0,2.0,32.0,3,2300.0,2023-05-15,2024-04-29,1,7200.0
RIQ-07211,Basic,Fintech,Bengaluru,Email Campaign,Monthly,7,640.0,7680.0,2.0,69.0,9,3700.0,2023-04-27,,0,0.0
RIQ-07212,Basic,Healthcare,Bengaluru,Organic Search,Monthly,1,530.0,6360.0,3.0,70.0,3,4800.0,2022-05-08,2022-06-07,1,6360.0
RIQ-07213,Pro,Edtech,Delhi,Referral,Monthly,6,1700.0,20400.0,1.0,51.0,13,12100.0,2022-09-20,2023-03-15,1,20400.0
RIQ-07214,Basic,E-commerce,Bengaluru,Paid Search,Annual,3,640.0,7680.0,5.0,32.0,7,3000.0,2023-06-27,2023-09-22,1,7680.0
RIQ-07215,basic,Healthcare,Pune,Organic Search,Monthly,1,740.0,8880.0,1.0,76.0,7,3100.0,2022-10-12,2022-11-15,1,8880.0
RIQ-07216,Basic,E-commerce,Bengaluru,Email Campaign,Annual,5,570.0,6840.0,1.0,36.0,10,3100.0,2023-02-08,,0,0.0
RIQ-07217,Pro,Edtech,Bengaluru,Social Media,Annual,10,2380.0,28560.0,2.0,54.0,9,7300.0,2023-04-27,,0,0.0
RIQ-07218,Basic,Edtech,Bengaluru,Direct,Annual,14,770.0,9240.0,3.0,50.0,5,3300.0,2022-07-17,,0,0.0
RIQ-07219,Pro,E-commerce,Mumbai,Paid Search,Annual,10,1650.0,19800.0,1.0,55.0,10,12100.0,2022-05-16,,0,0.0
RIQ-07220,Pro,Fintech,Hyderabad,Social Media,Annual,3,1780.0,21360.0,1.0,82.0,11,8200.0,2022-11-10,,0,0.0
RIQ-07221,Basic,Healthcare,Pune,Social Media,Monthly,2,700.0,8400.0,1.0,67.0,7,3800.0,2022-05-21,2022-07-17,1,8400.0
RIQ-07222,Basic,Healthcare,Pune,Direct,Monthly,1,720.0,8640.0,1.0,37.0,7,4800.0,2022-05-16,2022-06-22,1,8640.0
RIQ-07223,Enterprise,Fintech,Pune,Referral,Annual,27,7790.0,93480.0,1.0,51.0,18,37100.0,2022-02-22,,0,0.0
RIQ-07224,Pro,Fintech,Delhi,Social Media,Monthly,12,1900.0,22800.0,0.0,47.0,18,8800.0,2023-06-20,,0,0.0
RIQ-07225,Enterprise,Healthcare,Mumbai,Paid Search,Annual,2,8240.0,98880.0,0.0,68.0,18,35400.0,2022-03-10,,0,0.0
RIQ-07226,Pro,Fintech,Delhi,Referral,Monthly,8,1770.0,21240.0,1.0,78.0,5,14500.0,2023-09-17,,0,0.0
RIQ-07227,Pro,Healthcare,Mumbai,Social Media,Monthly,11,2110.0,25320.0,1.0,58.0,13,11600.0,2022-01-12,,0,0.0
RIQ-07228,Pro,Edtech,Pune,Paid Search,Monthly,43,1740.0,20880.0,1.0,83.0,13,12300.0,2023-01-11,,0,0.0
RIQ-07229,Pro,Fintech,Mumbai,Organic Search,Annual,17,1540.0,18480.0,1.0,94.0,8,7700.0,2023-11-01,2025-03-27,1,18480.0
RIQ-07230,Basic,Fintech,Bengaluru,Referral,Monthly,8,780.0,9360.0,1.0,42.0,11,2700.0,2023-04-25,2024-01-03,1,9360.0
RIQ-07231,Basic,E-commerce,Mumbai,Paid Search,Annual,3,540.0,6480.0,2.0,37.0,10,3800.0,2023-09-27,2024-01-05,1,6480.0
RIQ-07232,Basic,Fintech,Chennai,Referral,Monthly,4,990.0,11880.0,1.0,21.0,10,4200.0,2022-10-06,,0,0.0
RIQ-07233,Basic,Fintech,Pune,Email Campaign,Annual,1,720.0,8640.0,0.0,22.0,5,2800.0,2023-04-20,2023-05-06,1,8640.0
RIQ-07234,Basic,Edtech,Delhi,Referral,Annual,10,790.0,9480.0,3.0,47.0,4,3400.0,2023-03-04,,0,0.0
RIQ-07235,Basic,E-commerce,Bengaluru,Organic Search,Monthly,3,910.0,10920.0,2.0,25.0,8,3000.0,2023-02-03,2023-05-16,1,10920.0
RIQ-07236,Pro,Fintech,Mumbai,Organic Search,Monthly,11,2110.0,25320.0,2.0,45.0,16,6300.0,2022-04-07,,0,0.0
RIQ-07237,Pro,Fintech,Mumbai,Direct,Annual,1,2190.0,26280.0,0.0,73.0,13,14200.0,2022-01-22,2022-02-16,1,26280.0
RIQ-07238,Basic,Edtech,Hyderabad,Referral,Annual,3,950.0,11400.0,1.0,38.0,10,4800.0,2023-08-18,2023-11-04,1,11400.0
RIQ-07239,Pro,E-commerce,Pune,Email Campaign,Monthly,5,1790.0,21480.0,0.0,68.0,12,14700.0,2022-04-23,2022-09-27,1,21480.0
RIQ-07240,Enterprise,Fintech,Pune,Referral,Annual,14,8120.0,97440.0,2.0,74.0,22,54200.0,2022-10-12,,0,0.0
RIQ-07241,Basic,Edtech,Bengaluru,Paid Search,Annual,17,950.0,11400.0,2.0,46.0,2,4700.0,2022-04-17,,0,0.0
RIQ-07242,Basic,Edtech,Bengaluru,Social Media,Monthly,5,730.0,8760.0,4.0,40.0,9,2200.0,2023-04-10,2023-09-17,1,8760.0
RIQ-07243,Basic,E-commerce,Mumbai,Referral,Monthly,20,790.0,9480.0,4.0,14.0,3,3000.0,2022-04-14,2023-12-02,1,9480.0
RIQ-07244,Basic,Healthcare,Hyderabad,Paid Search,Monthly,4,620.0,7440.0,3.0,51.0,7,2100.0,2022-03-13,2022-06-29,1,7440.0
RIQ-07245,Basic,E-commerce,Bengaluru,Social Media,Monthly,6,1000.0,12000.0,2.0,62.0,5,4800.0,2023-03-06,2023-09-01,1,12000.0
RIQ-07246,Enterprise,Fintech,Chennai,Social Media,Monthly,26,6640.0,79680.0,2.0,76.0,17,22700.0,2023-05-04,,0,0.0
RIQ-07247,Enterprise,Healthcare,Delhi,Email Campaign,Annual,28,9840.0,118080.0,0.0,91.0,22,39600.0,2023-08-24,,0,0.0
RIQ-07248,Basic,Healthcare,Mumbai,Referral,Monthly,6,780.0,9360.0,2.0,20.0,13,3600.0,2023-10-19,2024-04-28,1,9360.0
RIQ-07249,Basic,Fintech,Delhi,Social Media,Monthly,2,630.0,7560.0,1.0,18.0,6,2200.0,2023-11-21,2024-01-23,1,7560.0
RIQ-07250,Basic,Healthcare,Bengaluru,Email Campaign,Monthly,1,760.0,9120.0,1.0,52.0,9,4100.0,2022-04-13,2022-05-21,1,9120.0
RIQ-07251,Pro,Healthcare,Bengaluru,Organic Search,Annual,6,1830.0,21960.0,1.0,70.0,23,12400.0,2023-01-12,,0,0.0
RIQ-07252,Basic,E-commerce,Pune,Paid Search,Monthly,11,900.0,10800.0,0.0,15.0,1,3400.0,2022-08-08,,0,0.0
RIQ-07253,Pro,E-commerce,Bengaluru,Social Media,Annual,23,1820.0,21840.0,0.0,41.0,8,10400.0,2023-08-03,,0,0.0
RIQ-07254,Pro,Fintech,Delhi,Referral,Monthly,2,1620.0,19440.0,1.0,78.0,13,10900.0,2023-09-30,2023-12-10,1,19440.0
RIQ-07255,Basic,Healthcare,Mumbai,Referral,Monthly,5,550.0,6600.0,2.0,54.0,12,2000.0,2022-11-09,2023-03-24,1,6600.0
RIQ-07256,Enterprise,E-commerce,Mumbai,Organic Search,Annual,3,8920.0,107040.0,2.0,86.0,26,51000.0,2023-01-14,,0,0.0
RIQ-07257,Pro,Healthcare,Bengaluru,Social Media,Annual,29,2490.0,29880.0,0.0,71.0,10,8800.0,2022-02-22,,0,0.0
RIQ-07258,Basic,E-commerce,Bengaluru,Social Media,Monthly,23,720.0,8640.0,3.0,51.0,12,3500.0,2023-09-14,,0,0.0
RIQ-07259,Enterprise,Fintech,Mumbai,Email Campaign,Annual,60,5810.0,69720.0,1.0,90.0,21,50000.0,2023-07-30,,0,0.0
RIQ-07260,Pro,E-commerce,Mumbai,Referral,Annual,6,1800.0,21600.0,0.0,100.0,13,12700.0,2023-04-10,,0,0.0
RIQ-07261,Basic,Fintech,Mumbai,Organic Search,Annual,4,790.0,9480.0,1.0,54.0,14,3700.0,2023-05-13,,0,0.0
RIQ-07262,Basic,E-commerce,Hyderabad,Paid Search,Annual,4,930.0,11160.0,2.0,41.0,2,4400.0,2022-04-28,,0,0.0
RIQ-07263,Enterprise,Fintech,Delhi,Paid Search,Monthly,7,8450.0,101400.0,0.0,72.0,16,32900.0,2023-02-25,,0,0.0
RIQ-07264,Pro,E-commerce,Delhi,Paid Search,Monthly,29,1770.0,21240.0,0.0,92.0,11,13500.0,2023-01-11,,0,0.0
RIQ-07265,Basic,Fintech,Mumbai,Email Campaign,Monthly,1,850.0,10200.0,1.0,23.0,4,4200.0,2023-11-15,2023-12-30,1,10200.0
RIQ-07266,Pro,Fintech,Mumbai,Direct,Annual,29,1570.0,18840.0,2.0,47.0,22,8900.0,2022-03-03,,0,0.0
RIQ-07267,Basic,Healthcare,Bengaluru,Social Media,Annual,5,870.0,10440.0,0.0,54.0,9,3100.0,2022-05-27,,0,0.0
RIQ-07268,Pro,Fintech,Delhi,Organic Search,Annual,32,1930.0,23160.0,0.0,67.0,17,11000.0,2023-05-23,,0,0.0
RIQ-07269,Basic,Edtech,Mumbai,Referral,Monthly,1,700.0,8400.0,4.0,52.0,7,2300.0,2023-10-13,,0,0.0
RIQ-07270,Pro,Fintech,Hyderabad,Paid Search,Monthly,1,1520.0,18240.0,0.0,69.0,19,9200.0,2022-03-04,2022-04-18,1,18240.0
RIQ-07271,Pro,Edtech,Bengaluru,Organic Search,Monthly,9,1560.0,18720.0,0.0,49.0,17,14100.0,2022-10-28,,0,0.0
RIQ-07272,Basic,E-commerce,Delhi,Email Campaign,Annual,10,700.0,8400.0,3.0,51.0,6,3400.0,2023-05-22,,0,0.0
RIQ-07273,Pro,Fintech,Hyderabad,Organic Search,Annual,7,1500.0,18000.0,1.0,28.0,9,13900.0,2022-04-24,,0,0.0
RIQ-07274,Basic,Healthcare,Chennai,Organic Search,Monthly,7,850.0,10200.0,3.0,20.0,8,3300.0,2023-04-25,2023-11-09,1,10200.0
RIQ-07275,Pro,Fintech,Delhi,Paid Search,Annual,21,1510.0,18120.0,1.0,98.0,16,12300.0,2022-10-30,,0,0.0
RIQ-07276,Basic,Healthcare,Delhi,Paid Search,Annual,12,860.0,10320.0,0.0,51.0,11,4100.0,2022-01-25,,0,0.0
RIQ-07277,Pro,Fintech,Chennai,Organic Search,Annual,2,1600.0,19200.0,1.0,42.0,16,7200.0,2023-02-21,,0,0.0
RIQ-07278,Basic,Healthcare,Pune,Email Campaign,Monthly,10,920.0,11040.0,0.0,74.0,6,2100.0,2023-03-25,,0,0.0
RIQ-07279,Enterprise,Fintech,Bengaluru,Paid Search,Annual,29,9750.0,117000.0,2.0,76.0,14,43000.0,2023-02-10,,0,0.0
RIQ-07280,Basic,Edtech,Mumbai,Paid Search,Monthly,6,660.0,7920.0,1.0,44.0,8,2800.0,2022-11-13,2023-05-10,1,7920.0
RIQ-07281,Basic,Edtech,Delhi,Organic Search,Monthly,2,530.0,6360.0,1.0,58.0,2,4400.0,2022-10-17,2022-12-13,1,6360.0
RIQ-07282,Basic,Healthcare,Mumbai,Social Media,Annual,6,990.0,11880.0,3.0,28.0,5,4000.0,2022-02-15,,0,0.0
RIQ-07283,Enterprise,Fintech,Delhi,Social Media,Monthly,5,8470.0,101640.0,2.0,77.0,21,34000.0,2022-04-21,,0,0.0
RIQ-07284,Pro,E-commerce,Delhi,Organic Search,Annual,33,2160.0,25920.0,0.0,30.0,15,6600.0,2022-07-09,,0,0.0
RIQ-07285,Pro,Fintech,Mumbai,Direct,Annual,36,2200.0,26400.0,0.0,61.0,6,13800.0,2023-04-28,,0,0.0
RIQ-07286,Pro,E-commerce,Delhi,Social Media,Monthly,26,2270.0,27240.0,1.0,49.0,8,12400.0,2022-02-26,,0,0.0
RIQ-07287,Basic,Fintech,Delhi,Email Campaign,Monthly,4,720.0,8640.0,2.0,74.0,6,4000.0,2022-11-27,2023-03-21,1,8640.0
RIQ-07288,Pro,Fintech,Pune,Email Campaign,Monthly,2,1680.0,20160.0,1.0,100.0,12,11900.0,2022-06-10,,0,0.0
RIQ-07289,Enterprise,E-commerce,Mumbai,Email Campaign,Monthly,16,7060.0,84720.0,1.0,64.0,19,48100.0,2023-08-02,,0,0.0
RIQ-07290,Basic,Healthcare,Bengaluru,Paid Search,Monthly,4,970.0,11640.0,3.0,72.0,11,3300.0,2023-05-28,2023-10-03,1,11640.0
RIQ-07291,Pro,Healthcare,Bengaluru,Email Campaign,Monthly,27,1510.0,18120.0,0.0,43.0,22,8200.0,2023-07-22,,0,0.0
RIQ-07292,Pro,E-commerce,Mumbai,Paid Search,Monthly,29,1530.0,18360.0,0.0,38.0,13,7700.0,2022-12-07,,0,0.0
RIQ-07293,Pro,Fintech,Pune,Email Campaign,Monthly,5,2270.0,27240.0,2.0,70.0,18,12800.0,2023-03-31,,0,0.0
RIQ-07294,Pro,Fintech,Mumbai,Organic Search,Monthly,27,2060.0,24720.0,1.0,57.0,12,13500.0,2022-10-31,,0,0.0
RIQ-07295,Pro,E-commerce,Hyderabad,Social Media,Annual,5,1610.0,19320.0,1.0,71.0,15,6100.0,2022-05-03,,0,0.0
RIQ-07296,Enterprise,Fintech,Hyderabad,Organic Search,Annual,6,8330.0,99960.0,3.0,72.0,30,26300.0,2023-05-25,,0,0.0
RIQ-07297,Basic,Edtech,Mumbai,Direct,Monthly,2,970.0,11640.0,3.0,36.0,6,3200.0,2022-02-06,2022-04-09,1,11640.0
RIQ-07298,Basic,Fintech,Pune,Organic Search,Monthly,6,640.0,7680.0,0.0,28.0,5,2600.0,2022-05-10,2022-11-15,1,7680.0
RIQ-07299,Pro,Edtech,Bengaluru,Direct,Monthly,13,2340.0,28080.0,1.0,58.0,12,11900.0,2023-07-14,,0,0.0
RIQ-07300,Pro,Fintech,Bengaluru,Organic Search,Monthly,4,1820.0,21840.0,1.0,36.0,15,9600.0,2023-02-11,2023-06-15,1,21840.0
RIQ-07301,Enterprise,E-commerce,Mumbai,Paid Search,Annual,18,5120.0,61440.0,1.0,91.0,27,33800.0,2023-01-28,,0,0.0
RIQ-07302,Basic,E-commerce,Delhi,Organic Search,Annual,53,680.0,8160.0,3.0,31.0,5,4400.0,2023-05-10,,0,0.0
RIQ-07303,Basic,Fintech,Mumbai,Email Campaign,Annual,25,720.0,8640.0,3.0,55.0,7,2200.0,2023-01-07,,0,0.0
RIQ-07304,Basic,Edtech,Hyderabad,Organic Search,Monthly,7,760.0,9120.0,0.0,30.0,5,2700.0,2023-08-26,2024-03-18,1,9120.0
RIQ-07305,Basic,Healthcare,Delhi,Referral,Monthly,10,900.0,10800.0,2.0,43.0,7,4300.0,2022-10-01,,0,0.0
RIQ-07306,Basic,Edtech,Hyderabad,Referral,Annual,1,760.0,9120.0,2.0,29.0,12,2200.0,2022-01-21,2022-02-26,1,9120.0
RIQ-07307,Basic,Healthcare,Mumbai,Direct,Annual,21,580.0,6960.0,2.0,67.0,8,4800.0,2022-07-22,,0,0.0
RIQ-07308,Basic,Fintech,Hyderabad,Email Campaign,Monthly,10,640.0,7680.0,1.0,14.0,3,3000.0,2023-01-21,2023-11-04,1,7680.0
RIQ-07309,Basic,Healthcare,Chennai,Organic Search,Monthly,15,710.0,8520.0,4.0,53.0,3,2500.0,2022-12-10,2024-02-25,1,8520.0
RIQ-07310,Basic,Fintech,Delhi,Direct,Annual,16,890.0,10680.0,1.0,14.0,12,2100.0,2023-04-06,,0,0.0
RIQ-07311,Pro,Fintech,Bengaluru,Organic Search,Monthly,11,2490.0,29880.0,2.0,79.0,21,7000.0,2022-04-20,2023-03-09,1,29880.0
RIQ-07312,Pro,Edtech,Pune,Direct,Annual,6,1940.0,23280.0,0.0,52.0,13,8500.0,2023-09-23,,0,0.0
RIQ-07313,Pro,Edtech,Delhi,Social Media,Annual,15,2050.0,24600.0,1.0,61.0,15,12900.0,2023-11-06,2025-01-22,1,24600.0
RIQ-07314,Pro,Fintech,Hyderabad,Paid Search,Annual,13,2050.0,24600.0,1.0,67.0,11,12600.0,2023-10-26,,0,0.0
RIQ-07315,Pro,Fintech,Hyderabad,Direct,Monthly,1,1630.0,19560.0,0.0,64.0,14,12800.0,2023-02-16,2023-03-19,1,19560.0
RIQ-07316,Pro,Fintech,Pune,Direct,Annual,2,1510.0,18120.0,3.0,76.0,7,6200.0,2022-01-15,,0,0.0
RIQ-07317,Pro,E-commerce,Hyderabad,Organic Search,Annual,47,2310.0,27720.0,2.0,34.0,14,9000.0,2023-09-15,,0,0.0
RIQ-07318,Pro,Edtech,Mumbai,Organic Search,Monthly,32,2490.0,29880.0,2.0,64.0,28,8400.0,2022-02-12,,0,0.0
RIQ-07319,Basic,Fintech,Pune,Referral,Monthly,1,640.0,7680.0,1.0,9.0,10,5000.0,2022-01-26,2022-02-20,1,7680.0
RIQ-07320,Basic,Healthcare,Delhi,Organic Search,Monthly,15,850.0,10200.0,1.0,66.0,4,3100.0,2022-02-19,2023-05-10,1,10200.0
RIQ-07321,Basic,Fintech,Delhi,Referral,Annual,5,980.0,11760.0,2.0,57.0,1,4200.0,2023-06-15,,0,0.0
RIQ-07322,Basic,E-commerce,Chennai,Social Media,Annual,1,790.0,9480.0,3.0,57.0,10,2600.0,2022-02-08,2022-03-15,1,9480.0
RIQ-07323,Basic,Edtech,Pune,Email Campaign,Annual,3,530.0,6360.0,1.0,45.0,5,4100.0,2023-02-25,,0,0.0
RIQ-07324,Pro,Healthcare,Delhi,Email Campaign,Monthly,24,2390.0,28680.0,0.0,51.0,14,14200.0,2023-10-14,,0,0.0
RIQ-07325,Basic,E-commerce,Mumbai,Referral,Monthly,1,950.0,11400.0,0.0,31.0,4,3300.0,2023-04-04,2023-05-15,1,11400.0
RIQ-07326,Enterprise,E-commerce,Bengaluru,Social Media,Annual,5,5740.0,68880.0,3.0,86.0,19,35900.0,2022-12-22,,0,0.0
RIQ-07327,Pro,Edtech,Mumbai,Referral,Annual,5,1660.0,19920.0,4.0,68.0,12,11600.0,2023-04-14,2023-09-22,1,19920.0
RIQ-07328,Enterprise,Edtech,Bengaluru,Email Campaign,Monthly,10,8920.0,107040.0,1.0,69.0,18,32800.0,2022-09-27,,0,0.0
RIQ-07329,Basic,Edtech,Mumbai,Organic Search,Monthly,1,540.0,6480.0,0.0,44.0,3,2000.0,2022-06-26,2022-07-23,1,6480.0
RIQ-07330,Basic,E-commerce,Delhi,Email Campaign,Monthly,4,610.0,7320.0,1.0,45.0,10,3300.0,2022-09-23,2023-01-29,1,7320.0
RIQ-07331,Enterprise,Fintech,Hyderabad,Social Media,Monthly,4,7480.0,89760.0,1.0,92.0,17,39600.0,2022-05-03,,0,0.0
RIQ-07332,Basic,Fintech,Hyderabad,Referral,Monthly,5,930.0,11160.0,4.0,50.0,9,2300.0,2023-06-09,2023-11-11,1,11160.0
RIQ-07333,Basic,Edtech,Delhi,Social Media,Monthly,2,810.0,9720.0,1.0,41.0,3,2700.0,2022-02-28,2022-04-23,1,9720.0
RIQ-07334,Basic,E-commerce,Mumbai,Paid Search,Monthly,1,700.0,8400.0,3.0,47.0,6,3200.0,2023-10-27,2023-11-14,1,8400.0
RIQ-07335,Basic,Fintech,Pune,Direct,Annual,2,570.0,6840.0,1.0,47.0,6,4600.0,2023-08-01,,0,0.0
RIQ-07336,Enterprise,Healthcare,Delhi,Paid Search,Annual,13,8840.0,106080.0,1.0,61.0,21,59700.0,2022-08-20,,0,0.0
RIQ-07337,Pro,Edtech,Delhi,Paid Search,Monthly,2,2390.0,28680.0,0.0,46.0,16,9500.0,2023-07-20,,0,0.0
RIQ-07338,Basic,E-commerce,Bengaluru,Social Media,Monthly,2,590.0,7080.0,5.0,46.0,6,2700.0,2022-04-12,2022-06-24,1,7080.0
RIQ-07339,Enterprise,Healthcare,Hyderabad,Social Media,Annual,10,9200.0,110400.0,2.0,60.0,16,35900.0,2023-01-07,,0,0.0
RIQ-07340,Basic,Healthcare,Bengaluru,Referral,Monthly,9,750.0,9000.0,4.0,53.0,7,3000.0,2022-01-14,2022-10-18,1,9000.0
RIQ-07341,Pro,Fintech,Hyderabad,Social Media,Annual,8,1810.0,21720.0,2.0,47.0,16,9300.0,2022-02-07,,0,0.0
RIQ-07342,Basic,Fintech,Bengaluru,Direct,Annual,6,960.0,11520.0,,23.0,4,4000.0,2022-05-25,,0,0.0
RIQ-07343,Basic,Edtech,Bengaluru,Organic Search,Monthly,5,780.0,9360.0,2.0,47.0,10,3800.0,2023-06-07,2023-10-23,1,9360.0
RIQ-07344,Basic,E-commerce,Bengaluru,Email Campaign,Annual,2,690.0,8280.0,2.0,40.0,1,2600.0,2023-09-20,,0,0.0
RIQ-07345,Enterprise,Fintech,Mumbai,Social Media,Monthly,3,7070.0,84840.0,0.0,67.0,18,25600.0,2022-05-26,2022-09-08,1,84840.0
RIQ-07346,Basic,Healthcare,Bengaluru,Social Media,Monthly,6,710.0,8520.0,1.0,66.0,7,4400.0,2022-08-30,2023-02-13,1,8520.0
RIQ-07347,Basic,Healthcare,Hyderabad,Referral,Monthly,8,630.0,7560.0,0.0,23.0,12,3800.0,2023-06-30,2024-02-16,1,7560.0
RIQ-07348,Basic,Healthcare,Bengaluru,Organic Search,Monthly,19,670.0,8040.0,0.0,43.0,1,3900.0,2022-12-14,,0,0.0
RIQ-07349,Basic,Fintech,Mumbai,Email Campaign,Annual,11,870.0,10440.0,1.0,76.0,7,2500.0,2022-02-03,,0,0.0
RIQ-07350,Enterprise,E-commerce,Bengaluru,Paid Search,Monthly,5,9250.0,111000.0,0.0,71.0,30,38200.0,2022-05-18,2022-10-28,1,111000.0
RIQ-07351,Enterprise,Edtech,Mumbai,Organic Search,Annual,9,5400.0,64800.0,0.0,58.0,19,34500.0,2022-01-28,,0,0.0
RIQ-07352,Basic,E-commerce,Hyderabad,Organic Search,Monthly,11,960.0,11520.0,2.0,51.0,11,3200.0,2022-05-17,2023-04-20,1,11520.0
RIQ-07353,Basic,Fintech,Mumbai,Social Media,Monthly,2,730.0,8760.0,1.0,65.0,3,4000.0,2023-01-09,,0,0.0
RIQ-07354,Basic,Fintech,Delhi,Paid Search,Monthly,5,920.0,11040.0,4.0,45.0,4,2700.0,2022-10-16,2023-03-22,1,11040.0
RIQ-07355,Pro,Healthcare,Pune,Email Campaign,Monthly,3,1690.0,20280.0,0.0,90.0,16,13400.0,2022-09-02,2022-12-09,1,20280.0
RIQ-07356,Enterprise,E-commerce,Delhi,Paid Search,Annual,42,8310.0,99720.0,1.0,95.0,23,45500.0,2023-03-14,,0,0.0
RIQ-07357,Basic,Fintech,Chennai,Paid Search,Monthly,2,940.0,11280.0,1.0,38.0,1,3500.0,2023-03-09,2023-05-13,1,11280.0
RIQ-07358,Basic,Edtech,Mumbai,Social Media,Monthly,8,820.0,9840.0,4.0,75.0,4,2200.0,2022-05-20,2023-01-24,1,9840.0
RIQ-07359,Basic,Edtech,Chennai,Social Media,Annual,9,940.0,11280.0,3.0,23.0,12,3700.0,2022-10-30,2023-07-12,1,11280.0
RIQ-07360,Enterprise,Edtech,Delhi,Paid Search,Annual,1,7340.0,88080.0,1.0,54.0,19,23400.0,2023-07-26,,0,0.0
RIQ-07361,Pro,Edtech,Bengaluru,Social Media,Annual,47,2050.0,24600.0,1.0,16.0,10,13100.0,2023-04-26,,0,0.0
RIQ-07362,Basic,Edtech,Delhi,Paid Search,Monthly,45,820.0,9840.0,2.0,40.0,3,4600.0,2022-07-12,,0,0.0
RIQ-07363,Basic,Fintech,Bengaluru,Referral,Monthly,3,570.0,6840.0,0.0,55.0,9,3800.0,2022-08-05,,0,0.0
RIQ-07364,Pro,E-commerce,Pune,Referral,Monthly,12,1760.0,21120.0,0.0,39.0,14,10400.0,2023-01-04,,0,0.0
RIQ-07365,Pro,Fintech,Mumbai,Referral,Annual,1,1680.0,20160.0,3.0,52.0,13,10000.0,2023-04-13,,0,0.0
RIQ-07366,Pro,Healthcare,Hyderabad,Paid Search,Monthly,9,1660.0,19920.0,1.0,89.0,11,10700.0,2022-04-20,,0,0.0
RIQ-07367,Basic,Fintech,Mumbai,Social Media,Monthly,35,590.0,7080.0,1.0,16.0,1,4800.0,2022-04-13,,0,0.0
RIQ-07368,Basic,Healthcare,Bengaluru,Direct,Annual,13,1000.0,12000.0,4.0,34.0,1,4100.0,2022-08-21,,0,0.0
RIQ-07369,Enterprise,Healthcare,Bengaluru,Paid Search,Annual,4,9130.0,109560.0,1.0,92.0,21,54900.0,2023-07-02,,0,0.0
RIQ-07370,Basic,Edtech,Hyderabad,Social Media,Annual,5,590.0,7080.0,3.0,32.0,5,4200.0,2022-01-17,2022-06-25,1,7080.0
RIQ-07371,Pro,Healthcare,Bengaluru,Referral,Annual,7,2400.0,28800.0,2.0,37.0,17,11300.0,2023-10-03,,0,0.0
RIQ-07372,Basic,E-commerce,Pune,Email Campaign,Monthly,1,680.0,8160.0,1.0,31.0,1,3800.0,2023-05-31,2023-07-10,1,8160.0
RIQ-07373,Pro,Edtech,Delhi,Social Media,Annual,15,2380.0,28560.0,4.0,84.0,9,12500.0,2023-08-14,,0,0.0
RIQ-07374,Basic,Fintech,Chennai,Paid Search,Monthly,3,790.0,9480.0,1.0,37.0,1,2700.0,2023-06-23,2023-09-16,1,9480.0
RIQ-07375,Basic,Healthcare,Bengaluru,Email Campaign,Annual,2,990.0,11880.0,0.0,36.0,5,3200.0,2022-11-21,2023-01-14,1,11880.0
RIQ-07376,Basic,Fintech,Hyderabad,Organic Search,Monthly,6,850.0,10200.0,2.0,32.0,8,3800.0,2023-05-01,,0,0.0
RIQ-07377,Basic,E-commerce,Pune,Social Media,Monthly,6,720.0,8640.0,1.0,27.0,9,4000.0,2023-04-09,2023-10-07,1,8640.0
RIQ-07378,Pro,Fintech,Mumbai,Email Campaign,Monthly,18,2070.0,24840.0,2.0,74.0,21,9700.0,2023-03-21,,0,0.0
RIQ-07379,Basic,Fintech,Bengaluru,Social Media,Annual,5,940.0,11280.0,1.0,51.0,3,3000.0,2023-08-11,,0,0.0
RIQ-07380,Enterprise,E-commerce,Pune,Organic Search,Annual,2,6640.0,79680.0,0.0,100.0,23,24600.0,2023-08-23,,0,0.0
RIQ-07381,Basic,E-commerce,Chennai,Organic Search,Monthly,13,780.0,9360.0,0.0,37.0,4,2700.0,2023-03-25,2024-04-08,1,9360.0
RIQ-07382,Basic,Healthcare,Mumbai,Email Campaign,Monthly,6,520.0,6240.0,0.0,49.0,2,3400.0,2023-09-26,2024-03-17,1,6240.0
RIQ-07383,Basic,Fintech,Bengaluru,Organic Search,Monthly,11,570.0,6840.0,1.0,40.0,4,3500.0,2023-11-22,2024-10-08,1,6840.0
RIQ-07384,Basic,E-commerce,Mumbai,Social Media,Monthly,13,910.0,10920.0,3.0,56.0,9,4300.0,2022-10-27,,0,0.0
RIQ-07385,Pro,Edtech,Bengaluru,Referral,Annual,12,1990.0,23880.0,0.0,64.0,8,10300.0,2023-04-21,2024-04-18,1,23880.0
RIQ-07386,Basic,Edtech,Mumbai,Email Campaign,Annual,17,580.0,6960.0,3.0,31.0,12,2100.0,2022-05-19,2023-09-26,1,6960.0
RIQ-07387,Basic,Edtech,Mumbai,Referral,Monthly,13,890.0,10680.0,3.0,20.0,1,4200.0,2022-04-10,,0,0.0
RIQ-07388,Basic,Healthcare,Delhi,Referral,Monthly,9,830.0,9960.0,1.0,43.0,11,2200.0,2023-09-03,,0,0.0
RIQ-07389,Basic,Edtech,Bengaluru,Paid Search,Monthly,2,740.0,8880.0,2.0,59.0,11,2300.0,2023-08-24,2023-10-18,1,8880.0
RIQ-07390,Basic,E-commerce,Bengaluru,Direct,Monthly,9,880.0,10560.0,3.0,59.0,19,4100.0,2023-08-02,,0,0.0
RIQ-07391,Pro,Fintech,Bengaluru,Email Campaign,Monthly,17,2280.0,27360.0,1.0,58.0,14,6100.0,2022-01-15,,0,0.0
RIQ-07392,Basic,Healthcare,Bengaluru,Organic Search,Annual,11,810.0,9720.0,3.0,23.0,6,3500.0,2022-12-28,,0,0.0
RIQ-07393,Basic,Fintech,Hyderabad,Referral,Monthly,3,580.0,6960.0,2.0,36.0,4,4600.0,2022-06-28,2022-09-26,1,6960.0
RIQ-07394,Pro,E-commerce,Bengaluru,Direct,Monthly,8,2470.0,29640.0,0.0,72.0,20,9800.0,2023-08-27,,0,0.0
RIQ-07395,Basic,Edtech,Mumbai,Organic Search,Monthly,5,560.0,6720.0,3.0,34.0,8,3500.0,2022-11-01,2023-04-11,1,6720.0
RIQ-07396,Pro,E-commerce,Bengaluru,Email Campaign,Monthly,25,1840.0,22080.0,1.0,70.0,13,10200.0,2023-04-13,,0,0.0
RIQ-07397,Basic,Edtech,Mumbai,Social Media,Monthly,8,530.0,6360.0,0.0,34.0,9,4600.0,2023-10-31,2024-06-18,1,6360.0
RIQ-07398,Basic,Fintech,Delhi,Organic Search,Monthly,5,620.0,7440.0,1.0,65.0,3,3300.0,2022-08-26,2023-02-07,1,7440.0
RIQ-07399,Enterprise,Edtech,Bengaluru,Social Media,Annual,7,7420.0,89040.0,0.0,44.0,21,51500.0,2023-03-31,,0,0.0
RIQ-07400,Pro,Healthcare,Mumbai,Referral,Monthly,45,1630.0,19560.0,1.0,89.0,15,10300.0,2022-12-09,,0,0.0
RIQ-07401,Pro,E-commerce,Bengaluru,Organic Search,Monthly,37,2160.0,25920.0,2.0,42.0,16,11800.0,2022-01-10,,0,0.0
RIQ-07402,Basic,Edtech,Bengaluru,Organic Search,Monthly,1,550.0,6600.0,1.0,44.0,1,4700.0,2022-01-02,2022-02-01,1,6600.0
RIQ-07403,Enterprise,Fintech,Chennai,Social Media,Annual,11,8140.0,97680.0,0.0,70.0,25,23400.0,2023-06-07,,0,0.0
RIQ-07404,Basic,Healthcare,Bengaluru,Paid Search,Monthly,31,830.0,9960.0,4.0,61.0,3,3800.0,2023-08-14,,0,0.0
RIQ-07405,Basic,E-commerce,Delhi,Paid Search,Monthly,8,700.0,8400.0,2.0,42.0,1,3800.0,2023-02-27,,0,0.0
RIQ-07406,Enterprise,E-commerce,Chennai,Organic Search,Annual,23,7370.0,88440.0,0.0,100.0,16,26800.0,2022-04-03,,0,0.0
RIQ-07407,Enterprise,E-commerce,Delhi,Email Campaign,Annual,54,8840.0,106080.0,1.0,95.0,24,52400.0,2023-01-13,,0,0.0
RIQ-07408,Pro,E-commerce,Delhi,Referral,Annual,5,2280.0,27360.0,1.0,40.0,17,9100.0,2022-02-21,,0,0.0
RIQ-07409,Pro,Fintech,Delhi,Social Media,Annual,2,2430.0,29160.0,2.0,48.0,7,7300.0,2023-08-10,,0,0.0
RIQ-07410,Pro,Fintech,Delhi,Organic Search,Monthly,60,2030.0,24360.0,0.0,76.0,10,8900.0,2023-01-24,,0,0.0
RIQ-07411,Pro,Fintech,Bengaluru,Organic Search,Annual,11,2470.0,29640.0,2.0,85.0,16,12000.0,2022-04-06,,0,0.0
RIQ-07412,Enterprise,Healthcare,Pune,Paid Search,Annual,11,8440.0,101280.0,1.0,51.0,25,53600.0,2023-10-31,,0,0.0
RIQ-07413,Basic,E-commerce,Hyderabad,Organic Search,Monthly,1,630.0,7560.0,5.0,57.0,2,4000.0,2023-03-02,2023-04-09,1,7560.0
RIQ-07414,Basic,Fintech,Mumbai,Social Media,Monthly,6,690.0,8280.0,1.0,52.0,8,4100.0,2022-09-24,2023-03-27,1,8280.0
RIQ-07415,Basic,E-commerce,Hyderabad,Referral,Monthly,11,700.0,8400.0,1.0,52.0,6,2300.0,2022-08-31,,0,0.0
RIQ-07416,Pro,Healthcare,Mumbai,Direct,Annual,33,2460.0,29520.0,3.0,57.0,14,12300.0,2023-03-28,,0,0.0
RIQ-07417,Basic,Edtech,Pune,Organic Search,Monthly,1,790.0,9480.0,1.0,44.0,6,3000.0,2022-02-09,2022-03-14,1,9480.0
RIQ-07418,Pro,Healthcare,Pune,Paid Search,Monthly,19,1890.0,22680.0,2.0,62.0,24,6600.0,2023-02-15,2024-08-29,1,22680.0
RIQ-07419,Basic,Edtech,Mumbai,Email Campaign,Monthly,1,690.0,8280.0,1.0,39.0,4,5000.0,2022-05-01,2022-06-10,1,8280.0
RIQ-07420,Basic,Healthcare,Pune,Direct,Monthly,6,630.0,7560.0,2.0,31.0,1,3400.0,2023-04-02,2023-09-30,1,7560.0
RIQ-07421,Basic,E-commerce,Hyderabad,Direct,Annual,1,860.0,10320.0,5.0,47.0,5,4600.0,2023-10-26,2023-11-11,1,10320.0
RIQ-07422,Pro,Edtech,Bengaluru,Paid Search,Annual,14,1590.0,19080.0,3.0,64.0,12,13800.0,2023-11-01,,0,0.0
RIQ-07423,Enterprise,Fintech,Bengaluru,Paid Search,Monthly,60,9370.0,112440.0,2.0,73.0,18,45200.0,2023-05-03,,0,0.0
RIQ-07424,Basic,Edtech,Chennai,Email Campaign,Monthly,2,800.0,9600.0,1.0,45.0,7,2500.0,2023-01-09,2023-03-24,1,9600.0
RIQ-07425,Basic,Edtech,Hyderabad,Organic Search,Annual,4,880.0,10560.0,1.0,30.0,2,3000.0,2023-09-02,,0,0.0
RIQ-07426,Enterprise,Edtech,Pune,Email Campaign,Annual,17,7300.0,87600.0,2.0,61.0,19,43700.0,2022-03-04,,0,0.0
RIQ-07427,Basic,Edtech,Mumbai,Organic Search,Monthly,12,860.0,10320.0,2.0,38.0,1,2300.0,2022-02-07,2023-02-02,1,10320.0
RIQ-07428,Pro,E-commerce,Chennai,Paid Search,Monthly,4,2100.0,25200.0,1.0,25.0,15,14400.0,2023-09-16,,0,0.0
RIQ-07429,Basic,Fintech,Pune,Social Media,Monthly,10,850.0,10200.0,3.0,42.0,2,4900.0,2022-07-07,,0,0.0
RIQ-07430,Basic,Fintech,Hyderabad,Organic Search,Monthly,11,830.0,9960.0,3.0,32.0,1,2700.0,2023-08-11,2024-06-28,1,9960.0
RIQ-07431,Basic,Fintech,Bengaluru,Direct,Annual,3,990.0,11880.0,2.0,31.0,7,3700.0,2023-02-05,2023-05-07,1,11880.0
RIQ-07432,Pro,Healthcare,Pune,Social Media,Monthly,59,1520.0,18240.0,2.0,94.0,8,12800.0,2022-03-07,,0,0.0
RIQ-07433,Basic,Fintech,Mumbai,Organic Search,Annual,8,640.0,7680.0,1.0,19.0,3,3500.0,2023-01-04,,0,0.0
RIQ-07434,Pro,Healthcare,Hyderabad,Organic Search,Monthly,45,2110.0,25320.0,0.0,50.0,10,12300.0,2022-03-11,2025-11-21,1,25320.0
RIQ-07435,Basic,Fintech,Bengaluru,Paid Search,Monthly,18,530.0,6360.0,2.0,64.0,3,3100.0,2023-08-28,,0,0.0
RIQ-07436,basic,Healthcare,Hyderabad,Direct,Monthly,1,720.0,8640.0,3.0,48.0,4,3700.0,2023-01-09,2023-02-03,1,8640.0
RIQ-07437,Basic,Edtech,Bengaluru,Organic Search,Monthly,6,680.0,8160.0,2.0,69.0,1,3600.0,2022-05-13,2022-11-16,1,8160.0
RIQ-07438,Pro,Fintech,Bengaluru,Email Campaign,Annual,1,2370.0,28440.0,1.0,54.0,14,13100.0,2023-03-24,,0,0.0
RIQ-07439,Enterprise,Edtech,Hyderabad,Organic Search,Annual,2,5740.0,68880.0,1.0,88.0,30,29400.0,2022-07-01,,0,0.0
RIQ-07440,Basic,Edtech,Pune,Organic Search,Monthly,1,970.0,11640.0,3.0,26.0,3,3300.0,2023-07-11,2023-08-22,1,11640.0
RIQ-07441,Basic,E-commerce,Delhi,Direct,Monthly,17,860.0,10320.0,2.0,48.0,5,3100.0,2022-07-18,,0,0.0
RIQ-07442,Basic,Edtech,Delhi,Paid Search,Monthly,5,650.0,7800.0,3.0,63.0,1,3600.0,2022-06-10,2022-11-05,1,7800.0
RIQ-07443,Basic,Fintech,Bengaluru,Paid Search,Monthly,18,630.0,7560.0,2.0,33.0,14,3100.0,2022-10-11,2024-04-09,1,7560.0
RIQ-07444,Basic,E-commerce,Bengaluru,Paid Search,Monthly,4,950.0,11400.0,1.0,84.0,9,4300.0,2022-09-09,2022-12-26,1,11400.0
RIQ-07445,Basic,Fintech,Delhi,Paid Search,Monthly,7,770.0,9240.0,4.0,73.0,8,4100.0,2022-12-28,2023-08-03,1,9240.0
RIQ-07446,Enterprise,Healthcare,Delhi,Paid Search,Annual,5,7700.0,92400.0,2.0,69.0,15,57400.0,2022-11-20,,0,0.0
RIQ-07447,Basic,E-commerce,Bengaluru,Paid Search,Monthly,7,670.0,8040.0,0.0,74.0,7,4200.0,2022-01-27,,0,0.0
RIQ-07448,Pro,Edtech,Chennai,Referral,Annual,60,1510.0,18120.0,1.0,80.0,8,6000.0,2023-06-27,,0,0.0
RIQ-07449,Basic,E-commerce,Mumbai,Organic Search,Monthly,10,780.0,9360.0,2.0,24.0,5,4500.0,2023-11-28,,0,0.0
RIQ-07450,Pro,E-commerce,Mumbai,Social Media,Monthly,60,2470.0,29640.0,1.0,60.0,12,6700.0,2022-09-17,,0,0.0
RIQ-07451,Basic,Fintech,Mumbai,Social Media,Annual,12,760.0,9120.0,2.0,28.0,8,4900.0,2023-07-16,,0,0.0
RIQ-07452,Pro,Edtech,Delhi,Social Media,Annual,23,2280.0,27360.0,0.0,60.0,19,8200.0,2022-10-30,2024-09-16,1,27360.0
RIQ-07453,Basic,Edtech,Chennai,Paid Search,Monthly,1,650.0,7800.0,1.0,23.0,1,2800.0,2023-03-31,2023-04-29,1,7800.0
RIQ-07454,Enterprise,Healthcare,Bengaluru,Paid Search,Monthly,36,5990.0,71880.0,1.0,97.0,23,51700.0,2023-05-07,2026-04-24,1,71880.0
RIQ-07455,Basic,Fintech,Bengaluru,Social Media,Annual,4,960.0,11520.0,1.0,41.0,1,4800.0,2023-03-17,,0,0.0
RIQ-07456,Basic,Edtech,Pune,Social Media,Monthly,1,960.0,11520.0,3.0,41.0,3,2500.0,2022-12-20,2023-01-04,1,11520.0
RIQ-07457,Pro,Edtech,Delhi,Social Media,Annual,25,2390.0,28680.0,0.0,63.0,10,14900.0,2023-05-26,,0,0.0
RIQ-07458,Pro,Healthcare,Mumbai,Social Media,Monthly,29,2460.0,29520.0,2.0,62.0,21,6100.0,2022-04-29,,0,0.0
RIQ-07459,Basic,E-commerce,Hyderabad,Social Media,Monthly,11,500.0,6000.0,3.0,45.0,1,4300.0,2023-04-30,2024-03-14,1,6000.0
RIQ-07460,Pro,E-commerce,Bengaluru,Organic Search,Annual,14,2410.0,28920.0,2.0,68.0,12,11400.0,2023-08-01,,0,0.0
RIQ-07461,Pro,E-commerce,Delhi,Referral,Annual,6,2450.0,29400.0,1.0,75.0,16,14800.0,2023-05-14,,0,0.0
RIQ-07462,Basic,E-commerce,Pune,Referral,Monthly,1,510.0,6120.0,0.0,52.0,1,4200.0,2023-06-30,2023-08-08,1,6120.0
RIQ-07463,Basic,Fintech,Delhi,Organic Search,Annual,6,780.0,9360.0,1.0,78.0,1,4300.0,2023-03-26,,0,0.0
RIQ-07464,Basic,E-commerce,Mumbai,Referral,Monthly,1,690.0,8280.0,1.0,41.0,5,3800.0,2023-01-09,2023-01-30,1,8280.0
RIQ-07465,Basic,Fintech,Pune,Paid Search,Monthly,13,760.0,9120.0,2.0,22.0,10,3500.0,2022-11-03,,0,0.0
RIQ-07466,Basic,Fintech,Mumbai,Social Media,Annual,3,950.0,11400.0,5.0,54.0,13,2300.0,2023-01-06,2023-04-05,1,11400.0
RIQ-07467,Pro,Edtech,Hyderabad,Direct,Monthly,9,2030.0,24360.0,1.0,61.0,17,13100.0,2022-09-26,,0,0.0
RIQ-07468,Enterprise,Edtech,Mumbai,Social Media,Monthly,14,6950.0,83400.0,1.0,78.0,13,27200.0,2023-03-22,,0,0.0
RIQ-07469,Pro,Healthcare,Chennai,Direct,Annual,46,1980.0,23760.0,2.0,24.0,9,8500.0,2023-05-04,,0,0.0
RIQ-07470,Basic,Healthcare,Hyderabad,Paid Search,Monthly,5,580.0,6960.0,4.0,13.0,8,3500.0,2022-05-26,2022-10-15,1,6960.0
RIQ-07471,Basic,Edtech,Hyderabad,Referral,Monthly,6,690.0,8280.0,2.0,48.0,3,4600.0,2022-03-16,2022-09-22,1,8280.0
RIQ-07472,Basic,Fintech,Hyderabad,Social Media,Annual,2,880.0,10560.0,1.0,48.0,11,3400.0,2023-06-16,,0,0.0
RIQ-07473,Pro,E-commerce,Mumbai,Organic Search,Monthly,4,2170.0,26040.0,0.0,77.0,9,7700.0,2022-08-15,,0,0.0
RIQ-07474,Basic,E-commerce,Mumbai,Referral,Annual,4,820.0,9840.0,4.0,28.0,9,4800.0,2022-01-30,,0,0.0
RIQ-07475,Basic,Edtech,Chennai,Direct,Monthly,10,640.0,7680.0,3.0,35.0,1,2700.0,2022-04-27,2023-02-20,1,7680.0
RIQ-07476,Basic,Healthcare,Hyderabad,Organic Search,Annual,10,520.0,6240.0,0.0,45.0,13,2200.0,2023-08-04,,0,0.0
RIQ-07477,Pro,E-commerce,Chennai,Social Media,Monthly,7,1680.0,20160.0,0.0,85.0,16,12700.0,2023-02-23,2023-09-10,1,20160.0
RIQ-07478,Basic,Healthcare,Chennai,Referral,Annual,1,990.0,11880.0,1.0,41.0,9,2700.0,2022-07-12,2022-08-15,1,11880.0
RIQ-07479,Basic,Edtech,Mumbai,Social Media,Monthly,12,890.0,10680.0,2.0,60.0,3,2700.0,2023-02-21,2024-02-11,1,10680.0
RIQ-07480,Basic,Fintech,Hyderabad,Social Media,Annual,12,940.0,11280.0,4.0,61.0,13,3800.0,2023-01-13,,0,0.0
RIQ-07481,Pro,Edtech,Mumbai,Email Campaign,Monthly,32,2320.0,27840.0,1.0,56.0,13,11100.0,2023-11-18,,0,0.0
RIQ-07482,Basic,E-commerce,Delhi,Paid Search,Monthly,6,580.0,6960.0,3.0,62.0,4,4100.0,2022-07-10,2023-01-14,1,6960.0
RIQ-07483,Pro,Fintech,Chennai,Direct,Monthly,60,2020.0,24240.0,1.0,80.0,24,11700.0,2023-07-28,,0,0.0
RIQ-07484,Basic,E-commerce,Mumbai,Referral,Monthly,2,750.0,9000.0,2.0,78.0,5,2400.0,2023-07-20,,0,0.0
RIQ-07485,Pro,Edtech,Mumbai,Social Media,Monthly,60,1690.0,20280.0,0.0,70.0,17,11300.0,2023-03-12,,0,0.0
RIQ-07486,Pro,Fintech,Chennai,Email Campaign,Annual,7,1720.0,20640.0,0.0,62.0,19,12500.0,2023-10-19,,0,0.0
RIQ-07487,Pro,Edtech,Chennai,Paid Search,Monthly,18,2340.0,28080.0,2.0,65.0,25,10500.0,2023-02-26,,0,0.0
RIQ-07488,Basic,Healthcare,Mumbai,Social Media,Annual,10,750.0,9000.0,3.0,50.0,7,4800.0,2022-11-30,,0,0.0
RIQ-07489,Basic,Fintech,Delhi,Email Campaign,Monthly,5,880.0,10560.0,1.0,43.0,10,2800.0,2023-10-21,2024-03-13,1,10560.0
RIQ-07490,Basic,Fintech,Pune,Social Media,Annual,19,850.0,10200.0,1.0,42.0,3,3200.0,2023-09-08,,0,0.0
RIQ-07491,Basic,Fintech,Mumbai,Paid Search,Monthly,7,860.0,10320.0,2.0,75.0,1,2200.0,2022-01-28,2022-09-01,1,10320.0
RIQ-07492,Enterprise,Healthcare,Hyderabad,Organic Search,Annual,43,8550.0,102600.0,2.0,62.0,17,40700.0,2022-06-01,,0,0.0
RIQ-07493,Pro,Edtech,Mumbai,Social Media,Annual,11,1840.0,22080.0,0.0,100.0,14,11600.0,2023-01-31,2023-12-19,1,22080.0
RIQ-07494,Basic,Fintech,Hyderabad,Referral,Monthly,23,870.0,10440.0,4.0,68.0,2,3500.0,2023-03-12,,0,0.0
RIQ-07495,Basic,E-commerce,Bengaluru,Social Media,Annual,4,600.0,7200.0,2.0,45.0,6,4300.0,2023-07-19,2023-11-27,1,7200.0
RIQ-07496,Basic,Fintech,Mumbai,Social Media,Monthly,16,580.0,6960.0,0.0,10.0,7,3700.0,2023-10-15,2025-02-01,1,6960.0
RIQ-07497,Basic,E-commerce,Hyderabad,Social Media,Monthly,4,920.0,11040.0,3.0,62.0,10,4000.0,2023-07-21,2023-11-17,1,11040.0
RIQ-07498,Basic,Edtech,Hyderabad,Social Media,Annual,10,650.0,7800.0,2.0,49.0,3,3000.0,2023-05-22,,0,0.0
RIQ-07499,Enterprise,Healthcare,Delhi,Paid Search,Annual,4,7750.0,93000.0,0.0,51.0,26,33500.0,2022-01-03,,0,0.0
RIQ-07500,Basic,E-commerce,Pune,Email Campaign,Monthly,4,810.0,9720.0,2.0,44.0,4,3600.0,2022-05-26,2022-09-21,1,9720.0
